:080000000000012001040300CF
:020000022000DC
:10FC000080B500AF72B60E4B50221A700C4B7222A8
:10FC10005A700B4B6F229A70094B6722DA70084BAF
:10FC200053221A71064B69225A71054B67229A7149
:10FC3000034B6E22DA7113F0BBFE00BF80BD00BF24
:04FC40000004FF1F9E
:020000023000CC
:100020000000012001040300937403009F74030087
:10003000AB740300B7740300C37403008D74030032
:100040008D7403008D7403008D740300CF7403005E
:10005000DB7403008D740300E7740300D5390400DA
:10006000839A0300919A03009F9A0300AD9A0300BC
:10007000BB9A0300C99A0300D79A0300E59A0300CC
:10008000F39A0300019B03000F9B03001D9B0300D9
:100090002B9B0300399B0300479B0300559B0300E8
:1000A000639B0300F37403004532040065320400CF
:1000B000FF7403000B75030017750300237503001D
:1000C0002F7503003B75030047750300537503004C
:1000D0005F7503006B75030077750300837503007C
:1000E0008D7403008F7503008D7403009B750300EE
:1000F0008D7403008D7403008D740300A7750300D5
:10010000B3750300BF7503008D7403008D74030085
:10011000CB7503008D740300D7750300E3750300EE
:10012000EF750300FB7503000776030013760300E9
:100130001F7603008D7403008D7403008D7403001B
:100140008D7403002B76030037760300437603009B
:100150004F7603005B760300677603007376030037
:100160008D7403008D7403008D7403008D7403007F
:100170007F7603008D7403008D7403008D7403007B
:100180008D7403008D7403008D7403008D7403005F
:100190008D7403008D7403002BBF030039BF03006F
:1001A00047BF030055BF030067BF030079BF0300CB
:1001B0008BBF03009DBF0300ABBF0300B9BF0300AB
:1001C000C7BF0300D9BF0300EBBF0300FDBF03009F
:1001D0000FC003001DC003002BC0030039C0030083
:1001E0004BC003005DC003006FC003008B760300AB
:1001F00097760300A3760300AF760300BB76030077
:10020000C7760300D3760300DF760300EB760300A6
:10021000F7760300037703000F7703001B770300D3
:1002200027770300337703003F7703004B77030002
:1002300057770300637703006F7703007B77030032
:1002400087770300937703009F770300AB77030062
:10025000B7770300C3770300CF770300DB77030092
:10026000E7770300F3770300FF7703000B780300C1
:1002700017780300237803002F7803008D740300A0
:100280008D7403008D7403008D7403008D7403005E
:100290008D7403008D7403008D7403008D7403004E
:1002A0008D7403008D7403008D7403008D7403003E
:1002B0008D7403008D7403008D7403008D7403002E
:1002C0008D7403008D7403008D7403008D7403001E
:1002D0003B78030047780300537803005F780300FE
:1002E0006B78030077780300837803008F7803002E
:1002F0009B780300A7780300B3780300BF7803005E
:10030000CB780300D7780300E378030081C00300B3
:100310008FC003009DC00300ABC00300BDC003003D
:100320008D7403008D740300CFC00300DDC0030093
:10033000EBC00300F9C003000BC103008D74030080
:100340008D7403001DC103002BC1030039C10300DC
:0C03500047C1030059C10300EF7803000F
:1004000072B64FF000014FF000024FF000034FF0C2
:1004100000044FF000054FF000064FF00007B8460B
:10042000B946BA46BB46BC4602F04CFC0648854677
:100430000648804706488047064880470648804768
:1004400062B606F06BFEFEE700000120297903008A
:0C04500025740300653904004D7B030097
:100800005357412E302E350000000000000000003C
:100810004656323941000000393236323330312DFC
:0C082000464530310000000000000000E0
:100900001E1F000006000000E1FF13004857412EA3
:10091000302E310000000000000000000000000048
:1009200000000000000000010001000001000500BF
:1009300000366E0100000000000000000080000092
:1009400001000A010000020200000105010100008F
:100950001502400101010000000500030101000033
:100960004006C003010100004001C000003001400A
:100970000C00000000000000020000000000000069
:100980000011014000000000003001400D00000097
:100990000000000002000000000000000011014003
:1009A00000000000003001400E00000000000000C8
:1009B00002000000000000000011014000000000E3
:1009C000003001400F0000000000000002000000A5
:1009D0000000000000110140000000000030014054
:1009E00010000000000000000200000000000000F5
:1009F0000011014000000000003001401100000023
:100A00000000000002000000000000000011014092
:100A10000000000000200140020000000000000073
:100A20000000000000000000001001400000000075
:100A30000020014003000000000000000000000052
:100A400000000000001001400000000000500140C4
:100A50000200000000000000000000000000000094
:100A600000130140000000000030014003000000BE
:100A70000000000000000000000000000011014024
:100A800000000000003001400200000000000000F3
:100A90000000000000000000001101400000000004
:100AA00000500140030000000000000000000000B2
:100AB0000000000000130140000000000020014081
:100AC0000000000000000000000000000000000026
:100AD0000010014000000000002001400100000063
:100AE00000000000000000000000000000100140B5
:100AF000000000000020014006000000000000008F
:100B00000000000000000000001001400000000094
:100B1000002001400700000000000000000000006D
:100B20000000000000100140000000000030014003
:100B300000000000000000000000000000000000B5
:100B400000110140000000000030014001000000E1
:100B50000000000000000000000000000011014043
:100B600000000000004001400E00000000000000F6
:100B70000000000000000000001201400000000022
:100B8000004001400F0000000000000000000000D5
:100B90000000000000120140000000000040014081
:100BA0000000000000000000000000000000000045
:100BB0000012014000000000004001400100000060
:100BC00000000000000000000000000000120140D2
:100BD0000000000000400140020000000000000092
:100BE00000000000000000000012014000000000B2
:100BF0000040014003000000000000000000000071
:100C00000000000000120140000000000030014020
:100C100008000000000000000200000000000000CA
:100C200000110140000000000030014009000000F8
:100C30000000000002000000000000000011014060
:100C400000000000003001400A0000000000000029
:100C50000200000000000000001101400000000040
:100C6000005001400B0000000000000002000000E6
:100C7000000000000013014000000000005001408F
:100C80000C00000000000000020000000000000056
:100C9000001301400000000000500140050000006A
:100CA00000000000020000000000000000130140EE
:100CB00000000000006001400D0000000000000086
:100CC00001000000000000000014014001000000CD
:100CD000006001400500000000000000010000006D
:100CE000000000000014014001000000006001400D
:100CF00004000000000000000100000000000000EF
:100D00000014014001000000006001400E000000DE
:100D1000010000000100000000000000001401407C
:100D2000000000000060014003000000010000001E
:100D3000010000000000000000140140000000005D
:100D40000050014010000000000000000100000001
:100D500000000000001301400101000000500140AC
:100D60000F00000000000000010000000000000073
:100D700000130140010000000020014010000000AD
:100D80000000000001000000000000000010014011
:100D900001010000005001400600000000000000BA
:100DA00001000000000000000013014001000000ED
:100DB000005001400A000000000000000100000097
:100DC000000000000013014000000000005001403E
:100DD000080000000000000001000000000000000A
:100DE0000013014001000000006001400700000006
:100DF000000000000100000000000000001401409D
:100E0000010000000020014011000000000000006F
:100E1000010000000000000000100140010000007F
:100E2000005001400400000001000000010000002B
:100E300000000000001301400000000000200140FD
:100E40000F00000001000000010000000000000091
:100E5000001001400000000000600140060000009A
:100E6000010000000100000000000000001401402B
:100E700000000000006001400200000000000000CF
:100E8000010000000000000000140140010000000B
:100E9000002001400B0000000000000001000000E5
:100EA000000000000010014001000000006001404F
:100EB0000100000000000000010000000000000030
:100EC000001401400101000000600140000000002A
:100ED00001000000010000000000000000140140BB
:100EE00000000000002001400D0000000000000094
:100EF000030000000000000000100140000000009E
:100F0000002001400C000000000000000300000071
:100F100000000000001001400000000000500140EF
:100F200007000000000000000100000000000000B9
:100F30000013014001000000983BFF1F64D1050031
:100F4000F4D2050001000000283DFF1FF8D2050083
:100F500028E5050001000000584FFF1F04000800AD
:100F60000400080001000000584FFF1F080008009F
:100F700008000800010000000005FF1F983BFF1F4C
:100F80000100000020000000000000000000000040
:100F90000400000006000000020000000200000043
:100FA0000100000006000000020000000100000037
:100FB0000000000001000000000000000000000030
:100FC00000000000000000001710000001000000F9
:100FD000C80F030001000000F40100000001000040
:100FE00001000000666666060001000000000000C7
:100FF00000300A00000000000100000000010702AC
:101000000304050C080100000000000000000000BF
:10101000FF0F00000000000000300200000000018F
:1010200001000000020100000000000003010100B7
:101030000000000000000000FF0F000000000000A2
:10104000003028000000000001000000090A0B0029
:10105000000000000301000000000000000000008C
:10106000FF0F000000000000000000010000000071
:1010700000000000C0270900000000000000000080
:101080000000000000040000080000000000100044
:101090000100000001000000000400000004000046
:1010A0000800000000041000010000000200000021
:1010B0000008000000040000080000000008100004
:1010C0000100000003000000000C0000000400000C
:1010D00008000000000C10000100000004000000E7
:1010E00000100000000400000800000000101000C4
:1010F00001000000050000000014000000040000D2
:1011000008000000001410000100000006000000AC
:101110000018000000040000080000000018100083
:101120000100000007000000001C00000004000097
:1011300008000000001C100001000000000000007A
:1011400000000000DD15040051160400000000003E
:101150000002000000010000800000000800000004
:10116000080000007C100300000000007446FF1F10
:1011700004000000800000009446FF1F04000000EF
:1011800080000000010060000001FF00100060000E
:101190000000FF00200060000000FF003000600041
:1011A0000000FF00400060000101FF0050006000EF
:1011B0000100FF00600060000100FF00700060009F
:1011C0000100FF00080002006C11030084110300FD
:1011D0003C11030008000F00100011001200130062
:1011E0001400150016001B001C001D001E001F002F
:1011F00020002300240025002A002B002C002D00B5
:101200002E002F003000340038003C003D003E002E
:1012100040004100430046004700480049004A00A2
:101220004B004C004D004E0054005A005D00600021
:10123000610062006500660067006A006B00710073
:10124000720077007B007C007E007F0080008100C0
:101250008200830084008500860087008800890062
:101260000000010002000300040005000600070062
:10127000080009000A000B000C000D000E000F0012
:1012800000000340004003400080034000C00340D2
:1012900000D0034000E00340500057005E00AD0066
:1012A000B400BB004F0056005D00AC00B300BA00B4
:1012B0004E0055005C00AB00B200B9005100580070
:1012C0005F00AE00B500BC00520059006000AF00E6
:1012D000B600BD0053005A00610080FF80FF80FF10
:1012E00054005B00620080FF80FF80FF010101016C
:1012F00001010000010101000000000000000340A6
:10130000004003400080034000C0034000D0034081
:1013100000E00340400000004000000040000000EA
:10132000200000002000000020000000000003401A
:10133000004003400080034000C0034000D0034051
:1013400000E0034001010101010100000000034031
:10135000004003400080034000C0034000D0034031
:1013600000E00340010101000000000030003100F6
:10137000320033000090044000A0044000B004405C
:1013800000C0044000D0044000E004400808080801
:101390000808000000000440001004401300000092
:1013A0000000000053572E312E312E332E42000004
:1013B00056312E3256312E3056312E30000000007C
:1013C000E815FF1F0000000001010000EA15FF1FE3
:1013D0000000000002020000EC15FF1F00000000EA
:1013E00003000000D015FF1F0000000004010000F2
:1013F000D215FF1F0000000005070000D415FF1FD5
:101400000000000006020000D615FF1F00000000CB
:1014100007030000D815FF1F0000000008040000AB
:10142000DA15FF1F0000000009050000DC15FF1F92
:10143000000000000A0C0000DE15FF1F0000000085
:101440000B090000E015FF1F000000000C0A00005F
:10145000E215FF1F000000000D0B0000E415FF1F48
:1014600000000000040000007D540400040100009E
:101470007D540400040200007D54040004010000B7
:101480007D540400040000007D54040004000000AA
:101490007D540400040000007D540400040000009A
:1014A0007D540400040000007D540400040000008A
:1014B0007D540400040000007D540400040000007A
:1014C0007D540400040000007D540400040000006A
:1014D0007D54040093000000C08A0000688300006F
:1014E0007E7C000002760000EA6F00002C6A00009B
:1014F000BE640000A05F0000D25A00004A560000FF
:10150000FE510000F84D0000244A00008C46000007
:1015100026430000E83F0000DC3C0000F8390000F2
:1015200046370000B23400003C320000EE2F0000CD
:10153000BE2D0000AC2B0000AE290000D827000013
:101540000F26000060240000C72200004221000096
:10155000D01F0000701E0000221D0000E31B0000D1
:10156000B41A000094190000811800007C170000D4
:101570008316000095150000B3140000DE13000070
:10158000141300005212000098110000E710000030
:101590003D1000009B0F0000FF0E00006A0E0000CF
:1015A000DC0D0000530D0000D10C0000530C0000B6
:1015B000DB0B0000680B0000FA0A0000900A000034
:1015C0002B0A0000CA0900006D0900001309000081
:1015D000BD0800006B0800001C080000D0070000D8
:1015E0008707000041070000FE060000BD0600005E
:1015F0007F060000440600000B060000D405000032
:101600009F0500006C0500003B0500007005000010
:10161000DF040000B304000089040000610400003E
:101620003A04000015040000F1030000CE0300009E
:10163000AD0300008D0300006E03000050030000A6
:101640003403000019030000FF020000E60200005E
:10165000CE020000B6020000A00200008B020000D3
:1016600076020000620200004E0200003C02000010
:101670002A0200001902000008020000F801000020
:10168000E8010000D9010000CB010000BD0100000D
:10169000AF010000A2010000960100008A010000D5
:1016A0007E01000073010000680100005D01000080
:1016B00053010000490100003F0100003601000015
:1016C0002D010000250100001C0100001401000094
:1016D0000C01000005010000FE000000F700000002
:1016E000F0000000E9000000E3000000DD00000061
:1016F000D7000000D1000000CB000000C6000000B1
:10170000C0000000BB000000B6000000B1000000F7
:10171000AD000000A8000000A4000000A000000030
:101720009C00000093000000D8E3020064BC0200AB
:10173000AC97020084740200B4530200D834020053
:10174000F017020034FC01006CE2010034CA010011
:1017500028B30100489D0100F88801008E75010042
:1017600046630100F8510100A44101002C32010040
:1017700090230100B21501009C0801001CFC000030
:1017800046F0000006E5000066DA00005CD00000CC
:10179000CAC60000C4BD00002CB5000002AD0000A8
:1017A00046A50000EE9D0000FA960000569000004D
:1017B0000C8A0000128400005E7E0000F0780000B9
:1017C000C8730000E66E0000366A0000C2650000C3
:1017D000806100007A5D00009C590000F055000017
:1017E0006C5200001A4F0000E64B0000DA4800007F
:1017F000F64500003043000088400000083E00002D
:101800009C3B00004E39000014370000F834000003
:10181000FA32000006310000302F00006E2D00006B
:10182000B62B00001C2A00008C28000010270000A6
:10183000A325000045240000F6220000B521000089
:1018400080200000581F00003D1E00002C1D0000DD
:10185000271C00002C1B00003B1A0000531900003D
:10186000751800009F170000D21600000C1600002B
:101870004E15000098140000E81300003F1300000C
:101880009D120000001200006A110000D910000033
:101890004D100000C70F0000460F0000C90E0000E9
:1018A000520E0000DE0D00006F0D0000040D000060
:1018B0009C0C0000380C0000D80B00007B0B0000D3
:1018C000220B0000CB0A0000780A0000270A000063
:1018D000DA0900008E090000460900000009000036
:1018E000BC0800007B0800003C080000FF07000067
:1018F000C40700008B070000530700001E0700000C
:10190000EA060000B806000088060000590600003C
:101910002B060000FF050000D5050000AB05000008
:10192000830500005D050000370500001305000079
:10193000EF040000CD040000AC0400008C040000A3
:101940006D0400004F040000310400001504000085
:10195000FA030000DF030000C5030000AC03000031
:10196000930300007C030000650300004F030000A8
:1019700039030000CE0000006A2C0700E8C0060012
:101980001D5C060098FD0500F3A40500CA51050082
:10199000C303050088BA0400CB7504004135040078
:1019A000A6F80300B8BF03003D8A0300FA570300FE
:1019B000BD28030044FC020055D20200FDAA02002B
:1019C0000F86020060630200CB4202002A2402005C
:1019D0005D07020045EC0100C5D20100C3BA010059
:1019E0002CA40100E38E0100D17A0100E36701001D
:1019F000065601002A4501003E350100332601004C
:101A0000FC1701008C0A0100DEFD0000DFF1000080
:101A100083E60000C1DB000091D10000E9C70000AF
:101A2000C2BE000015B60000D9AD00000AA6000035
:101A3000979E000086970000D0900000718A0000F9
:101A400064840000A37E00002C790000F97300007C
:101A5000076F0000526A0000DC6500009B61000017
:101A60008E5D0000B2590000055600008352000050
:101A70002A4F0000F94B0000ED4800000546000029
:101A80003D430000964000000D3E0000A13B0000D9
:101A9000513900001B370000FE340000F83200000E
:101AA0000A310000302F00006C2D0000BA2B00001E
:101AB0001B2A00008D28000010270000A22500002E
:101AC00043240000F3220000B02100007A2000002F
:101AD000521F0000351E0000241D00001F1C0000C6
:101AE000231B0000321A00004B1900006C18000084
:101AF00097170000C91600000316000045150000E6
:101B00008E140000DE130000341300009112000058
:101B1000F51100005E110000CC1000004010000024
:101B2000BA0F0000380F0000BB0E0000430E00008B
:101B3000CF0D00005F0D0000F30C00008B0C0000C7
:101B4000270C0000C60B00006A0B0000110B000000
:101B5000BC0A0000690A00001A0A0000CD09000052
:101B6000830900003B090000F6080000B3080000EC
:101B70007208000034080000F7070000BD070000ED
:101B8000840700004D07000019070000E50600006B
:101B9000B406000084060000560600002906000076
:101BA000FE050000D4050000AC050000840500001F
:101BB0005E0500003A05000016050000F404000070
:101BC000D2040000B104000092040000730400007D
:101BD00055040000380400001C040000010400004B
:101BE000E7030000CD030000B50300009D030000E3
:101BF000860300006F0300005A0300004403000046
:101C0000300300001C03000008030000F60200007F
:101C1000E3020000D1020000C0020000AF02000099
:101C20009F0200008F02000080020000710200008D
:101C30006202000054020000460200003902000067
:101C40002C0200001F020000130200000702000027
:101C5000FB010000F0010000E5010000DA010000D6
:101C6000CF010000C5010000BB010000B101000070
:101C7000A80100009F010000960100008D010000F6
:101C8000840100007C010000740100006C01000070
:101C9000650100005D010000560100004F010000D9
:101CA00048010000410100003B0100003401000038
:101CB00000000000BD630400F96904000100000099
:101CC000BD630400F969040002000000BD63040064
:101CD000F9690400E1840400298D040029850400C9
:101CE00051850400F98404000D1504008D160400CC
:101CF000EA4857412E302E3100000000000000005D
:101D000000000000000000000000140101000000BD
:101D100000000000000000000000000000001401AE
:101D200001000000000000000000000000000000B2
:101D300000000000000000000000000000000000A3
:101D4000000000000000000000000000A55A000094
:101D5000EA00000000000000000000000000000099
:101D60000000000000000000000000000000000073
:101D70000000000000000000000000000000000063
:101D80000000000000000000000000000000000053
:101D90000000000000000000000000000000000043
:101DA000000000000000000000000000A55A000034
:101DB000EA00000000000000000000000000000039
:101DC0000000000000000000000000000000000013
:101DD0000000000000000000000000000000000003
:101DE00000000000000000000000000000000000F3
:101DF00000000000000000000000000000000000E3
:101E0000000000000000000000000000A55A0000D3
:101E1000EA000000000000000000000000000000D8
:101E200000000000000000000000000000000000B2
:101E300000000000000000000000000000000000A2
:101E40000000000000000000000000000000000092
:101E50000000000000000000000000000000000082
:101E6000000000000000000000000000A55A000073
:101E7000EA00000000000000000000000000000078
:101E80000000000000000000000000000000000052
:101E90000000000000000000000000000000000042
:101EA0000000000000000000000000000000000032
:101EB0000000000000000000000000000000000022
:101EC000000000000000000000000000A55A000013
:101ED000EA00000000000000000000000000000018
:101EE00000000000000000000000000000000000F2
:101EF00000000000000000000000000000000000E2
:101F000000000000000000000000000000000000D1
:101F100000000000000000000000000000000000C1
:101F2000000000000000000000000000A55A0000B2
:101F3000EA000000000000000000000000000000B7
:101F40000000000000000000000000000000000091
:101F50000000000000000000000000000000000081
:101F60000000000000000000000000000000000071
:101F70000000000000000000000000000000000061
:101F8000000000000000000000000000A55A000052
:101F9000EA00000000000000000000000000000057
:101FA0000000000000000000000000000000000031
:101FB0000000000000000000000000000000000021
:101FC0000000000000000000000000000000000011
:101FD0000000000000000000000000000000000001
:101FE000000000000000000000000000A55A0000F2
:101FF0005E000300AC1FFF1FAC16FF1F0C17FF1F76
:102000006C17FF1FF01C03005E0001000C20FF1F77
:10201000CC17FF1F2C18FF1F8C18FF1F501D03002B
:102020005E0001006C20FF1FEC18FF1F4C19FF1F02
:10203000AC19FF1FB01D03005E000300CC20FF1F82
:102040000C1AFF1F6C1AFF1FCC1AFF1F101E030073
:102050005E0003002C21FF1F2C1BFF1F8C1BFF1F8A
:10206000EC1BFF1F701E03005E0003008C21FF1F8E
:102070004C1CFF1FAC1CFF1F0C1DFF1FD01E0300BC
:102080005E000300EC21FF1F6C1DFF1FCC1DFF1F16
:102090002C1EFF1F301F03005E0003004C22FF1F99
:1020A0008C1EFF1FEC1EFF1F4C1FFF1F901F030005
:1020B00001000F00000010000D0000001D001100C5
:1020C00000002E000700000035000200000037006D
:1020D0000A00000041000100000042000100000071
:1020E0004300190000005C000200000001000D0028
:1020F00001000E000D0001001B000D000100280072
:102100000D00010035000D00010042000D0001002E
:102110004F000D0001005C000200010001000D00F5
:1021200002000E000D0002001B000D00020028003E
:102130000D00020035000D00020042000D000200FB
:102140004F000D0002005C000200020001005B0075
:1021500003005C000200030001000D0004000E00FB
:102160000D0004001B000D00040028000D000400F9
:1021700035000D00040042000D0004004F000D006A
:1021800004005C000200040001005A0005005B002E
:10219000010005005C0002000500010014000600BB
:1021A0001500470006005C0002000600AC1FFF1F80
:1021B000F01C0300000001005E00000000000000B1
:1021C0000C20FF1F501D0300000010005E000000E7
:1021D000600000006C20FF1FB01D03000000200005
:1021E0005E000000C0000000CC20FF1F101E030096
:1021F000000030005E000000200100002C21FF1FC5
:10220000701E0300000040005E000000800100001E
:102210008C21FF1FD01E0300000050005E00000054
:10222000E0010000EC21FF1F301F030000006000F0
:102230005E000000400200004C22FF1F901F0300C0
:10224000000070005E000000A0020000000100001D
:10225000759405000101000045840400157F050008
:102260003D7F05004B7F0500637F0500717F050002
:102270006E010101010000000100000032000000B9
:102280003200000001000000010000000100000019
:1022900001000000E02E000001000000010000002D
:1022A0006400000064000000010000002C01000038
:1022B0002C0100007D790500B8E6870A01001F00A7
:1022C00001022801B9790500BBE6880B01001F0057
:1022D00001022801ED790500F897160C01001F0096
:1022E00001022801417A0500F897170D01001F002F
:1022F00001022801957A0500F897060E01001F00DB
:1023000001022801DD7A0500FB97180F01001F006C
:1023100001022801257B0500FB97191201001F000F
:10232000010228016D7B0500F8974B1301001F0087
:1023300001022801B57B0500FC97191401001F005C
:1023400001022801FD7B0500FC97181501001F0004
:1023500001022801457C0500FD97191601001F00A8
:10236000010228018D7C0500FD97181701001F0050
:1023700001022801D57C0500F897091C01001F0007
:10238000010228011D7D0500F997091D01001F00AC
:1023900001022801657D0500F897711E01001F00EC
:1023A00001022801AD7D0500F897491F01001F00BB
:1023B00001022801057E0500F997492001001F0050
:1023C000010228015D7E0500FA97492101001F00E6
:1023D00001022801B57E0500FA97092201001F00BD
:1023E00001022801E41BB81B0810CC0FB80FFC1F1A
:1023F0000808080808080000CC38FF1FDC38FF1F59
:10240000F038FF1FD438FF1FC438FF1F9438FF1F58
:10241000C9A404003DA60400B1A5040071A60400EF
:10242000A5A604000000000085A4040049A404003F
:10243000F54805000DA40400D1A30400296A050095
:102440000101020101000000000000000000000086
:1024500001020004081000007C1FDC1DB40F4C0FAB
:10246000440FDC0BBC0BB00B200A0C070800090062
:102470000000010002000300040005000600070040
:10248000070601060401060600000000BC38FF1F15
:10249000E838FF1FE438FF1FB438FF1FB038FF1FB4
:1024A000AC38FF1F9C38FF1FA438FF1F000000003E
:1024B0000000000095060500C1060500ED060500B8
:1024C0001907050045070500710705009D07050070
:1024D000C90705000B740500DD730500B7A90400EA
:1024E00097A9040077A9040037A9040057A904009C
:1024F00017A90400F7A80400D7A8040000000000F2
:10250000000000000300BA02FFFFFF1FFFFF0300EF
:10251000FFFF031CFFFF0310FFFFFF1FFFFF030070
:10252000FFFFFF1FFFFF0300FFFFFF1FFFFF030071
:10253000FFFFFF1FFFFF0300FFFFFF1FFFFF030061
:10254000FFFFFF1FFFFF030000000000070601065A
:102550000401060600000000000001000800010060
:10256000090001000A0001000B0001000C0001003D
:102570000D0001000E0001000F000100100001001D
:1025800011000100120001000000FFFFFFFFFFFF2C
:10259000FFFFFFFFFFFFFFFF010002000300040039
:1025A000050006000700080009000A000B000000F3
:1025B000B8250300BEBA00000000020002000000BF
:1025C0000101000002002C0196002C0100006400B3
:1025D0000600000100080001060A190100000000C1
:1025E0002A000000000000000000000000000000C1
:1025F00001020000000000001700000009000000B8
:10260000160000000A000000150000000C00000089
:10261000170000000900000017000000090000007A
:102620000800000010000000FFFFFFFFFFFFFFFF9A
:10263000FFFFFFFFFFFFFFFF0001FFFF02FFFFFFA4
:10264000FF03FFFFFFFFFFFFFFFF0405FFFFFF0684
:1026500007FFFFFFFFFF0809FF0AFFFFFFFFFFFF64
:10266000FFFFFFFFFF0B0CFFFFFFFFFFFF0D000051
:1026700001117F070200000001117F070203030020
:1026800001002F050105050001117F050206050067
:1026900001002F07010A090001002507010B0900AD
:1026A00001117506020C090001117F04020E0B00D6
:1026B0000722250604120F000F33250404191D00FC
:1026C0000100750601233B000100250701243B00A2
:1026D00001117F0702253B0001117F0402263C0007
:1026E0000000200001283E0031FA04003DD704001C
:1026F000F5D6040019D704003DFA040061D70400A0
:102700007DD70400A9FB0400E905050002000F00C5
:102710001F0000000000000059F9040002000F0033
:102720001E0000000100000071F9040002000F000B
:102730001D0000000200000089F9040002000F00E3
:102740001F00000003000100B5CC040002000F00D0
:102750001F00000004000200EBCC040004000F0086
:102760001D0000000600000021CD040003000F0042
:102770001D00000006000000AFCD040003000F00A4
:102780001D0000000600000037CE040006000F0008
:102790001D0000000600000021CF040002000F0011
:1027A0001D0000000600000069D1040000000F00B9
:1027B0001F00000006000400FD05050000000500E4
:1027C0001F0000000600000045D2040002000500C2
:1027D0001E00000006000000A1F90400060005002C
:1027E0001E00000005000000B9F9040003000F00FE
:1027F0001C00000006000300D1F9040003000F00D4
:102800001C00000006000300E9F9040003000F00AB
:102810001C0000000600030001FA040003000F0082
:102820001C0000000600030019FA04001200050055
:1028300016000000060000009DD2040018000500EC
:102840001600000006000000FDD204001000050084
:1028500016000000060200005DD30400050005001C
:102860001600000006020000BDD304000D000500A4
:1028700016000000060200001DD404005D000500E3
:1028800016000000060000005DD4040017000500DB
:1028900016000000060000009DD40400040005009E
:1028A0001400000006030000FDD40400070005002A
:1028B000140000000603000011D504000400050008
:1028C000140000000603000051D504000D000500AF
:1028D000140000000603000065D504000400050094
:1028E0001400000006030000A5D504000A0005003E
:1028F0001400000006030000B9D504000400050020
:102900001400000006030000F9D5040009000500CA
:1029100014000000060300000DD6040004000500AA
:1029200014000000060300004DD604000A00050054
:10293000140000000603000061D60400000005003A
:102940001600000006000000ED0105000000050073
:102950001F0000000600000071D2040002000F00FA
:102960001F0000000600000051FA040002000F00E2
:102970001C00000006010000A1D6040002000F00A8
:102980001C00000006010000CBD604000102030178
:10299000030102040A010200010203F089F187F138
:1029A0008CF1F0F1F6F1FAF1FCF1F100F1F103F143
:1029B000F200F1F203F1F300F1F303F1F400F1F4AA
:1029C00003F1F500F1F503000102000089F00F00AA
:1029D0001D0000000F0000000DDC040020F10400C9
:1029E0001D0000000F00000045DC040021F1040080
:1029F0001D0000000F0000007DDC040022F1040037
:102A00001D0000000F000000B5DC040070F10400A0
:102A10001D0000000F000000EDDC040071F1040057
:102A20001D0000000F00000025DD040084F10700F8
:102A30001D0000000F0000005DDD040087F115009F
:102A40001D0000000F00000095DD040088F1140057
:102A50001D0000000F000000CDDD040089F10F0013
:102A60001D0000000F00000005DE04008AF10700D1
:102A70001D0000000F0000003DDE04008CF10D0081
:102A80001D0000000F00000075DE0400F0F10200E0
:102A90001D0000000F000000ADDE0400F1F1030096
:102AA0001F0000000F000000E5DE0400F2F1090045
:102AB0001F0000000F00000007DF0400F3F1060014
:102AC0001F0000000F00000029DF0400F4F10500E2
:102AD0001F0000000F0000004BDF0400F5F10600AE
:102AE0001F0000000F0000006DDF0400F6F10A0077
:102AF0001F0000000F0000008FDF0400F7F16C00E2
:102B00001D0000000F000000C7DF0400F8F10C00FA
:102B10001D0000000F000000FFDF0400F9F11F009E
:102B20001D0000000F00000037E00400FAF15A0019
:102B30001D0000000F0000006FE00400FBF1C80062
:102B40001D0000000F000000A7E00400FCF11400CD
:102B50001D0000000F000000DFE004000100010183
:102B60001600000005000000030000001600000031
:102B70000500000017E1040001010101010101014C
:102B8000C8641414000000000000000000000000F1
:102B900000000000C800C800C800E803C800C80062
:102BA000C800C800F5070500010805000D0805006C
:102BB0001908050025080500310805003D08050035
:102BC00049080500000000000000000000000000AF
:102BD00000000000000000000000000000000000F5
:102BE00000000000000000000000000000000000E5
:102BF0000000000000000000C42B0300CC2B0300E9
:102C0000D42B0300D82B0300E02B0300E42B03009C
:102C1000E82B0300F02B0300000001000300040078
:102C20000001010200000203030400002121212110
:102C3000000000000100000002000000040000008D
:102C4000080000001000000020000000400000000C
:102C500080000000000100000002000000040000ED
:102C600000080000001000000020000000400000EC
:102C700000800000000001000000020000000400CD
:102C800000000800000010000000200000004000CC
:102C900000008000000000010000000200000004AD
:102CA00000000008000000100000002000000040AC
:102CB00000000080FF00010102020202030303037F
:102CC000030303031B490C684FF001031C401A491E
:102CD0001A4A521A013A06DD4FF05A304FF05A3371
:102CE00009C1083AFCDA002C0BD01549154A521AD2
:102CF000013A06DD4FF05A304FF05A3309C1083A15
:102D0000FCDA1149114A521A013A06DD4FF05A30E5
:102D10004FF05A3309C1083AFCDA0D490D4A521AEC
:102D2000013A06DD4FF05A304FF05A3309C1083AE4
:102D3000FCDA704700F007400000FF1F0004FF1F8F
:102D40000004FF1F0005FF1F0005FF1F00FC0020FF
:102D500000FC00200000012080B483B000AF786048
:102D60007B68DA687B6819687B685B68CB1A79686E
:102D7000896801FB03F31A447B68DA607B68DB68CF
:102D80001A137B685A6000BF0C37BD4680BC704781
:102D900080B485B000AF78607B685B697A689268C0
:102DA00002FB03F3FB607B685B697A68526803FB94
:102DB00002F27B681B681344FA681344BB607B68AB
:102DC0005B6A7A68126A02FB03F3BA681344BB6059
:102DD000BB68DA137B68DA617B68DA697B68DB6879
:102DE0009A420EDD7B68DA687B68DA617B685B6932
:102DF000002B21DA7B681A68FB681A447B681A602A
:102E00001AE07B68DA697B681B699A420EDA7B6894
:102E10001A697B68DA617B685B69002B0CDD7B6873
:102E20001A68FB681A447B681A6005E07B681A68B8
:102E3000FB681A447B681A6000BF1437BD4680BC2B
:102E4000704780B400AF184B5B69174A43F0020328
:102E50005361154B00229A62134B40F25372C3F830
:102E60000421114B41F2F952C3F808210E4B40F2F4
:102E70005372C3F884200C4B41F2F952C3F88820F6
:102E8000094B40F25372C3F88421074B41F2F952C7
:102E9000C3F88821044B5B69034A43F00103536183
:102EA00000BFBD4680BC70470090044080B400AFB6
:102EB000184B5B69174A43F002035361154BFF221D
:102EC0009A62144B40F25372C3F80421114B41F241
:102ED000F952C3F808210F4B40F25372C3F8842013
:102EE0000C4B41F2F952C3F888200A4B40F253725E
:102EF000C3F88421074B41F2F952C3F88821054BEE
:102F00005B69044A43F00103536100BFBD4680BCC6
:102F1000704700BF0090044080B485B000AFF860F7
:102F2000B9607A603B607B68FA681A60BB685A00D7
:102F3000FB68134442F2F34202FB03F39A133B682B
:102F40001A6000BF1437BD4680BC704780B485B09E
:102F500000AFF860B9607A603B60FB683A6803FBD9
:102F600002F2BB68796801FB03F31344DA13BB690F
:102F70001A60BB683A6803FB02F2FB68796801FBE0
:102F800003F3D31ADA13FB691A6000BF1437BD4686
:102F900080BC704780B485B000AFF860B96011465E
:102FA0001A460B46FB801346BB80B7F90430FA681B
:102FB00003FB02F2B7F90630B96801FB03F3D31A39
:102FC000DA13BB691A60B7F90630FA6803FB02F23C
:102FD000B7F90430B96801FB03F31344DA13FB6952
:102FE0001A6000BF1437BD4680BC704790B583B0EF
:102FF00000AF78607B681C040A4B1B6819460A48BE
:1030000003F090FD0346184603F0B4FE03464FF468
:103010007A7202FB03F394FBF3F318460C37BD46B8
:1030200090BD00BF283DFF1F0000704290B583B0E7
:1030300000AF78607B689C030A4B1B6819460A48FE
:1030400003F070FD0346184603F094FE03464FF468
:103050007A5202FB03F394FBF3F318460C37BD4698
:1030600090BD00BF283DFF1F0000704180B582B0B9
:1030700000AF78607B681B04184603F04BFC0246E7
:103080000C4B1B681946104603F098FC0346184683
:1030900002F0FCFF4FF00002074B03F079F9024603
:1030A0000B461046194603F0E3FA03461846083764
:1030B000BD4680BD283DFF1F0040CF4090B583B086
:1030C00000AF78607B689C030A4B1B6819460A486E
:1030D00003F028FD0346184603F04CFE03464FF468
:1030E0007A5202FB03F394FBF3F318460C37BD4608
:1030F00090BD00BF283DFF1F0000704180B582B029
:1031000000AF78600B4B1B6819460B4803F00AFDB3
:103110000346184603F02EFE02467B6802FB03F3CB
:103120004FF47A5202FB03F39B1318460837BD464F
:1031300080BD00BF283DFF1F0000704180B582B0F8
:1031400000AF7860786803F0E5FB0346184602F0AC
:103150009DFF4FF000020B4B03F01AF902460B469D
:10316000104619464FF00002074B02F0E7FF0246F7
:103170000B461046194603F07BFA034618460837FB
:10318000BD4680BD000039400000E04080B582B0FF
:1031900000AF7860786802F079FF4FF000020B4BC7
:1031A00003F0F6F802460B46104619464FF00002AF
:1031B000074B02F0C3FF02460B461046194603F0C8
:1031C00057FA034618460837BD4680BD00804B407D
:1031D0000000B04080B582B000AF7860786802F03F
:1031E00055FF4FF000020B4B03F0D2F802460B469E
:1031F000104619464FF00002074B02F09FFF0246AF
:103200000B461046194603F033FA034618460837B2
:10321000BD4680BD000039400000E04080B400AFF2
:10322000044B9B6B43F08043024A936300BFBD464F
:1032300080BC70472C3DFF1F80B400AF034B0022C1
:103240009A6300BFBD4680BC704700BF2C3DFF1F86
:1032500080B483B000AF78607B689AB2034B1A8069
:1032600000BF0C37BD4680BC704700BF2005FF1F64
:1032700080B500AF514B1B68514A93614F4B5B685F
:103280004F4AD3614D4B9B684E4A53604B4B9B68F2
:103290004D4A5360494B9B69494A53614B4B1B78DC
:1032A0005BB2002B1CDB494B1B780133DAB2474B76
:1032B0001A70434B9A69464B1B681344444A136087
:1032C0003F4BDA69434B1B681344424A13603C4B43
:1032D0005A69414B1B6813443F4A136000236BE05B
:1032E0003B4B1B68DB11364A93613A4B1B68DB1181
:1032F000334AD361384B1B68DB11314A5361314B80
:103300005B681B032F4AD3602F4B5B681B032E4A5D
:10331000D360324B5B681B03304AD360294B5B6838
:10332000274A53622E4BD3F884301846FFF79EFE8F
:1033300003462B4AC2F88430294B9B6E1846FFF790
:10334000FDFE0346264A9366254BD3F88430DA0304
:10335000234BD3F8803092FBF3F3194AC2F89C3028
:103360001F4B9B6EDA031E4B5B6F92FBF3F3144A09
:10337000C2F894301A4B9B6EDA03194B9B6F92FB89
:10338000F3F30F4AC2F89830114B00221A60114B28
:1033900000221A60104B00221A600C4B00221A7097
:1033A000074B9B6B43F08043054A93630D4B1B68AF
:1033B0009AB20D4B1A800123184680BD0005FF1FED
:1033C0002C3DFF1F683FFF1F783FFF1F3505FF1F84
:1033D0003805FF1F3C05FF1F4005FF1F883FFF1FEB
:1033E000403EFF1F7C44FF1F2005FF1F80B584B0B7
:1033F00004AF002140F6A66001F0B0FF174B039325
:10340000174B0293174B0193174B0093174B184A16
:103410001849194801F018FD40F2DC50FFF706FE8C
:103420000346164A136541F25040FFF7FFFD03467D
:10343000124AC2F8B4304FF4E160FFF7F7FD0346DB
:103440000E4AC2F8B8304FF49670FFF7CFFD03462E
:103450000B4A936100BFBD4680BD00BF00007A46A5
:103460000000C84100005C4223DB793E8315A73B86
:103470006DE77B3F68E81F393D0AD73D403EFF1F9F
:10348000C83FFF1F80B588B004AFF860B9607A60AC
:103490003B600A4B03930A4B02930A4B01930A4B7E
:1034A00000937B68094AB968F86801F0CDFC084AC6
:1034B0003B68136000BF1037BD4680BD00007A46F0
:1034C0000000C84100005C4223DB793E6DE77B3F92
:1034D000283DFF1F80B500AF644B5B6B052B03D00D
:1034E000624B5B6B042B5DD1604B1B6B052B03D0D8
:1034F0005E4B1B6B042B18D15C4B0022A3F84220BF
:103500005B4B00221A605B4B00221A605A4B1B680F
:10351000584A9360594B00221A60594B1B68574A0E
:103520009360584B00221A60A1E1FFF7BFFC564B95
:103530000022DA60554B0022DA60554B0022DA6037
:10354000544B0022DA60544B0022DA60534B0022C5
:10355000DA60534B0022DA605249534801F0CEFE44
:1035600001F03EFD514B00225A66504B00221A6674
:103570004E4B0022C3F8CC203C4B0022A3F8442041
:103580004A4B0022C3F8C020494B1B781A46474BD0
:10359000C3F8D020474B1B68444AC2F8C4303D4BA7
:1035A0000022DA60314B5B6B032B40F09080424B82
:1035B0001B889BB2B3F5966F05D22C4B9B6B43F0E7
:1035C00080432A4A93633D4B1B780133DAB23B4B6D
:1035D0001A703A4B1B781A46344BD3F8D0309A42C3
:1035E00075DB364B00221A70334B1B889BB21A4690
:1035F0002E4BD3F894309A4217DD2C4BD3F89430ED
:1036000001332A4AC2F894302B4B1B889BB21A46CE
:10361000264BD3F894309A4259DA274B1B889BB239
:103620001A46224BC3F8942051E0234B1B889BB2CF
:103630001A461E4BD3F894309A4241DA1B4BD3F80A
:103640009430013B194AC2F894301B4B1B889BB243
:103650001A46164BD3F894309A4238DD164B1B8825
:103660009BB21A46114BC3F8942030E02C3DFF1F4B
:10367000C83FFF1FF03FFF1F8444FF1F4040FF1F54
:103680008844FF1F1840FF1F483FFF1F383FFF1FA0
:10369000283FFF1F183FFF1F583FFF1FA83FFF1F76
:1036A000983FFF1F23DB793E9A99593F403EFF1F09
:1036B0008044FF1F9844FF1F2005FF1F4405FF1F84
:1036C0006B4B1B889BB21A466A4BC3F894206A4B1B
:1036D0005B6B002B07D1684B00229A87664B012257
:1036E0005A63FFF7AEFB644B5B6B012B3CD1624B23
:1036F000B3F942309BB201339BB21AB25E4BA3F8CE
:1037000042205D4BB3F942301A465A4BDB6F9A4266
:1037100006DD594B0022A3F84220574B02225A6380
:10372000544BDB6803F00103002B1DD0534B1B6887
:10373000504AC2F894304F4BD3F894301846FFF7F4
:10374000BDFC03464B4AC2F888304A4BD3F8882068
:103750004B4B5B68D31A4B4A53614A48FFF718FB3F
:10376000484BDB69434A1366434B5B6B022B3DD1ED
:10377000414BB3F942309BB201339BB21AB23E4B7C
:10378000A3F842203C4BB3F942301A46394BD3F8E8
:1037900080309A4206DD384B0022A3F84220364B97
:1037A00003225A63334BDB6803F00103002B1DD067
:1037B000324B1B682F4AC2F894302E4BD3F894300A
:1037C0001846FFF77BFC03462A4AC2F88830294B8B
:1037D000D3F888202A4B5B68D31A2A4A53612948B8
:1037E000FFF7D6FA274BDB69224A1366224B5B6B45
:1037F000032B21D11F4BDB6803F00103002B18D0F2
:103800001C4BD3F894301846FFF758FC0346194A6E
:10381000C2F88830174BD3F88820194B5B68D31A4D
:10382000184A53611748FFF7B3FA164BDB69114A80
:103830001366154803F0D0FC0F4B5B6B072B02D1CE
:10384000114803F05BFD0C4B5B6A104A13600F4894
:10385000FFF782FA0A4B5B681846FFF74FFC0346F6
:10386000054AC2F8BC30044B5B6B034A136380BD4E
:103870002005FF1F403EFF1F2C3DFF1F7C44FF1F04
:10388000483FFF1FC83FFF1F0C06FF1F683FFF1F79
:1038900090B58DB004AF0446084611461A4623463B
:1038A000FB800346BB800B467B8013463B807D4BF1
:1038B0001B6801337B4A136001F0D2F9BB887A4A56
:1038C00013607B88784A53603B88774A93603B8ECD
:1038D000754AD360BB8E744A5361FB88724A936108
:1038E000724B1B78002B00F06283FA88704B5B6987
:1038F000D31A1B016F4A13606E48FFF72DFA6C4B09
:103900009A69BB88D31A1B01694A1367684BDA6945
:103910007B88D31A1B01664A5367654B1A6F644B49
:103920005B6F13445B42624A93673B88604A536211
:103930005F4B186F5E4B596F5F4B604AFFF7ECFAB5
:103940005B4BD3F884005A4BD3F88810584BB3F92B
:103950003E301A46564BB3F940301C46584B019343
:10396000584B00932346FFF7F1FA514BD3F88C30B4
:10397000554A13605448FFF7EFF94D4BD3F8903098
:10398000524A13605148FFF7E7F9514B5A6E4E4BBC
:103990005B68D31A4F4A53614E48FFF7F9F94D4B14
:1039A000DB694C4AD26903FB02F24B4B9B1A184667
:1039B00002F0B0FF03464FF08E41184603F0B2F814
:1039C0000346FB614FF08E41F86903F0ABF8034604
:1039D000FB614FF00001F86903F098F90346002BF2
:1039E00013D00023BB613A4B1A6E384B5B68D21A76
:1039F0002F4BD3F8C4303649D1F8CC1001FB03F378
:103A00001B12D31A354A536129E0314B1A6E2F4BE2
:103A10005B68D21A264BD3F8C4302D49D1F8CC10AC
:103A200001FB03F31B12D31A2C4A5361FB697B6120
:103A300007F10C033B614FF00001786903F070F966
:103A40000346002B06D0786929F0A6FA02463B69A6
:103A50001A6004E03B694FF000021A6000BFFB6887
:103A60004FF08E41184602F0A9FF0346184603F0B6
:103A700081F90346194AD360184BDB685B42174A49
:103A800013611648FFF784F9114BD3F88C30002BE3
:103A900026DD124BDB69064AD3640E4BDB69044A10
:103AA000936427E01C05FF1F0005FF1F2C05FF1F67
:103AB0002C3DFF1FB83FFF1FB43DFF1FB03DFF1F50
:103AC000BC3DFF1FB83DFF1F983FFF1FA83FFF1FD2
:103AD000403EFF1FF03FFF1F5C8FC2394040FF1F79
:103AE0008E4BDB6CDB038E4A13608C4B9B6CDB03D1
:103AF0008C4A1360894B5B6B052B0CBF01230023A1
:103B0000DAB2864B5B6B042B0CBF01230023DBB2C4
:103B10001343DBB2002B0BD0834B00221A60814B86
:103B200000221A607E4B00221A60804B00221A602D
:103B30007A4B5B6B012B31D1784BD3F88400774BF8
:103B4000D3F88810754B1A6D744B5C6D784B5B68BD
:103B50000093234601F05CFA01F036FB03461A4657
:103B60006E4B9A87734B1B686F4AD3606B4BD3F8CD
:103B700090306A4AD2F8902003FB02F26E4BDB6E63
:103B80006D49C96E01FB03F39A4240F3E280634B37
:103B90009B6B43F48043614A9363DAE05F4B5B6B5A
:103BA000022B22D15D4BD3F884005C4BD3F88810F4
:103BB0005A4B1A6D594B5C6D5D4B5B680093234605
:103BC00001F026FA01F000FB03461A46534B9A8790
:103BD000554BDA68594B1B689A4280F2BA80524BB7
:103BE000DB680133504AD360B3E04C4B5B6B032B73
:103BF00040F0A880494BD3F88400484BD3F8881094
:103C0000464B1A6D454B5C6D494B5B6800932346F0
:103C100001F0FEF901F0D8FA03469AB23F4BB3F92E
:103C200044309BB2D31A9BB21AB23C4B9A873B4B9F
:103C3000B3F944301A46404BD3F8D4309A420ADAEA
:103C4000364BB3F944309BB201339BB21AB2334BBB
:103C5000A3F8442012E0314BB3F944301A46364BF6
:103C6000D3F8D4309A4209DD2C4BB3F944309BB2DF
:103C7000013B9BB21AB2294BA3F8442001F0D4FABD
:103C80002D4BD3F8C030012B44D12B4BD3F89430BB
:103C900040F6B83293422EDD284B1B68A3F1630235
:103CA000214BDB699A4211DC234B5B6E013B224ABC
:103CB0005366214B5A6E204BD3F8C4309A4223DA14
:103CC0001D4BD3F8C4301C4A53661DE0164BDA690D
:103CD0001A4B1B68A3F57A739A4215DA164B5B6E82
:103CE0000133154A5366144B5B6E002B0CDD124BEF
:103CF00000225A6608E0104B5B6E002B04DA0E4B74
:103D00005B6E01330C4A53660B4B5B6EDB1018463F
:103D100001F07AFA0A4803F011FA1AE02C3DFF1F6D
:103D20004040FF1FF03FFF1FC83FFF1F1840FF1F0D
:103D3000683FFF1F9C44FF1F403EFF1FA044FF1F22
:103D40000C06FF1F9C4B5B6B072B02D19B4803F0BB
:103D500039FA9B4BD3F8C030002B0ED1984B5B6ED9
:103D6000002B04DA964B5B6E0133954A5366944BF5
:103D70005B6EDB10184601F047FA8F4BB3F93C300D
:103D80009BB2DB099BB21A468E4B33F812301AB243
:103D9000894BDA87884BB3F93C309BB203F58043FB
:103DA0009BB2DB099BB21A46864B33F812301AB22B
:103DB000814BA3F84020804B986C7F4BD96C7E4B95
:103DC000B3F93E207C4BB3F940307F4C01947F4CDB
:103DD0000094FFF7DFF8784B186D774B596D07F1BA
:103DE0000803029307F10A030193794B0093794B7F
:103DF000794A01F0DBFA03461A466F4B83F86C20D0
:103E00006D4BB3F95830C3F56A63063373493A8F83
:103E10001846931C9B010B4404331860664BB3F99E
:103E2000583003F6A6616D4A3B8F9B0113448833DB
:103E30001960614BB3F95C30C3F56A6306336749B7
:103E4000BA8F1846931C9B010B44043318605A4BDD
:103E5000B3F95C3003F6A661604ABB8F9B01134443
:103E600088331960544BB3F96030C3F56A63063385
:103E70005A49B7F840201846931C9B010B44043361
:103E800018604D4BB3F9603003F6A661534AB7F89A
:103E900040309B01134488331960504B5B694F4A93
:103EA00023F0010353614D4B5B694C4A43F001031E
:103EB0005361414BB3F958309BB2C3F5EA63033306
:103EC0009BB21AB23E4BA3F898203B4BB3F95C303F
:103ED0009BB2C3F5EA6303339BB21AB2384BA3F823
:103EE0009A20354BB3F960309BB2C3F5EA630333D4
:103EF0009BB21AB2324BA3F89C202F4BB3F95A3025
:103F00009BB2C3F5EA6303339BB21AB22C4BA3F8FE
:103F10009E20294BB3F95E309BB2C3F5EA630333AD
:103F20009BB21AB2264BA3F8A020234BB3F9623000
:103F30009BB2C3F5EA6303339BB21AB2204BA3F8DA
:103F4000A2201D4B1A6A1C4B5B69D31A244A1360CA
:103F50002348FEF701FF01F043F90346214A1360AD
:103F60002048FEF7F9FE1F4B5B681F4A13601E488E
:103F7000FEF7F2FE1C4B5B681C4A13601B48FEF701
:103F8000EBFE1A4B5B681A4A13601948FEF7E4FE11
:103F9000154B5A68154B5B68D31A074AC2F8C430F0
:103FA000144B5B69144A13601348FEF7D5FE00BF3B
:103FB0002437BD4690BD00BF2C3DFF1F0C06FF1FE0
:103FC000403EFF1F6840FF1F803DFF1F7C3DFF1FDD
:103FD0008C3DFF1F883DFF1F843DFF1F0090044064
:103FE000583FFF1F483FFF1F383FFF1F283FFF1F5D
:103FF000183FFF1F0005FF1F883FFF1F80B485B0DB
:1040000000AFF860B9607A60FB70FB68062B00F2C5
:10401000DC8001A252F823F0354003003540030054
:1040200035400300C140030069410300CB41030058
:10403000C14003006D4B1B69BA689A4207DA6C4BAA
:10404000D3F8C83001336A4AC2F8C83010E0674B71
:104050005B69BA689A4207DD654BD3F8C830013B0B
:10406000634AC2F8C83003E0614B0022C3F8C8209D
:104070005F4BD3F8C8205D4B5B6A9A420BDD5C4B0B
:104080000022C3F8C8205A4B9B6B43F00103584AE7
:1040900093630123A4E0564BD3F8C820534B5B6ACB
:1040A0005B429A4280F29680514B0022C3F8C820AE
:1040B0004F4B9B6B43F002034D4A936301238FE008
:1040C0004A4B9B69BA689A4207DA494BD3F8C83021
:1040D0000133474AC2F8C83010E0444BDB69BA6884
:1040E0009A4207DD424BD3F8C830013B404AC2F840
:1040F000C83003E03E4B0022C3F8C8203C4BD3F845
:10410000C8203A4B1B6A9A420BDD394B0022C3F898
:10411000C820374B9B6B43F00103354A936301235F
:104120005EE0334BD3F8C820304B1B6A5B429A42A7
:104130000BDA2F4B0022C3F8C8202D4B9B6B43F0AA
:1041400002032B4A936301234AE0FB78002B43D000
:104150007B6813F1A00F3FDA254B9B6B43F0800384
:10416000234A936301233BE0FB78002B36D01F4B9F
:104170005B69BA689A4213DA1C4B1B69BA689A42A7
:104180000EDD7B6813F1030F0ADB7B68032B07DC72
:10419000174BD3F8D4300133154AC2F8D43003E0BA
:1041A000134B0022C3F8D420114BD3F8D430322B58
:1041B00014DD0F4B9B6B23F080030D4A93630C4B74
:1041C0000022C3F8D42001230AE0094B0022C3F8DF
:1041D000C82004E000BF02E000BF00E000BF0023F1
:1041E00018461437BD4680BC704700BF403EFF1FD5
:1041F0002C3DFF1F80B483B000AF786039607B68CE
:10420000062B8CBF01230023DBB2002B53D10122EC
:104210007B6802FA03F303F05903002B14BF012358
:104220000023DBB2002B46D0294BD3F8AC303A68E0
:104230009A4207DB274BD3F8D8300133254AC2F81E
:10424000D83011E0224BD3F8B0303A689A4207DCFC
:10425000204BD3F8D830013B1E4AC2F8D83003E0D7
:104260001C4B0022C3F8D8201A4BD3F8D820184B87
:104270001B6B9A420BDD174B0022C3F8D820154B5D
:104280009B6B43F48073134A936301231AE0114B31
:10429000D3F8D8200E4B1B6B5B429A4210DA0D4BC1
:1042A0000022C3F8D8200B4B9B6B43F40073094AE0
:1042B0009363012306E0074B0022C3F8D82000E0F7
:1042C00000BF002318460C37BD4680BC704700BFB6
:1042D000403EFF1F2C3DFF1F80B485B000AFF8604B
:1042E000B9607A60FB68032B02D0FB68062B71D1A2
:1042F000854BDB6BBA689A4205DC834BDB6B5B4218
:10430000BA689A4207DA814BD3F8E03001337F4A2A
:10431000C2F8E03003E07D4B0022C3F8E0207A4B86
:10432000DB6B7A689A4205DC774BDB6B5B427A6821
:104330009A4207DA754BD3F8E4300133734AC2F876
:10434000E43003E0714B0022C3F8E420BA687B68D4
:104350001A446D4BDB6B9A4207DCBA687B681A44DF
:10436000694BDB6B5B429A4207DA684BD3F8E83063
:104370000133664AC2F8E83003E0644B0022C3F818
:10438000E820624BD3F8E0205F4B1B6C9A420DDCB7
:104390005E4BD3F8E4205C4B1B6C9A4206DC5B4B13
:1043A000D3F8E820584B1B6C9A4220DD574B002273
:1043B000C3F8E020554B0022C3F8E420534B002201
:1043C000C3F8E820514B9B6B43F010034F4A9363B3
:1043D000012394E04D4B0022C3F8E0204B4B002218
:1043E000C3F8E420494B0022C3F8E82000E000BFF6
:1043F000FB68032B02D0FB68062B71D1424B5B6C30
:10440000BA689A420DDA404B5B6C5B42BA689A42DA
:1044100007DD3E4BD3F8EC3001333C4AC2F8EC30B8
:1044200003E03A4B0022C3F8EC20374B5B6C7A6810
:104430009A420DDA344B5B6C5B427A689A4207DD34
:10444000324BD3F8F0300133304AC2F8F03003E099
:104450002E4B0022C3F8F020BA687B681A442A4B1E
:104460005B6C9A420FDABA687B681A44264B5B6C25
:104470005B429A4207DD254BD3F8F4300133234ADF
:10448000C2F8F43003E0214B0022C3F8F4201F4BA4
:10449000D3F8EC201C4B9B6C9A420DDC1B4BD3F8E1
:1044A000F020194B9B6C9A4206DC184BD3F8F42091
:1044B000154B9B6C9A4220DD144B0022C3F8EC2074
:1044C000124B0022C3F8F020104B0022C3F8F42056
:1044D0000E4B9B6B43F008030C4A936301230EE0E1
:1044E0000A4B0022C3F8EC20084B0022C3F8F0204E
:1044F000064B0022C3F8F42000E000BF002318465A
:104500001437BD4680BC7047403EFF1F2C3DFF1F47
:1045100080B485B000AFF860B9607A603B60FB683A
:10452000032B42D1274B1B6DBA689A422BDA254BDD
:10453000DB6C7A689A421FDC224BDB6C5B427A6848
:104540009A4219DB1F4BDB6C3A689A4214DC1D4B14
:10455000DB6C5B423A689A420EDB7A683B681A442D
:10456000184BDB6C9A4207DC7A683B681A44154B9F
:10457000DB6C5B429A4206DA134BD3F8F830013316
:10458000114AC2F8F830104BD3F8F8200D4B5B6D90
:104590009A420FDD0C4B9B6B43F400530A4A936322
:1045A000094B0022C3F8F82004E0074B0022C3F8AF
:1045B000F82000E000BF002318461437BD4680BC39
:1045C000704700BF403EFF1F2C3DFF1F80B485B0E9
:1045D00000AFF860B9607A60FB68032B54D13D4BA3
:1045E000D3F8B430BA689A4207DD3B4BD3F8FC30BD
:1045F0000133394AC2F8FC3011E0364BD3F8B830F9
:10460000BA689A4207DA344BD3F8FC30013B324A9D
:10461000C2F8FC3003E0304B0022C3F8FC202E4BE4
:10462000D3F8FC202B4BD3F8BC309A4211DD2A4B37
:104630000022C3F8FC20284B9B6B43F48063264A7E
:104640009363254B9B6B23F40063234A93630123FD
:104650003AE0214BD3F8FC201E4BD3F8BC305B4230
:104660009A4216DA1C4B0022C3F8FC201A4B9B6BB3
:1046700043F40063184A9363174B9B6B23F48063E6
:10468000154A936301231FE0134B0022C3F8FC205B
:1046900000E000BF104BD3F80831BA689A4203DD3E
:1046A0000D4ABB68C2F808310B4BD3F80C31BA681D
:1046B0009A4204DB084BD3F80C31002B03D1064A95
:1046C000BB68C2F80C31002318461437BD4680BCC5
:1046D000704700BF403EFF1F2C3DFF1FB0B582B0AA
:1046E00000AF786039607B68032B3CD12A4BD3F84C
:1046F0000821294BD3F80C31D31A184601F0B4FC29
:1047000004460D46254B1B889BB2184601F0ACFCB5
:104710001FA3D3E9002301F011FD02460B462046FA
:10472000294601F09BFF0346002B07D01A4BD3F814
:1047300010310133184AC2F8103103E0164B002241
:10474000C3F81021144BD3F8FC30032B10DD124BAF
:104750000022C3F81021104B9B6B43F400630E4AF8
:10476000936301230EE00C4B0022C3F8102100E0FC
:1047700000BF094B0022C3F80821074B0022C3F8F1
:104780000C21002318460837BD46B0BDAFF30080AA
:104790009A9999999999E93F2C3DFF1F2005FF1F90
:1047A00080B483B000AF786039607B68032B17D189
:1047B000104B9B6D3A689A4207DB0F4B9B6B43F0A3
:1047C00020030D4A936301230EE03B68002B09D1BF
:1047D000094B9B6B23F02003074A9363012303E0FB
:1047E00000BF00E000BF002318460C37BD4680BC68
:1047F000704700BF403EFF1F2C3DFF1F80B483B0B9
:1048000000AF7860054B9A6B7B681343034A936350
:1048100000BF0C37BD4680BC704700BF2C3DFF1F5A
:1048200080B485B000AF494B9B6BBB60474B5B6B63
:10483000FB60464B5B6B072B7BD801A252F823F041
:104840006148030033490300AF480300AF48030049
:10485000034903003349030033490300AF48030011
:10486000BA683B4B1340002B02D00423FB6062E08C
:10487000BA68384B1340002B02D00423FB605AE087
:10488000BB6803F02003002B55D0304BD3F8003128
:1048900001332E4AC2F800312C4BD3F80031042BDF
:1048A00002DD0423FB6046E00023FB6043E0BA68BE
:1048B000294B1340002B02D00423FB603DE0BA6873
:1048C000244B1340002B02D00423FB6035E0BB686F
:1048D00003F02003002B02D00023FB602DE0BB6817
:1048E00003F48053002B28D07B68002B02D00423D4
:1048F000FB6022E0154B9B6B23F48053134A9363B8
:104900001BE0BA68154B1340002B02D00423FB6058
:1049100015E0BB6803F08043002B02D00423FB604A
:104920000DE0BB6803F08003002B08D10023FB607F
:1049300005E000BF04E000BF02E000BF00E000BFF0
:10494000FB6818461437BD4680BC70472C3DFF1FDE
:104950004B630080800000405B6F00805A600080E5
:1049600080B584B000AFF860B9603B601346FB804F
:10497000F868FEF70BFC03460E4A1361B868FEF7B1
:1049800005FC03460B4A5361FB880A4A53623868A8
:10499000FEF7FCFB0346074A9361B869FEF7F6FB96
:1049A0000346044AD361BB8B024A136200BF10372F
:1049B000BD4680BD403EFF1F80B584B000AFF860AB
:1049C0007A601A460B467B8113463B81F868FEF7F6
:1049D00001FC0346084AD3637B89074A136478685D
:1049E000FEF7F8FB0346044A53643B89024A93648A
:1049F00000BF1037BD4680BD403EFF1F80B582B06E
:104A000000AF0346FB800B46BB8013467B80BB8810
:104A10001846FEF70BFB0346094AC2F8B430FB8880
:104A20001846FEF703FB0346054AC2F8B8307B88F8
:104A3000034AC2F8BC3000BF0837BD4680BD00BF86
:104A4000403EFF1F80B582B000AF03463960FB8057
:104A50001346BB80FB881846FEF7E8FA0346074A70
:104A600013653868FEF7B6FB0346044AD364BB8877
:104A7000024A536500BF0837BD4680BD403EFF1F58
:104A800080B582B000AF0346FB80FB880C4A136000
:104A90000B4B1B68184601F03DFF034609491846B9
:104AA00001F08CFF0346184602F08AF903469BB2D8
:104AB0001A46054BDA6600BF0837BD4680BD00BF09
:104AC0009C44FF1F3333933F403EFF1F80B483B0AD
:104AD00000AF0346FB80044B1B68044AD36000BF51
:104AE0000C37BD4680BC7047A044FF1FC83FFF1F66
:104AF00080B582B000AF78607868FEF76BFB034644
:104B0000034AC2F8C43000BF0837BD4680BD00BFAD
:104B1000403EFF1F80B483B000AF0346FB71044AE0
:104B2000FB79137000BF0C37BD4680BC704700BFD7
:104B30003005FF1F80B483B000AF0346FB71044A09
:104B4000FB79137000BF0C37BD4680BC704700BFB7
:104B50003105FF1F80B483B000AF0346FB71044AE8
:104B6000FB79137000BF0C37BD4680BC704700BF97
:104B70003205FF1F80B483B000AF0346FB71044AC7
:104B8000FB79137000BF0C37BD4680BC704700BF77
:104B90003305FF1F80B483B000AF0346FB71044AA6
:104BA000FB79137000BF0C37BD4680BC704700BF57
:104BB0003405FF1F80B483B000AF0346FB71FB795F
:104BC0001A46044BC3F8C02000BF0C37BD4680BC5A
:104BD000704700BF403EFF1F80B500AF194B1B78E8
:104BE000002B0CD0184B586B184B5968174B1A6890
:104BF000164B5B68D21A164B1B78FFF7FFF9154B63
:104C00001B78002B08D0104B5B6B134A51680E4A7F
:104C1000926A1846FFF7DAFC104B1B78002B09D07C
:104C2000094B586B0C4B5968074B1A6F064B5B6F5F
:104C3000FFF76EFCFFF7F4FD0346034A536300BF22
:104C400080BD00BF3005FF1F2C3DFF1F683FFF1FC9
:104C50003105FF1F3305FF1F483FFF1F3405FF1FAE
:104C600080B500AF074B1B78002B08D0064B5B6B61
:104C7000054A116F044A526F1846FFF72DFB00BF1B
:104C800080BD00BF3205FF1F2C3DFF1F80B500AF68
:104C90000B4B5B6B032B0BD10A4B1B78002B07D004
:104CA000074B5B6B084A526811461846FFF716FD22
:104CB000FFF7B6FD0346024A536300BF80BD00BF45
:104CC0002C3DFF1F3305FF1F483FFF1F80B400AF7F
:104CD000034B9B6B23F07F431846BD4680BC704757
:104CE0002C3DFF1F80B400AF034B4FF080429A630E
:104CF00000BFBD4680BC70472C3DFF1F80B500AF94
:104D0000034B5B681846FEF7F9F90346184680BD69
:104D1000183FFF1F80B483B000AF78607B68DA680B
:104D20007B6819687B685B68CB1A7968896801FBC6
:104D300003F31A447B68DA607B68DB681A137B68CC
:104D40005A6000BF0C37BD4680BC704780B485B048
:104D500000AF78607B685B697A68926802FB03F356
:104D6000FB607B685B697A68526803FB02F27B68D0
:104D70001B681344FA681344BB607B685B6A7A68FB
:104D8000126A02FB03F3BA681344BB60BB68DA1310
:104D90007B68DA617B68DA697B68DB689A420EDDE2
:104DA0007B68DA687B68DA617B685B69002B21DAF3
:104DB0007B681A68FB681A447B681A601AE07B6893
:104DC000DA697B681B699A420EDA7B681A697B682C
:104DD000DA617B685B69002B0CDD7B681A68FB6815
:104DE0001A447B681A6005E07B681A68FB681A44FD
:104DF0007B681A6000BF1437BD4680BC704780B422
:104E000085B000AF786039600F23FB6008E07A68F6
:104E1000FB6842FA03F3002B06D0FB680133FB600A
:104E2000FB681E2BF3DD00E000BFFB68C3F11E0230
:104E30003B681A60FB680F3B7A6842FA03F3184636
:104E40001437BD4680BC704780B588B000AFF860AD
:104E5000B9607A603B60396BF86801F0AFFD0346DA
:104E6000F96A184601F05EFE03464FF08E4118467F
:104E700001F0A4FD0346184601F07CFF0346FB61E8
:104E80005049F869FFF7BBFF03464F4A1360396B7F
:104E9000B86801F093FD0346F96A184601F042FE36
:104EA0000346796B184601F089FD03464FF08E41A9
:104EB000184601F083FD0346184601F05BFF0346E8
:104EC000BB614249B869FFF79AFF03463E4A536007
:104ED0003F49786801F026FE03464FF08E411846A0
:104EE00001F06CFD0346184601F044FF0346364AC4
:104EF0005361354B01221A613968F86A01F012FEDC
:104F000003464FF08F41184601F058FD03464FF01D
:104F10008041184601F006FE03462E49184601F06E
:104F200001FE0346796B184601F0FCFD0346184666
:104F300001F020FF03467B6127497869FFF75FFF97
:104F40000346214A93604FF08B41B86A01F036FD69
:104F50000346184601F00EFF03461B4A13644FF048
:104F60008B41B86A01F02AFD0346184601F002FFA2
:104F70000346154A1365144B0022A3F86020124B18
:104F8000B3F960309BB2DB099BB21A46134B33F87E
:104F900012301BB21A460C4B1A630B4BB3F960303C
:104FA0009BB203F580439BB2DB099BB21A460B4BC5
:104FB00033F812301BB21A46034B5A6300BF203736
:104FC000BD4680BD6805FF1F4C05FF1F6405FF1F20
:104FD0002DB2DD3FDB0F4940A405FF1F6840FF1FD6
:104FE00080B400AF094B00225A64084B00225A6576
:104FF000064B00229A62054B0022DA62034B002224
:10500000A3F8602000BFBD4680BC70474C05FF1F61
:1050100080B586B000AFF860B9607A603B60664BDF
:105020005B693A6A02FB03F31B13634A526E02FB8D
:1050300003F3DB137B617B687A6902FB03F3DA130A
:105040005D4B1B68F96803FB01F15B4BDB6941FABF
:1050500003F3D21A584B5B685749896AF868411ABA
:1050600003FB01F1544B9B6941FA03F3D31A524AF3
:1050700013623B687A6902FB03F3DA134E4B1B6839
:10508000B96803FB01F14C4BDB6941FA03F3D21A17
:10509000494B5B684849C96AB868411A03FB01F18A
:1050A000454B9B6941FA03F3D31A434A5362424A80
:1050B000FB689362404ABB68D3623F4BB3F96030F0
:1050C0009BB2DB099BB21A463C4B33F812301BB241
:1050D0001A46394B1A63384BB3F960309BB203F56B
:1050E00080439BB2DB099BB21A46344B33F8123033
:1050F0001BB21A46304B5A632F4B1B6A2E4A526B17
:1051000003FB02F22C4B5B6A2B49096B01FB03F397
:105110001344DB13284A9363274B5B6A264A526B7E
:1051200003FB02F2244B1B6A2349096B01FB03F3C7
:10513000D31ADB13204A93642148FFF7EBFD214883
:10514000FFF7E8FD1C4BDB6C002B12DD1A4B9A6855
:10515000194BDB681344184AD16C174AD26B8A1A70
:1051600003FB02F2144B9B6D42FA03F3124AD36520
:1051700011E0114B9A68104BDB6813440E4AD16C56
:105180000D4AD26B0A4403FB02F20B4B9B6D42FAB1
:1051900003F3094AD365084BB3F960309AB2064B62
:1051A000DB6D9BB213449BB21AB2034BA3F8602091
:1051B00000BF1837BD4680BD4C05FF1F6840FF1F6C
:1051C0008405FF1F9405FF1F80B400AF034BB3F9A4
:1051D00060301846BD4680BC704700BF4C05FF1FBD
:1051E00080B400AF024BDB6D1846BD4680BC7047F3
:1051F0004C05FF1F80B400AF024BDB6C1846BD4668
:1052000080BC70474C05FF1F80B483B000AF78604E
:105210007B685B42034AD36000BF0C37BD4680BC4D
:10522000704700BF4C05FF1F80B400AF2D4B1B78AB
:105230000133DAB22B4B1A702A4B1A782A4B1B789F
:105240009A424BD3274B00221A70284B5B6E0133D6
:10525000264A5366254B5A6E254B1B689A4203DD3E
:10526000234B1B68214A5366204B9B6E01331F4A18
:1052700093661E4B9B6E322B30DD1C4B00229A66D0
:105280001A4B1A6C1B4B1B689A4205DA174B1B6CA6
:105290000133164A13640AE0144B1A6C154B1B6851
:1052A0009A4204DD114B1B6C013B104A13640F4BF7
:1052B0001A6D114B1B689A4205DA0C4B1B6D0133BA
:1052C0000A4A13650AE0094B1A6D0B4B1B689A4298
:1052D00004DD064B1B6D013B044A136500BFBD4650
:1052E00080BC7047FC05FF1F6844FF1F4C05FF1F73
:1052F0007444FF1F6C44FF1F7044FF1F80B582B0D1
:1053000000AF786039604FF08E41786801F056FB4D
:105310000346184601F02EFD03460F4A53664FF030
:105320008B41386801F04AFB0346184601F022FD24
:105330000346094A13644FF08B41386801F03EFB85
:105340000346184601F016FD0346034A136500BFE5
:105350000837BD4680BD00BF4C05FF1F80B483B039
:1053600000AF03460A46FB801346BB80054AFB8814
:105370001380054ABB88138000BF0C37BD4680BC34
:10538000704700BF7A44FF1F7844FF1F80B483B08A
:1053900000AF0346FB80044AFB88138000BF0C3734
:1053A000BD4680BC704700BF7844FF1F80B48DB0FD
:1053B00000AFF860B9607A603B60BB683B62BB6875
:1053C0005B10FB85FB6846F6DA6202FB03F3DB1336
:1053D000BB85B7F92C20B7F92E30D31AFB61B7F98A
:1053E0002C305A42B7F92E30D31ABB613B6A002BDE
:1053F000C0F2EE81FB69002BC0F2A080012387F888
:105400002730A04BB3F900301A463B6A02FB03F386
:10541000DB13FB859B4BB3F900301A46FB6902FB9B
:1054200003F3DB13BB85984BB3F90030B7F92E209B
:105430009A4202DBFB8D7B850CE0FB8D5B009AB210
:10544000914BB3F900309BB2D31A9BB27B858E4B44
:105450001B88FB858C4BB3F90030B7F92C209A429E
:1054600002DBBB8D3B850CE0BB8D5B009AB2864BAB
:10547000B3F900309BB2D31A9BB23B85824B1B8899
:10548000BB85804BB3F900301A46B7F92E30D21ADB
:10549000B7F92C30D31A5B10FB827A4BB3F900308A
:1054A0001A46B7F92A30D21AB7F92830D31A5B1046
:1054B000BB82B7F92E305B101BB29AB2FB8A134441
:1054C0009BB21AB2FB6B1A80FA8AFB8D13449AB214
:1054D000B7F92C305B101BB29BB213449BB21AB2CB
:1054E0003B6C1A80BB6BFA8A1A80FA8AFB8D1344D4
:1054F0009BB21AB23B681A80FA8AFB8D13449AB2A7
:10550000BB8D13449BB21AB27B681A80BB6B02330B
:10551000BA8A1A80BA8A7B8D13449AB23B680233E6
:1055200012B21A80BA8A7B8D13449AB23B8D13440F
:105530009AB27B68023312B21A803CE3BB69002B3B
:10554000C0F2A480032387F827304E4BB3F9003014
:105550001A46BB6902FB03F3DB13FB85494BB3F926
:1055600000301A463B6A02FB03F3DB13BB85464B54
:10557000B3F90030B7F92E209A4202DBFB8D7B8510
:105580000CE0FB8D5B009AB23F4BB3F900309BB24D
:10559000D31A9BB27B853C4B1B88FB853A4BB3F9F6
:1055A0000030B7F92C209A4202DBBB8D3B850CE022
:1055B000BB8D5B009AB2344BB3F900309BB2D31A67
:1055C0009BB23B85304B1B88BB852E4BB3F900301B
:1055D0001A46B7F92E30D21AB7F92C30D31A5B100D
:1055E000FB82284BB3F900301A46B7F92A30D21A99
:1055F000B7F92830D31A5B10BB82B7F92E305B1095
:105600001BB29AB2FB8A13449BB21AB2FB6B1A808C
:10561000FA8AFB8D13449AB2B7F92C305B101BB297
:105620009BB213449BB21AB23B6C1A807B68FA8A15
:105630001A80FA8AFB8D13449BB21AB2BB6B1A8094
:10564000FA8AFB8D13449AB2BB8D13449BB21AB2F3
:105650003B681A807B680233BA8A1A80BA8A7B8DCB
:1056600013449AB2BB6B023312B21A80BA8A7B8D92
:1056700013449AB23B8D13449AB23B68023312B280
:105680001A8098E27A44FF1F7844FF1F022387F8AC
:1056900027306E4BB3F900301A46BB6902FB03F3A7
:1056A0005B42DB13FB85694BB3F900301A46FB699B
:1056B00002FB03F35B42DB13BB85654BB3F90030A0
:1056C000B7F92E209A4202DBFB8D7B850CE0FB8D27
:1056D0005B009AB25E4BB3F900309BB2D31A9BB217
:1056E0007B855B4B1B88FB85594BB3F90030B7F9C1
:1056F0002C209A4202DBBB8D3B850CE0BB8D5B000E
:105700009AB2534BB3F900309BB2D31A9BB23B858C
:105710004F4B1B88BB854D4BB3F900301A46B7F988
:105720002E30D21AB7F92C30D31A5B10FB82474BBC
:10573000B3F900301A46B7F92A30D21AB7F928302F
:10574000D31A5B10BB82B7F92E305B101BB29AB232
:10575000FB8A13449BB21AB2FB6B1A80FA8AFB8D48
:1057600013449AB2B7F92C305B101BB29BB21344AE
:105770009BB21AB23B6C1A80BB6BFA8A1A80FA8A07
:10578000FB8D13449BB21AB27B681A80FA8AFB8D98
:1057900013449AB2BB8D13449BB21AB23B681A8071
:1057A000BB6B0233BA8A1A80BA8A7B8D13449AB2D1
:1057B0007B68023312B21A80BA8A7B8D13449AB284
:1057C0003B8D13449AB23B68023312B21A80F2E165
:1057D000FB69002BC0F24A81BB69002BC0F2A48098
:1057E000052387F82730194BB3F900301A46FB69B7
:1057F00002FB03F3DB13FB85144BB3F900301A46AD
:10580000BB6902FB03F3DB13BB85114BB3F900301B
:10581000B7F92E209A4202DBFB8D7B850CE0FB8DD5
:105820005B009AB20A4BB3F900309BB2D31A9BB219
:105830007B85074B1B88FB85054BB3F90030B7F917
:105840002C209A4206DBBB8D3B8510E07A44FF1F7B
:105850007844FF1FBB8D5B009AB2A04BB3F90030B8
:105860009BB2D31A9BB23B859C4B1B88BB859C4B40
:10587000B3F900301A46B7F92E30D21AB7F92C30E6
:10588000D31A5B10FB82964BB3F900301A46B7F976
:105890002A30D21AB7F92830D31A5B10BB82B7F975
:1058A0002E305B101BB29AB2FB8A13449BB21AB221
:1058B000FB6B1A80FA8AFB8D13449AB2B7F92C302D
:1058C0005B101BB29BB213449BB21AB23B6C1A80A2
:1058D0003B68FA8A1A80FA8AFB8D13449BB21AB28B
:1058E0007B681A80FA8AFB8D13449AB2BB8D1344ED
:1058F0009BB21AB2BB6B1A803B680233BA8A1A8019
:10590000BA8A7B8D13449AB27B68023312B21A8032
:10591000BA8A7B8D13449AB23B8D13449AB2BB6B07
:10592000023312B21A8046E1062387F827306C4B07
:10593000B3F900301A463B6A02FB03F35B42DB1308
:10594000FB85674BB3F900301A46BB6902FB03F3D2
:105950005B42DB13BB85614BB3F90030B7F92E20F6
:105960009A4202DBFB8D7B850CE0FB8D5B009AB2DB
:105970005A4BB3F900309BB2D31A9BB27B85574B7D
:105980001B88FB85554BB3F90030B7F92C209A42A0
:1059900002DBBB8D3B850CE0BB8D5B009AB24F4BAD
:1059A000B3F900309BB2D31A9BB23B854B4B1B889B
:1059B000BB854B4BB3F900301A46B7F92E30D21ADB
:1059C000B7F92C30D31A5B10FB82454BB3F900308A
:1059D0001A46B7F92A30D21AB7F92830D31A5B1011
:1059E000BB82B7F92E305B101BB29AB2FB8A13440C
:1059F0009BB21AB2FB6B1A80FA8AFB8D13449AB2DF
:105A0000B7F92C305B101BB29BB213449BB21AB295
:105A10003B6C1A803B68FA8A1A80FA8AFB8D134421
:105A20009BB21AB2BB6B1A80FA8AFB8D13449AB2EE
:105A3000BB8D13449BB21AB27B681A803B68023359
:105A4000BA8A1A80BA8A7B8D13449AB2BB6B02332E
:105A500012B21A80BA8A7B8D13449AB23B8D1344DA
:105A60009AB27B68023312B21A80A4E0042387F84A
:105A700027301B4BB3F900301A46FB6902FB03F3D6
:105A80005B42DB13FB85164BB3F900301A463B6AC9
:105A900002FB03F35B42DB13BB85104BB3F9003011
:105AA000B7F92E209A4202DBFB8D7B850CE0FB8D43
:105AB0005B009AB2094BB3F900309BB2D31A9BB288
:105AC0007B85064B1B88FB85044BB3F90030B7F987
:105AD0002C209A4206DBBB8D3B8510E07844FF1FEB
:105AE0007A44FF1FBB8D5B009AB2364BB3F900308E
:105AF0009BB2D31A9BB23B85324B1B88BB85324B82
:105B0000B3F900301A46B7F92E30D21AB7F92C3053
:105B1000D31A5B10FB822C4BB3F900301A46B7F94D
:105B20002A30D21AB7F92830D31A5B10BB82B7F9E2
:105B30002E305B101BB29AB2FB8A13449BB21AB28E
:105B4000FB6B1A80FA8AFB8D13449AB2B7F92C309A
:105B50005B101BB29BB213449BB21AB23B6C1A800F
:105B60007B68FA8A1A80FA8AFB8D13449BB21AB2B8
:105B70003B681A80FA8AFB8D13449AB2BB8D13449A
:105B80009BB21AB2BB6B1A807B680233BA8A1A8046
:105B9000BA8A7B8D13449AB23B68023312B21A80E0
:105BA000BA8A7B8D13449AB23B8D13449AB2BB6B75
:105BB000023312B21A8097F8273018463437BD46A0
:105BC00080BC70477844FF1F7A44FF1F80B485B0C3
:105BD00000AFB9607A603B600346FB73FB7B013B1F
:105BE000052B6FD801A252F823F000BF055C03001B
:105BF000255C0300455C0300655C0300855C0300D5
:105C0000A55C0300BB681A013B681A607B681B0136
:105C10005A42FB691A607A68BB68D31A1A01BB69D9
:105C20001A604FE0BB681A01BB691A607B681B01F0
:105C30005A42FB691A607A68BB68D31A1A013B683A
:105C40001A603FE0BB681A01BB691A607B681B01E0
:105C50005A423B681A607A68BB68D31A1A01FB691A
:105C60001A602FE0BB681A01FB691A607B681B0190
:105C70005A423B681A607A68BB68D31A1A01BB693A
:105C80001A601FE0BB681A01FB691A607B681B0180
:105C90005A42BB691A607A68BB68D31A1A013B681A
:105CA0001A600FE0BB681A013B681A607B681B0131
:105CB0005A42BB691A607A68BB68D31A1A01FB6939
:105CC0001A6000BF00BF1437BD4680BC704780B566
:105CD00084B000AFF860B9607A603B604FF08E41ED
:105CE000F86800F06BFE0346184601F043F80346DF
:105CF0000E4A13600D4B0122DA600C4B01221A612F
:105D00000A4B00225A613B685B42084A9361074B89
:105D100042F210721A62054A7B685360034B4FF4DB
:105D200000729A6300BF1037BD4680BDB805FF1FE3
:105D300080B400AF044B00229A60034B0022DA6368
:105D400000BFBD4680BC7047B805FF1F80B586B058
:105D500000AF7860174B5B697A6802FB03F31B1393
:105D60003B61154B1B683A6902FB03F3DB13FB60D5
:105D7000114AFB6813640F4BDB6C0F4A13630F4827
:105D8000FEF7C8FF0B4BDB6C7B617B69002B02DAF3
:105D90007B695B427B61FA687B69D31A064AD361EF
:105DA0000748FEF7D3FF044B5B6A18461837BD4619
:105DB00080BD00BF4C05FF1FB805FF1FE805FF1F92
:105DC000C005FF1F81F0004102E000BF83F00043E7
:105DD00030B54FEA41044FEA430594EA050F08BF86
:105DE00090EA020F1FBF54EA000C55EA020C7FEA4A
:105DF000645C7FEA655C00F0E2804FEA5454D4EBC7
:105E00005555B8BF6D420CDD2C4480EA020281EA90
:105E1000030382EA000083EA010180EA020281EAC8
:105E20000303362D88BF30BD11F0004F4FEA01311A
:105E30004FF4801C4CEA113102D0404261EB410129
:105E400013F0004F4FEA03334CEA133302D05242AF
:105E500063EB430394EA050F00F0A780A4F101046B
:105E6000D5F1200E0DDB02FA0EFC22FA05F28018A5
:105E700041F1000103FA0EF2801843FA05F359418B
:105E80000EE0A5F120050EF1200E012A03FA0EFC0A
:105E900028BF4CF0020C43FA05F3C01851EBE37134
:105EA00001F0004507D54FF0000EDCF1000C7EEB51
:105EB00000006EEB0101B1F5801F1BD3B1F5001F8F
:105EC0000CD349085FEA30004FEA3C0C04F10104AE
:105ED0004FEA445212F5800F80F09A80BCF1004FD7
:105EE00008BF5FEA500C50F1000041EB045141EA59
:105EF000050130BD5FEA4C0C404141EB0101013C22
:105F000028BFB1F5801FE9D291F0000F04BF014610
:105F10000020B1FA81F308BF2033A3F10B03B3F1E2
:105F200020020CDA0C3208DD02F1140CC2F10C0272
:105F300001FA0CF021FA02F10CE002F11402D8BFD0
:105F4000C2F1200C01FA02F120FA0CFCDCBF41EA9C
:105F50000C019040E41AA2BF01EB0451294330BD6B
:105F60006FEA04041F3C1CDA0C340EDC04F1140448
:105F7000C4F1200220FA04F001FA02F340EA03001F
:105F800021FA04F345EA030130BDC4F10C04C4F165
:105F9000200220FA02F001FA04F340EA0300294645
:105FA00030BD21FA04F0294630BD94F0000F83F48F
:105FB000801306BF81F480110134013D4EE77FEA72
:105FC000645C18BF7FEA655C29D094EA050F08BFBE
:105FD00090EA020F05D054EA000C04BF194610469F
:105FE00030BD91EA030F1EBF0021002030BD5FEAE3
:105FF000545C05D14000494128BF41F0004130BD0B
:1060000014F580043CBF01F5801130BD01F000455E
:1060100045F0FE4141F470014FF0000030BD7FEAD1
:10602000645C1ABF194610467FEA655C1CBF0B46CC
:10603000024650EA013406BF52EA033591EA030FE3
:1060400041F4002130BD00BF90F0000F04BF0021DB
:10605000704730B54FF4806404F132044FF000050E
:106060004FF0000150E700BF90F0000F04BF002187
:10607000704730B54FF4806404F1320410F00045ED
:1060800048BF40424FF000013EE700BF42004FEAE8
:10609000E2014FEA31014FEA02701FBF12F07F4365
:1060A00093F07F4F81F06051704732F07F4208BF1C
:1060B000704793F07F4F04BF41F40021704730B523
:1060C0004FF4607401F0004521F000411CE700BF6F
:1060D00050EA010208BF704730B54FF000050AE0F2
:1060E00050EA010208BF704730B511F0004502D5F3
:1060F000404261EB41014FF4806404F132045FEAF5
:10610000915C3FF4D8AE4FF003025FEADC0C18BF9D
:1061100003325FEADC0C18BF033202EBDC02C2F18F
:10612000200300FA03FC20FA02F001FA03FE40EA21
:106130000E0021FA02F11444BDE600BF70B54FF025
:10614000FF0C4CF4E06C1CEA11541DBF1CEA135503
:1061500094EA0C0F95EA0C0F00F0DEF82C4481EA6B
:10616000030621EA4C5123EA4C5350EA013518BF8B
:1061700052EA033541F4801143F4801338D0A0FB78
:1061800002CE4FF00005E1FB02E506F00042E0FB25
:1061900003E54FF00006E1FB03569CF0000F18BF2B
:1061A0004EF0010EA4F1FF04B6F5007F64F54074D3
:1061B00004D25FEA4E0E6D4146EB060642EAC62166
:1061C00041EA55514FEAC52040EA5E504FEACE2ED3
:1061D000B4F1FD0C88BFBCF5E06F1ED8BEF1004FD6
:1061E00008BF5FEA500E50F1000041EB045170BD52
:1061F00006F0004646EA010140EA020081EA030196
:10620000B4EB5C04C2BFD4EB0C0541EA045170BD91
:1062100041F480114FF0000E013C00F3AB8014F10B
:10622000360FDEBF002001F0004170BDC4F1000454
:10623000203C35DA0C341BDC04F11404C4F12005D5
:1062400000FA05F320FA04F001FA05F240EA020030
:1062500001F0004221F0004110EBD37021FA04F666
:1062600042EB06015EEA430E08BF20EAD37070BD20
:10627000C4F10C04C4F1200500FA04F320FA05F07F
:1062800001FA04F240EA020001F0004110EBD37081
:1062900041F100015EEA430E08BF20EAD37070BDF1
:1062A000C4F1200500FA05F24EEA020E20FA04F3CA
:1062B00001FA05F243EA020321FA04F001F0004179
:1062C00021FA04F220EA020000EBD3705EEA430EEA
:1062D00008BF20EAD37070BD94F0000F0FD101F019
:1062E0000046400041EB010111F4801F08BF013C52
:1062F000F7D041EA060195F0000F18BF704703F090
:106300000046520043EB030313F4801F08BF013D16
:10631000F7D043EA0603704794EA0C0F0CEA1355D2
:1063200018BF95EA0C0F0CD050EA410618BF52EA8C
:106330004306D1D181EA030101F000414FF0000092
:1063400070BD50EA410606BF1046194652EA4306A0
:1063500019D094EA0C0F02D150EA013613D195EA14
:106360000C0F05D152EA03361CBF104619460AD15C
:1063700081EA030101F0004141F0FE4141F4700166
:106380004FF0000070BD41F0FE4141F4780170BD56
:1063900070B54FF0FF0C4CF4E06C1CEA11541DBFBB
:1063A0001CEA135594EA0C0F95EA0C0F00F0A7F8BD
:1063B000A4EB050481EA030E52EA03354FEA0131EA
:1063C00000F088804FEA03334FF0805545EA1313FD
:1063D00043EA12634FEA022245EA111545EA1065C5
:1063E0004FEA00260EF000419D4208BF964244F15C
:1063F000FD0404F5407402D25B084FEA3202B61A7B
:1064000065EB03055B084FEA32024FF480104FF44E
:10641000002CB6EB020E75EB030E22BFB61A7546C2
:1064200040EA0C005B084FEA3202B6EB020E75EB55
:10643000030E22BFB61A754640EA5C005B084FEABD
:106440003202B6EB020E75EB030E22BFB61A75468A
:1064500040EA9C005B084FEA3202B6EB020E75EB95
:10646000030E22BFB61A754640EADC0055EA060E56
:1064700018D04FEA051545EA16754FEA06164FEA99
:10648000C30343EA52734FEAC2025FEA1C1CC0D145
:1064900011F4801F0BD141EA00014FF000004FF0D2
:1064A000004CB6E711F4801F04BF01430020B4F193
:1064B000FD0C88BFBCF5E06F3FF6AFAEB5EB030C4B
:1064C00004BFB6EB020C5FEA500C50F1000041EB48
:1064D000045170BD0EF0004E4EEA113114EB5C0415
:1064E000C2BFD4EB0C0541EA045170BD41F48011E8
:1064F0004FF0000E013C90E645EA060E8DE60CEAF0
:10650000135594EA0C0F08BF95EA0C0F3FF43BAF0C
:1065100094EA0C0F0AD150EA01347FF434AF95EAC3
:106520000C0F7FF425AF104619462CE795EA0C0FA7
:1065300006D152EA03353FF4FDAE1046194622E774
:1065400050EA410618BF52EA43067FF4C5AE50EA4E
:1065500041047FF40DAF52EA43057FF4EBAE12E73E
:106560004FF0FF3C06E000BF4FF0010C02E000BF1F
:106570004FF0010C4DF804CD4FEA410C7FEA6C5C02
:106580004FEA430C18BF7FEA6C5C1BD001B050EAA5
:10659000410C0CBF52EA430C91EA030F02BF90EA90
:1065A000020F0020704710F1000F91EA030F58BF4F
:1065B000994208BF90422CBFD8176FEAE37040F0B1
:1065C000010070474FEA410C7FEA6C5C02D150EA4F
:1065D000013C07D14FEA430C7FEA6C5CD6D152EA0A
:1065E000033CD3D05DF8040B704700BF84461046CF
:1065F00062468C461946634600E000BF01B5FFF7CE
:10660000B7FF002848BF10F1000F01BD4DF808ED9D
:10661000FFF7F4FF0CBF012000205DF808FB00BF6E
:106620004DF808EDFFF7EAFF34BF012000205DF8C8
:1066300008FB00BF4DF808EDFFF7E0FF94BF012015
:1066400000205DF808FB00BF4DF808EDFFF7CEFF16
:1066500094BF012000205DF808FB00BF4DF808ED55
:10666000FFF7C4FF34BF012000205DF808FB00BF26
:106670004FEA410212F5001215D211D56FF478736A
:10668000B3EB625212D94FEAC12343F0004343EA0D
:10669000505311F0004F23FA02F018BF40427047E8
:1066A0004FF00000704750EA013005D111F0004072
:1066B00008BF6FF0004070474FF00000704700BF08
:1066C0004A0011D212F5001211D20DD56FF4787371
:1066D000B3EB62520ED44FEAC12343F0004343EAC6
:1066E000505323FA02F070474FF00000704750EA11
:1066F000013002D14FF0FF3070474FF0000070477B
:106700004FEA4102B2F1E04324BFB3F5001CDCF1D3
:10671000FE5C0DD901F0004C4FEAC0024CEA50700B
:10672000B2F1004F40EB830008BF20F0010070473A
:1067300011F0804F21D113F13872BCBF01F000403D
:10674000704741F480114FEA5252C2F11802C2F16F
:10675000200C10FA0CF320FA02F018BF40F00100F0
:106760004FEAC1234FEAD32303FA0CFC40EA0C00A2
:1067700023FA02F34FEA4303CCE77FEA625307D1DF
:1067800050EA01331EBF4FF0FE4040F44000704716
:1067900001F0004040F0FE4040F40000704700BFB0
:1067A00080F0004002E000BF81F0004142001FBFC6
:1067B0005FEA410392EA030F7FEA226C7FEA236CCF
:1067C0006AD04FEA1262D2EB1363C1BFD2184140C4
:1067D00048404140B8BF5B42192B88BF704710F05A
:1067E000004F40F4000020F07F4018BF404211F0FD
:1067F000004F41F4000121F07F4118BF494292EA65
:10680000030F3FD0A2F1010241FA03FC10EB0C0090
:10681000C3F1200301FA03F100F0004302D549421D
:1068200060EB4000B0F5000F13D3B0F1807F06D3CA
:1068300040084FEA310102F10102FE2A51D2B1F1C2
:10684000004F40EBC25008BF20F0010040EA0300B7
:106850007047490040EB0000013A28BFB0F5000F37
:10686000EDD2B0FA80FCACF1080CB2EB0C0200FAED
:106870000CF0AABF00EBC25052421843BCBFD0403C
:106880001843704792F0000F81F4000106BF80F4B6
:1068900000000132013BB5E74FEA41037FEA226C79
:1068A00018BF7FEA236C21D092EA030F04D092F044
:1068B000000F08BF0846704790EA010F1CBF002078
:1068C000704712F07F4F04D1400028BF40F00040D5
:1068D000704712F100723CBF00F50000704700F0F5
:1068E000004343F0FE4040F4000070477FEA22621C
:1068F00016BF08467FEA23630146420206BF5FEAED
:10690000412390EA010F40F4800070474FF00003EC
:1069100004E000BF10F0004348BF40425FEA000CB3
:1069200008BF704743F0964301464FF000001CE05B
:1069300050EA010208BF70474FF000030AE000BFB1
:1069400050EA010208BF704711F0004302D54042EF
:1069500061EB41015FEA010C02BF84460146002061
:1069600043F0B64308BFA3F18053A3F50003BCFA7C
:106970008CF2083AA3EBC25310DB01FA02FC634429
:1069800000FA02FCC2F12002BCF1004F20FA02F230
:1069900043EB020008BF20F00100704702F1200223
:1069A00001FA02FCC2F1200250EA4C0021FA02F284
:1069B00043EB020008BF20EADC7070474FF0FF0C89
:1069C0001CEAD0521EBF1CEAD15392EA0C0F93EA84
:1069D0000C0F6FD01A4480EA010C400218BF5FEA26
:1069E00041211ED04FF0006343EA501043EA511199
:1069F000A0FB01310CF00040B1F5000F3EBF490093
:106A000041EAD3715B0040EA010062F17F02FD2A96
:106A10001DD8B3F1004F40EBC25008BF20F0010079
:106A2000704790F0000F0CF0004C08BF49024CEA90
:106A3000502040EA51207F3AC2BFD2F1FF0340EA22
:106A4000C250704740F400004FF00003013A5DDC93
:106A500012F1190FDCBF00F000407047C2F10002D4
:106A6000410021FA02F1C2F1200200FA02FC5FEAC1
:106A7000310040F1000053EA4C0308BF20EADC700B
:106A8000704792F0000F00F0004C02BF400010F47D
:106A9000000F013AF9D040EA0C0093F0000F01F02A
:106AA000004C02BF490011F4000F013BF9D041EA4C
:106AB0000C018FE70CEAD15392EA0C0F18BF93EA4E
:106AC0000C0F0AD030F0004C18BF31F0004CD8D178
:106AD00080EA010000F00040704790F0000F17BFFF
:106AE00090F0004F084691F0000F91F0004F14D045
:106AF00092EA0C0F01D142020FD193EA0C0F03D19D
:106B00004B0218BF084608D180EA010000F000409F
:106B100040F0FE4040F40000704740F0FE4040F47A
:106B2000400070474FF0FF0C1CEAD0521EBF1CEA19
:106B3000D15392EA0C0F93EA0C0F69D0A2EB030237
:106B400080EA010C49024FEA402037D04FF08053D1
:106B500043EA111143EA10130CF000408B4238BF96
:106B60005B0042F17D024FF4000C8B4224BF5B1AA4
:106B700040EA0C00B3EB510F24BFA3EB510340EAF2
:106B80005C00B3EB910F24BFA3EB910340EA9C00A0
:106B9000B3EBD10F24BFA3EBD10340EADC001B0110
:106BA00018BF5FEA1C1CE0D1FD2A3FF650AF8B42B4
:106BB00040EBC25008BF20F0010070470CF0004CC1
:106BC0004CEA50207F32C2BFD2F1FF0340EAC250EC
:106BD000704740F400004FF00003013A37E792F0AD
:106BE000000F00F0004C02BF400010F4000F013A0B
:106BF000F9D040EA0C0093F0000F01F0004C02BF06
:106C0000490011F4000F013BF9D041EA0C0195E76E
:106C10000CEAD15392EA0C0F08D142027FF47DAF07
:106C200093EA0C0F7FF470AF084676E793EA0C0FF7
:106C300004D14B023FF44CAF08466EE730F0004CF5
:106C400018BF31F0004CCAD130F000427FF45CAF85
:106C500031F000437FF43CAF5FE700BF4FF0FF3CF3
:106C600006E000BF4FF0010C02E000BF4FF0010C46
:106C70004DF804CD4FEA40024FEA41037FEA226C0F
:106C800018BF7FEA236C11D001B052EA530C18BF31
:106C900090EA010F58BFB2EB030088BFC81738BF96
:106CA0006FEAE17018BF40F0010070477FEA226C84
:106CB00002D15FEA402C05D17FEA236CE4D15FEA80
:106CC000412CE1D05DF8040B704700BF84460846B4
:106CD0006146FFE70FB5FFF7C9FF002848BF10F175
:106CE000000F0FBD4DF808EDFFF7F4FF0CBF0120BA
:106CF00000205DF808FB00BF4DF808EDFFF7EAFF44
:106D000034BF012000205DF808FB00BF4DF808EDFE
:106D1000FFF7E0FF94BF012000205DF808FB00BFF3
:106D20004DF808EDFFF7D2FF94BF012000205DF879
:106D300008FB00BF4DF808EDFFF7C8FF34BF012086
:106D400000205DF808FB00BF4FEA40024FEA410314
:106D50007FEA226C02D15FEA402C08D17FEA236CE3
:106D600002D15FEA412C02D14FF0000070474FF092
:106D7000010070474FEA4002B2F1FE4F0FD34FF0CF
:106D80009E03B3EB12620DD94FEA002343F0004398
:106D900010F0004F23FA02F018BF404270474FF046
:106DA0000000704712F1610F01D1420205D110F0CD
:106DB000004008BF6FF0004070474FF00000704780
:106DC00042000ED2B2F1FE4F0BD34FF09E03B3EB55
:106DD000126209D44FEA002343F0004323FA02F081
:106DE00070474FF00000704712F1610F01D142026D
:106DF00002D14FF0FF3070474FF00000704700BFE6
:106E000053B94AB9002908BF00281CBF4FF0FF3111
:106E10004FF0FF3000F080B9ADF1080C6DE904CE01
:106E200000F006F8DDF804E0DDE9022304B0704765
:106E30002DE9F04F099E0D4604460F46002B47D121
:106E40008A4294465FD9B2FA82F343B1C3F120017A
:106E50009F4002FA03FC9C4020FA01F10F434FEAE5
:106E60001C451FFA8CFE220CB7FBF5F105FB1177D0
:106E700001FB0EF042EA0742904208D91CEB0202E5
:106E800001F1FF3702D2904200F234813946121AE2
:106E9000A4B2B2FBF5F005FB102200FB0EFE44EAA3
:106EA0000244A64508D91CEB040400F1FF3202D2CB
:106EB000A64500F21981104640EA0140A4EB0E04F9
:106EC00000211EB1DC400023C6E90043BDE8F08F7D
:106ED0008B4208D9002E00F0FB800021C6E9000596
:106EE0000846BDE8F08FB3FA83F100294BD1AB42DD
:106EF000C0F0F180824240F2EE800846002EE5D0DC
:106F0000C6E90047E2E702B9FFDEB2FA82F3002BDE
:106F100040F09D808D1A4FEA124E97B20121B5FBC9
:106F2000FEF20EFB1250250C45EA004507FB02F06D
:106F3000A8420FD91CEB050502F1FF382CBF4FF01A
:106F400001094FF00009A84203D9B9F1000F00F080
:106F5000CE8042462D1AA4B2B5FBFEF00EFB1055B2
:106F600000FB07F744EA0544A74208D91CEB0404D8
:106F700000F1FF3502D2A74200F2B3802846E41B9D
:106F800040EA02409DE7C1F120078B4005FA01F479
:106F900022FA07FCFD408A404CEA030C20FA07F372
:106FA0004FEA1C491C431FFA8CFE00FA01F3200C27
:106FB000B5FBF9F809FB185540EA054508FB0EF04A
:106FC000A8420FD91CEB050508F1FF3A2CBF4FF082
:106FD000010B4FF0000BA84203D9BBF1000F00F0EA
:106FE0008C80D0462D1AA4B2B5FBF9F009FB1055E0
:106FF00000FB0EFE44EA0545AE4507D91CEB05052E
:1070000000F1FF3401D2AE457ED8204640EA084068
:10701000A5EB0E05A0FB029845454C46C64602D39B
:1070200006D14B4504D20138B9EB020468EB0C0ED3
:10703000002E6FD01A1B65EB0E0522FA01F305FA3C
:1070400007F7CD4000211F43C6E900753EE702FA6D
:1070500003FCC3F1200001FA03F24FEA1C4EC140C9
:1070600024FA00F51FFA8CF79C401543B1FBFEF0A3
:107070002A0C0EFB101142EA014200FB07F191427B
:107080000ED91CEB020200F1FF382CBF4FF00109B2
:107090004FF00009914202D9B9F1000F31D04046BA
:1070A000521AADB2B2FBFEF10EFB112245EA0245C7
:1070B00001FB07F2AA4207D91CEB050501F1FF38D5
:1070C00001D2AA4223D84146AD1A41EA004126E73F
:1070D00031463046FAE6841A65EB030301201F4669
:1070E0000CE7644402384AE764440238E4E6023AB2
:1070F00065442FE702396244C9E6A8F102086544F5
:1071000070E702386244CBE7023865447EE7023913
:107110006544D9E73146D9E6704700BF80B500AF76
:1071200000F005F811F0AEFE12F0E2F9FCE780B4D1
:1071300000AF00BFBD4680BC7047000080B582B084
:1071400000AF7860FDF7DAFD0346174A1360174B6E
:107150001B78012B24D1164B40F68C221A80154B3C
:107160001B680133134A1360124B1B68124A934287
:1071700007D80F4B1B8803F131020B4B1B689A4257
:107180000EDB0C4B00221A600C4B1B689AB2084BAA
:107190001A800B4B4FF080429A63044B00221A7006
:1071A00000BF0837BD4680BD0006FF1F0806FF1F51
:1071B0002005FF1F1006FF1F00C409007C44FF1FAD
:1071C0002C3DFF1F80B483B000AF786000BF0C3748
:1071D000BD4680BC7047000080B483B000AF7860CB
:1071E0003C4B1B780133DAB23A4B1A70394B1B789F
:1071F000012B6AD9374B00221A70374BD3F8BC30B9
:10720000B3F5E16F61DD354B9A68354B1B689A42E7
:1072100005DD324B9B68013B304A93600AE02F4BFF
:107220009A682F4B1B689A4204DA2C4B9B680133F7
:107230002A4A93602B4B9A682B4B1B689A4205DDB8
:10724000284B9B68013B274A93600AE0254B9A68CC
:10725000254B1B689A4204DA224B9B680133214A72
:107260009360224B5A68224B1B689A4205DD1F4BE4
:107270005B68643B1D4A53600AE01C4B5A681C4B18
:107280001B689A4204DA194B5B686433174A5360EF
:10729000184BD3F8CC20184B1B689A4207DD154BCE
:1072A000D3F8CC300A3B134AC2F8CC300DE0114B76
:1072B000D3F8CC20104B1B689A4206DA0D4BD3F85A
:1072C000CC300A330B4AC2F8CC3000BF0C37BD4675
:1072D00080BC70471406FF1F2C3DFF1FF03FFF1FAF
:1072E0008C44FF1F4040FF1F9044FF1FC83FFF1FFB
:1072F0009444FF1F403EFF1F0406FF1F80B483B06D
:1073000000AF786000BF0C37BD4680BC70470000FE
:1073100080B500AF144B1B780133DAB2124B1A70F0
:10732000124B1B78002B15D1FBF778FFFBF7A0FF62
:107330000346012B14D1FCF759F80D4B0D4A0E49A9
:107340000E48FCF79FF8094B1B780133DAB2074B64
:107350001A7005E0054B1B78002B01D0FCF7BAF83A
:10736000FDF73AFC00BF80BD2406FF1F2C05FF1F60
:10737000000040408315A73B68E81F393D0AD73D10
:1073800080B500AF114B1B8801339AB20F4B1A80A6
:107390000E4B1B8803F001039BB2002B01D100F0C0
:1073A00019F80A4B1A880A4BA3FB0213D9080B469B
:1073B0009B000B445B00D31A9BB2002B04D1034B00
:1073C00000221A8000F028F800BF80BD1606FF1FBB
:1073D000CDCCCCCC80B500AF0D4B1A780D4B1B78C3
:1073E0009A4210D00A4B1B78012B02D1FBF724FFE5
:1073F00005E0074B1B78002B01D1FBF70FFF044B77
:107400001A78044B1A70FDF741FC00BF80BD00BF25
:107410001806FF1F1906FF1F80B400AF00BFBD464E
:1074200080BC704780B487B000AF0023FB74134B5F
:10743000FB60134BBB60134A114BD31A9B087B6054
:10744000114B0E4A1A6000237B610CE07B699B00A4
:10745000BA681A447B699B00F9680B4412681A6089
:107460007B6901337B617A697B689A42EED300BF06
:1074700000BF1C37BD4680BC704700BF0000FF1F27
:10748000200003005C03030008ED00E080B400AFBF
:10749000FEE780B500AFFFF7F9FF00BF80BD80B504
:1074A00000AFFFF7F3FF00BF80BD80B500AFFFF76F
:1074B000EDFF00BF80BD80B500AFFFF7E7FF00BF65
:1074C00080BD80B500AFFFF7E1FF00BF80BD80B594
:1074D00000AFFFF7DBFF00BF80BD80B500AFFFF757
:1074E000D5FF00BF80BD80B500AFFFF7CFFF00BF65
:1074F00080BD80B500AFFFF7C9FF00BF80BD80B57C
:1075000000AFFFF7C3FF00BF80BD80B500AFFFF73E
:10751000BDFF00BF80BD80B500AFFFF7B7FF00BF64
:1075200080BD80B500AFFFF7B1FF00BF80BD80B563
:1075300000AFFFF7ABFF00BF80BD80B500AFFFF726
:10754000A5FF00BF80BD80B500AFFFF79FFF00BF64
:1075500080BD80B500AFFFF799FF00BF80BD80B54B
:1075600000AFFFF793FF00BF80BD80B500AFFFF70E
:107570008DFF00BF80BD80B500AFFFF787FF00BF64
:1075800080BD80B500AFFFF781FF00BF80BD80B533
:1075900000AFFFF77BFF00BF80BD80B500AFFFF7F6
:1075A00075FF00BF80BD80B500AFFFF76FFF00BF64
:1075B00080BD80B500AFFFF769FF00BF80BD80B51B
:1075C00000AFFFF763FF00BF80BD80B500AFFFF7DE
:1075D0005DFF00BF80BD80B500AFFFF757FF00BF64
:1075E00080BD80B500AFFFF751FF00BF80BD80B503
:1075F00000AFFFF74BFF00BF80BD80B500AFFFF7C6
:1076000045FF00BF80BD80B500AFFFF73FFF00BF63
:1076100080BD80B500AFFFF739FF00BF80BD80B5EA
:1076200000AFFFF733FF00BF80BD80B500AFFFF7AD
:107630002DFF00BF80BD80B500AFFFF727FF00BF63
:1076400080BD80B500AFFFF721FF00BF80BD80B5D2
:1076500000AFFFF71BFF00BF80BD80B500AFFFF795
:1076600015FF00BF80BD80B500AFFFF70FFF00BF63
:1076700080BD80B500AFFFF709FF00BF80BD80B5BA
:1076800000AFFFF703FF00BF80BD80B500AFFFF77D
:10769000FDFE00BF80BD80B500AFFFF7F7FE00BF65
:1076A00080BD80B500AFFFF7F1FE00BF80BD80B5A3
:1076B00000AFFFF7EBFE00BF80BD80B500AFFFF766
:1076C000E5FE00BF80BD80B500AFFFF7DFFE00BF65
:1076D00080BD80B500AFFFF7D9FE00BF80BD80B58B
:1076E00000AFFFF7D3FE00BF80BD80B500AFFFF74E
:1076F000CDFE00BF80BD80B500AFFFF7C7FE00BF65
:1077000080BD80B500AFFFF7C1FE00BF80BD80B572
:1077100000AFFFF7BBFE00BF80BD80B500AFFFF735
:10772000B5FE00BF80BD80B500AFFFF7AFFE00BF64
:1077300080BD80B500AFFFF7A9FE00BF80BD80B55A
:1077400000AFFFF7A3FE00BF80BD80B500AFFFF71D
:107750009DFE00BF80BD80B500AFFFF797FE00BF64
:1077600080BD80B500AFFFF791FE00BF80BD80B542
:1077700000AFFFF78BFE00BF80BD80B500AFFFF705
:1077800085FE00BF80BD80B500AFFFF77FFE00BF64
:1077900080BD80B500AFFFF779FE00BF80BD80B52A
:1077A00000AFFFF773FE00BF80BD80B500AFFFF7ED
:1077B0006DFE00BF80BD80B500AFFFF767FE00BF64
:1077C00080BD80B500AFFFF761FE00BF80BD80B512
:1077D00000AFFFF75BFE00BF80BD80B500AFFFF7D5
:1077E00055FE00BF80BD80B500AFFFF74FFE00BF64
:1077F00080BD80B500AFFFF749FE00BF80BD80B5FA
:1078000000AFFFF743FE00BF80BD80B500AFFFF7BC
:107810003DFE00BF80BD80B500AFFFF737FE00BF63
:1078200080BD80B500AFFFF731FE00BF80BD80B5E1
:1078300000AFFFF72BFE00BF80BD80B500AFFFF7A4
:1078400025FE00BF80BD80B500AFFFF71FFE00BF63
:1078500080BD80B500AFFFF719FE00BF80BD80B5C9
:1078600000AFFFF713FE00BF80BD80B500AFFFF78C
:107870000DFE00BF80BD80B500AFFFF707FE00BF63
:1078800080BD80B500AFFFF701FE00BF80BD80B5B1
:1078900000AFFFF7FBFD00BF80BD80B500AFFFF775
:1078A000F5FD00BF80BD80B500AFFFF7EFFD00BF65
:1078B00080BD80B500AFFFF7E9FD00BF80BD80B59A
:1078C00000AFFFF7E3FD00BF80BD80B500AFFFF75D
:1078D000DDFD00BF80BD80B500AFFFF7D7FD00BF65
:1078E00080BD80B500AFFFF7D1FD00BF80BD80B582
:1078F00000AFFFF7CBFD00BF80BD000080B483B0B8
:1079000000AF0023FB71074B1B6803F00103012B41
:1079100001D10123FB71FB7918460C37BD4680BCB1
:10792000704700BF00F0074080B58AB000AFFFF796
:10793000E5FF0346FB7700233B600023BB61002388
:107940007B6200233B6204233B6000237B6275E083
:107950007C4A7B6A1B0113440C331B78022B05D134
:10796000FB7F83F00103DBB2002B63D1754A7B6A96
:107970001B0113440C331B78002B5BD0714A7B6ACC
:107980001B01134404331B68FB606E4A7B6A1B01B6
:1079900013441B687B616B4A7B6A1B0113440833E9
:1079A0001B681946674A7B6A1B01134404331B6832
:1079B000CB1ABB61BB69DBB203F00303DBB2FB7123
:1079C000FB79DBB21A46BB699B1A9B08BB6100239B
:1079D0003B620CE03B6A9B00FA681A443B6A9B00DE
:1079E00079690B4412681A603B6A01333B623A6A58
:1079F000BB699A42EED33B6A9B00FA681344BB60B2
:107A00003B6A9B007A6913443B6100233B620AE0B6
:107A1000BA683B6A1A4439693B6A0B4412781A7097
:107A20003B6A01333B62FB79DBB21A463B6A934205
:107A3000EED300E000BF7B6A01337B623B687A6A69
:107A40009A4285D301233B6000237B6270E03E496C
:107A50007A6A13465B0013449B000B4408331B787F
:107A6000022B05D1FB7F83F00103DBB2002B5BD13E
:107A700035497A6A13465B0013449B000B44083374
:107A80001B78002B50D030497A6A13465B001344B0
:107A90009B000B441B687B612B497A6A13465B0091
:107AA00013449B000B4404331B68184626497A6A2A
:107AB00013465B0013449B000B441B68C31ABB6155
:107AC000BB69DBB203F00303DBB2FB71FB79DBB212
:107AD0001A46BB699B1A9B08BB6100233B6208E006
:107AE0003B6A9B007A69134400221A603B6A0133A7
:107AF0003B623A6ABB699A42F2D33B6A9B007A695D
:107B000013443B6100233B6207E03A693B6A13443C
:107B100000221A703B6A01333B62FB79DBB21A46E2
:107B20003B6A9342F1D300E000BF7B6A01337B6282
:107B30003B687A6A9A428AD300BF00BF2837BD46A5
:107B400080BD00BF380F0300780F030080B400AF82
:107B500000BFBD4680BC704780B487B000AFF860FE
:107B60007A603B600B46FB727B681B0203F4E062A9
:107B70003B681B0403F470231343FA7A002A01D0F4
:107B8000012200E0002213437B61FB687A691A60DE
:107B900000BF1C37BD4680BC704780B483B000AFC7
:107BA00078607B681B6843F002027B681A607B6820
:107BB0001B6823F002027B681A6000BF0C37BD46C9
:107BC00080BC704780B483B000AF78600B46FB7018
:107BD000FB78002B06D07B681B6843F001027B68B2
:107BE0001A6005E07B681B6823F001027B681A605D
:107BF00000BF0C37BD4680BC704780B485B000AF75
:107C000078600B46FB707B685B68FB60FB6823F465
:107C10007023FB60FB781B0403F47023FA681343A2
:107C2000FB607B68FA685A6000BF1437BD4680BCB1
:107C3000704780B483B000AF78607B68DB681B0C52
:107C4000DBB203F00F03DBB218460C37BD4680BC35
:107C5000704780B485B000AF78600B467B807B684E
:107C60005B68FB60FB6823F47063FB607B881B022E
:107C700003F47063FA681343FB607B68FA685A6028
:107C800000BF1437BD4680BC704780B483B000AFDE
:107C900078607B68DB681B0ADBB203F00F03DBB2A2
:107CA00018460C37BD4680BC704780B485B000AF25
:107CB00078600B467B807B685B68FB60FB6823F029
:107CC0000F03FB607B8803F00F03FA681343FB602C
:107CD0007B68FA685A6000BF1437BD4680BC7047A5
:107CE00080B483B000AF78607B68DB68DBB203F000
:107CF0000F03DBB218460C37BD4680BC704780B41A
:107D000085B000AF78600B46FB707B681B68FB603A
:107D1000FB6823F00303FB60FB7803F00303FA68BE
:107D20001343FB607B68FA681A6000BF1437BD46D6
:107D300080BC704780B483B000AF78607B689B687C
:107D4000DBB203F00303DBB218460C37BD4680BC40
:107D5000704780B485B000AF78600B46FB707B68DD
:107D6000DB6AFB60FB6823F00703FB60FB7803F032
:107D70000703FA681343FB607B68FA68DA6200BFA6
:107D80001437BD4680BC704780B485B000AF7860C2
:107D90000B46FB707B68DB6AFB60FB6823F47F4368
:107DA000FB60FB781B029BB2FA681343FB607B68A5
:107DB000FA68DA6200BF1437BD4680BC704780B4F1
:107DC00085B000AF78600B46FB707B689B69FB60F9
:107DD000FB6823F00103FB60FB78002B01D001233B
:107DE00000E00023FA681343FB607B68FA689A613D
:107DF00000BF1437BD4680BC704780B485B000AF6B
:107E000078600B46FB707B689B69FB60FB6823F026
:107E10001003FB60FB7883F00103DBB21B0103F06E
:107E20001003FA681343FB607B68FA689A6100BF2D
:107E30001437BD4680BC704780B485B000AF786011
:107E40000B46FB707B689B69FB60FB6823F48053E7
:107E5000FB60FB7883F00103DBB21B0303F4805368
:107E6000FA681343FB607B68FA689A6100BF1437B5
:107E7000BD4680BC704780B485B000AF78600B46CB
:107E8000FB707B689B69FB60FB6823F47063FB609D
:107E9000FB781B0203F47063FA681343FB607B6892
:107EA000FA689A6100BF1437BD4680BC704780B441
:107EB00085B000AF78600B46FB707B68DB69FB60C8
:107EC000FB6823F00103FB60FB78002B01D001234A
:107ED00000E00023FA681343FB607B68FA68DA610C
:107EE00000BF1437BD4680BC704780B485B000AF7A
:107EF00078600B46FB707B68DB69FB60FB6823F0F6
:107F00000403FB60FB78002B01D0042300E0002376
:107F1000FA681343FB607B68FA68DA6100BF1437C4
:107F2000BD4680BC704780B485B000AF78600B461A
:107F3000FB707B68DB69FB60FB6823F00203FB607E
:107F4000FB78002B01D0022300E00023FA681343E2
:107F5000FB607B68FA68DA6100BF1437BD4680BCFD
:107F6000704780B485B000AF78600B46FB707B68CB
:107F7000DB69FB60FB6823F00803FB60FB78002BE8
:107F800001D0082300E00023FA681343FB607B68FC
:107F9000FA68DA6100BF1437BD4680BC704780B410
:107FA00085B000AF78600B46FB707B68DB69FB60D7
:107FB000FB6823F01003FB60FB7883F00103DBB266
:107FC0001B0103F01003FA681343FB607B68FA6837
:107FD000DA6100BF1437BD4680BC704780B485B0FD
:107FE00000AF78600B46FB707B681B6AFB60FB6828
:107FF00023F01003FB60FB781B0103F01003FA6809
:108000001343FB607B68FA681A6200BF1437BD46F1
:1080100080BC704780B483B000AF78607B681B6A17
:108020001B09DBB203F00103DBB218460C37BD4677
:1080300080BC704780B485B000AF78600B46FB70A1
:108040007B681B6AFB60FB6823F47C13FB60FB7896
:10805000013B1B0403F47C13FA681343FB607B6849
:10806000FA681A6200BF1437BD4680BC704780B4FE
:1080700083B000AF78607B681B6A1B0CDBB203F037
:108080003F03DBB20133DBB218460C37BD4680BC80
:10809000704780B485B000AF78600B46FB707B689A
:1080A0001B6AFB60FB6823F47063FB60FB78013B99
:1080B0001B0203F47063FA681343FB607B68FA6881
:1080C0001A6200BF1437BD4680BC704780B483B0CD
:1080D00000AF78607B681B6A1B0ADBB203F00F03FA
:1080E000DBB20133DBB218460C37BD4680BC7047AB
:1080F00080B485B000AF78600B46FB707B681B6A6C
:10810000FB60FB6823F00103FB60FB78002B01D0D0
:10811000012300E00023FA681343FB607B68FA68E0
:108120001A6200BF1437BD4680BC704780B483B06C
:1081300000AF78607B689B6803F02003002B14BFBE
:1081400001230023DBB218460C37BD4680BC7047C4
:1081500080B485B000AF78600B46FB707B685B69CC
:10816000FB60FB6823F00203FB60FB78002B01D06F
:10817000022300E00023FA681343FB607B68FA687F
:108180005A6100BF1437BD4680BC704780B485B0CB
:1081900000AF78600B46FB707B685B69FB60FB6837
:1081A00023F00403FB60FB78002B01D0042300E0E4
:1081B0000023FA681343FB607B68FA685A6100BFCA
:1081C0001437BD4680BC704780B485B000AF78607E
:1081D0000B46FB707B685B69FB60FB6823F0080360
:1081E000FB60FB78002B01D0082300E00023FA6835
:1081F0001343FB607B68FA685A6100BF1437BD46C1
:1082000080BC704780B485B000AF78600B46FB70CF
:108210007B681B69FB60FB6823F00103FB60FB7854
:10822000002B01D0012300E00023FA681343FB6018
:108230007B68FA681A6100BF1437BD4680BC70477E
:1082400080B485B000AF78600B46FB707B681B691B
:10825000FB60FB6823F00203FB60FB78002B01D07E
:10826000022300E00023FA681343FB607B68FA688E
:108270001A6100BF1437BD4680BC704780B483B01C
:1082800000AF78607B689B6803F00803002B14BF85
:1082900001230023DBB218460C37BD4680BC704773
:1082A00080B485B000AF78607B68DB68FB607B687A
:1082B0005B68FA689A420CBF01230023DBB21846C0
:1082C0001437BD4680BC704780B485B000AF78607D
:1082D0000B46FB701346BB707B681B6CFB60FB7826
:1082E000012202FA03F3DB43FA681340FB60BB7818
:1082F000002B01D0012200E00022FB789A40FB68AD
:108300001A437B681A6400BF1437BD4680BC7047AF
:1083100080B485B000AF78600B46FB701346BB702D
:108320007B681B6CFB60FB780833012202FA03F3C5
:10833000DB43FA681340FB60BB78002B01D00122BD
:1083400000E00022FB7808339A40FB681A437B6800
:108350001A6400BF1437BD4680BC704780B485B036
:1083600000AF78600B46FB701346BB707B681B6CDC
:10837000FB60FB781033012202FA03F3DB43FA6857
:108380001340FB60BA78FB7810339A40FB681A43BD
:108390007B681A6400BF1437BD4680BC704780B448
:1083A00083B000AF78600B46FB7013463B80FA78D1
:1083B00039887B68093243F8321000BF0C37BD465C
:1083C00080BC704780B483B000AF78600B46FB7010
:1083D00013463B80FB783A8879680933DB000B440D
:1083E0005A6000BF0C37BD4680BC704780B584B072
:1083F00000AF78600023FB817B68184600F020FB0B
:108400007B689B68002B09D07B689A687B68DB6877
:108410001946104600F03AF80346FB81FB891846DE
:108420001037BD4680BD000080B400AF054B002270
:108430001A64044B034A5B6C536400BFBD4680BCA6
:10844000704700BF00C0074080B582B000AF7860C1
:108450007B6893F8273019460648FFF77AFC7B685B
:1084600093F8263019460348FFF78EFC00BF083703
:10847000BD4680BD00C0074080B500AF0021024866
:10848000FFF767FC00BF80BD00C0074080B586B025
:1084900000AF786039600023FB8200237B757B6826
:1084A000002B00F03A81FFF7BFFF032000F0E8F94E
:1084B0000346FB82FB8A002B40F02F817B681B78F0
:1084C0001946A748FFF744FE7B685B781946A44825
:1084D000FFF75CFE7B689B781946A148FFF774FEA6
:1084E0007B68DB7819469E48FFF78CFE7B681B791A
:1084F00019469B48FFF7A4FE3B68002B06D03B685B
:1085000008330121184600F089F903E0012195485C
:1085100000F034F97B681B7C002B22D07B689B7CAD
:1085200019468F48FFF73BFD7B68DB7C19468C487A
:10853000FFF7DBFC7B681B7D19468948FFF7F3FCDE
:108540007B685B7D19468648FFF70BFD7B681B7CCB
:1085500019468348FFF7ABFC7B689B69824A13602E
:1085600006E000217E48FFF7A2FC7F4B00221A6044
:108570007B681B7A002B36D07B689B7A194678483B
:10858000FFF779FC7B685B7A19467548FFF754FC66
:108590007B685B7A19467248FFF72FFC012170480F
:1085A000FFF70DFC00F0F2F90346FB82FB8A002B7B
:1085B00006D17B68DB686D4A136001237B7501E09F
:1085C00000237B753B68002B06D03B6818330321E2
:1085D000184600F023F90FE0644B1B68032118468E
:1085E00000F0CCF808E000215D48FFF7E8FB5F4BA6
:1085F00000221A6001237B757B7D012B40F08D806A
:1086000000215748FFF774FD7B681B7F002B35D096
:108610007B685B7F19465248FFF7E0FC7B689B7FD5
:1086200019464F48FFF706FD7B68DB7F19464C482B
:10863000FFF72FFD00F04EF90346FB82FB8A002B6B
:1086400006D0474B4FF480321A6200237B7501E05D
:1086500002237B753B68002B06D03B681033022158
:10866000184600F0DBF809E007F10C03184600F0AB
:1086700037FAFB680221184600F080F87B7D002B5A
:108680004BD07B6893F8203019463548FFF7B5FA90
:108690007B6893F821309BB219463148FFF7D9FA2D
:1086A0007B6893F822309BB219462D48FFF7FDFAFC
:1086B0002F4B1B683B613B6923F470633B617B6814
:1086C00093F823301B0203F4706229493B6913437A
:1086D0000B6000F03BF90346FB82FB8A002B1CD1A8
:1086E0007B685B79184600F0CBF80346FB82FB8A77
:1086F000002B0AD17B6893F82530002B03D07868D3
:10870000FFF7A2FE01E0FFF7B7FE3B68002B04D0A5
:108710003B680021184600F081F81649432000F01C
:10872000EFFB07F10C031946432000F0E9FB104B67
:108730001B683B613B6923F47F033B61FB680E4A86
:10874000A2FB0323DB0C1B0403F47F0208493B69F3
:1087500013430B60FB8A18461837BD4680BD00BF27
:1087600000C0074000D8B8058C0EFF1F880EFF1F01
:10877000000001404C47FF1F83DE1B4380B584B0DF
:1087800000AF78600B46FB707B68214AA2FB032395
:108790009B0C9BB21A4613469B001344DB011A46FE
:1087A0001C4BA3FB02235B09FB817B68184AA2FBDD
:1087B00003239B0C9BB21A4613465B001344DB0158
:1087C0001A46144BA3FB02235B09BB81FA89FB7891
:1087D00019461148FFF7E3FDBA89FB7819460E48A0
:1087E000FFF7F0FDFB78002219460B48FFF7B6FDB6
:1087F000FB78012219460848FFF78AFDFB78012221
:1088000019460548FFF760FD00BF1037BD4680BD23
:1088100083DE1B43ABAAAAAA00C0074080B582B082
:1088200000AF78600B46FB707B68002B22D07B6822
:108830009A88FB7819461148FFF7B1FD7B68DA8802
:10884000FB7819460D48FFF7BDFD7B689A78FB78E9
:1088500019460A48FFF782FD7B685A78FB7819466B
:108860000648FFF755FD7B681A78FB7819460348E0
:10887000FFF72AFD00BF0837BD4680BD00C0074096
:1088800080B584B000AF0346FB7140F60123FB8145
:10889000FB7919460E48FFF732FA0023BB600DE062
:1088A0000B48FFF747FA03461A46FB79934202D179
:1088B0000023FB8106E0BB680133BB60BB68B3F5F6
:1088C000705FEDD3FB8918461037BD4680BD00BFF1
:1088D00000C0074080B584B000AF40F60323FB81A1
:1088E0000023FB7101211848FFF702FC0023BB6045
:1088F00021E0154B9B6803F02003202B02D10023BD
:10890000FB811CE0FB79BA6822FA03F3F02B09D152
:10891000FB790133FB710C4B1B6A0B4A23F00103FB
:10892000136205E0084B1B6A074A43F00103136218
:10893000BB680133BB60BB68B3F5705FD9D3FB89FB
:1089400018461037BD4680BD00C0074080B582B0D4
:1089500000AF40F60223FB8000233B600BE00A4897
:10896000FFF79EFC0346002B02D00023FB8006E0AD
:108970003B6801333B603B68B3F5705FEFD3FB8826
:1089800018460837BD4680BD00C0074080B584B09A
:1089900000AF0123FB720123BB7240F606233B812B
:1089A0001A4B9B697B600023FB6022E0FB7A19462F
:1089B0001648FFF760FA97F90B30012B02D101231B
:1089C000BB7205E097F90B300F2B01D1FF23BB726F
:1089D000FA7ABB7A1344DBB2FB720C48FFF74EFC09
:1089E0000346002B02D000233B8106E0FB680133E5
:1089F000FB60FB68B3F5705FD8D3044A7B68936172
:108A00003B8918461037BD4680BD00BF00C00740F7
:108A100080B485B000AF0346FB71FB79074A32F89A
:108A20001330FB60FB689B0003F1804303F5FA23DE
:108A300018461437BD4680BC704700BFD4110300F0
:108A400080B584B000AF78607B68002B33D07B6842
:108A50005B68002B2FD00023FB6027E07B685A68FF
:108A6000FB689B0013441B781846FFF7D1FFB860E2
:108A70000021B868FFF7A6F87B685A68FB689B007E
:108A8000134459787B685A68FB689B0013449B78B1
:108A900018467B685A68FB689B001344DB780246E3
:108AA000B868FFF759F8FB680133FB607B681B6807
:108AB000FA689A42D2D300BF1037BD4680BD80B558
:108AC00084B000AF0346FB71FB791846FFF7A0FFA7
:108AD000F860F868FFF761F800BF1037BD4680BD49
:108AE00090B585B000AF78600023FB811848FFF790
:108AF0001DFB034683F00103DBB2002B06D07B682D
:108B000000221A604FF48073FB811CE01048FFF7CD
:108B100081FA0346012B02D10E4BBB6002E00E4BE3
:108B20001B68BB600A48FFF7D1FA03461A46BB68C8
:108B3000B3FBF2F40648FFF79AFA034604FB03F38B
:108B40005A087B681A60FB8918461437BD4690BDE9
:108B500000C0074000D8B805880EFF1F90B587B049
:108B600000AF03463960FB710023FB82FB793B2B8E
:108B700053D8FB791846FFF74BFF38613B691B68F8
:108B800003F00103002B06D13B6800221A604FF46A
:108B90008073FB82C4E03B691B681B0A03F0070378
:108BA000FB60FB68FB72FB7A013B042B24D801A21B
:108BB00052F823F0C98B0300D18B0300D98B03003B
:108BC000E38B0300ED8B03003B68584A1A6017E003
:108BD0003B68574A1A6013E0564B1A683B681A60A4
:108BE0000EE0554B1A683B681A6009E03868FFF7D9
:108BF00077FF0346FB8203E03B6800221A6000BF58
:108C00003B681A683B691B681B0C03F00F030133B8
:108C1000B2FBF3F23B681A6082E0FB79412B2DD85E
:108C2000FB793D3B042B25D801A252F823F000BF6D
:108C3000458C03004D8C0300558C03005F8C0300B2
:108C4000698C03003B683A4A1A6069E03B68374A1E
:108C50001A6065E0374B1A683B681A6060E0364B73
:108C60001A683B681A605BE03868FFF739FF034613
:108C7000FB8255E03B6800221A6051E0FB79452BEE
:108C80004ED82E48FFF756F80346032B1DD801A2F5
:108C900052F823F0A58C0300AD8C0300B98C0300BF
:108CA000C38C03003B68214A1A6012E03868FFF762
:108CB00017FF0346FB820CE01E4B1A683B681A60E4
:108CC00007E03B681A4A1A6003E03B6800221A601A
:108CD00000BF3B681C681948FEF7ABFF0346013331
:108CE000B4FBF3F23B681A60FB79432B0AD03B6874
:108CF0001C681248FEF7C9FF03460133B4FBF3F2C8
:108D00003B681A60FB79452B0AD13B681C680B480D
:108D1000FEF7E6FF03460133B4FBF3F23B681A604B
:108D2000FB8A18461C37BD4690BD00BF00D8B80569
:108D3000001BB700880EFF1F8C0EFF1F00C00740EE
:108D400080B485B000AFF8607A601A460B46FB72BB
:108D50001346BB720A4AFB681360094AFB7A137117
:108D6000074A7B689360064ABB7A1373044ABB7A4E
:108D70005373002318461437BD4680BC704700BFAC
:108D8000780EFF1F80B586B000AF03460A46FB7120
:108D90001346BB710023BB82FB793B73BB797B73AA
:108DA00000F04CFC554B1A7B544B5A730123BB7398
:108DB0000023FB7525E0514B9A68FB7D9B00134413
:108DC0001B683B613B69002B18D03B691B79022B68
:108DD00014D03B691B683A69916807F10C02104690
:108DE00098470346002B09D0444AFB7D5373BB7957
:108DF000002B03D140F20313BB8207E0FB7D01335C
:108E0000FB753E4B1B7BFA7D9A42D4D3BB8A002B69
:108E100002D0BB79012B14D1384B1A68FB799B0027
:108E200013441B68184600F07BF80346BB82BB8ADC
:108E3000002B0CBF01230023BB75304AFB79537113
:108E400001E00023BB75BB7D002B30D00223BB7338
:108E50000023FB7525E0294B9A68FB7D9B0013449A
:108E60001B683B613B69002B18D03B691B79012BC8
:108E700014D03B691B683A69916807F10C021046EF
:108E800098470346002B09D01C4AFB7D5373BB79DE
:108E9000002B03D14FF48273BB8227E0FB7D0133AB
:108EA000FB75164B1B7BFA7D9A42D4D31EE0002340
:108EB000BB730023FB7514E0104B9A68FB7D9B008D
:108EC00013441B683B613B69002B07D03B691B685F
:108ED0003A69916807F10C0210469847FB7D01330F
:108EE000FB75064B1B7BFA7D9A42E5D300F08EFBA7
:108EF000BB8A18461837BD4680BD00BF780EFF1FDD
:108F000080B582B000AF03463960FB71FB793968E8
:108F10001846FFF723FE034618460837BD4680BDB6
:108F200080B582B000AF78607868FFF75FFA0346DB
:108F300018460837BD4680BD80B483B000AF786066
:108F400039607B683A685A6000BF0C37BD4680BC08
:108F5000704780B483B000AF786039607B683A684E
:108F60009A6000BF0C37BD4680BC704780B584B0A6
:108F700000AFF860B9601346FB71FB79002B08D194
:108F80000122BB6802FA03F31946F868FFF7E1FF14
:108F90000AE0FB79012B07D10122BB6802FA03F337
:108FA0001946F868FFF7C8FF00BF1037BD4680BDFF
:108FB00080B485B000AF78600023FB607B681B69DC
:108FC000FB60FB6818461437BD4680BC704780B410
:108FD00087B000AFF860B9601346FB71FB68BA68F0
:108FE000203253F822307B617B6923F00F037B61D1
:108FF000FB7903F00F037A6913437B61FB68BA685E
:109000002032796943F8221000BF1C37BD4680BC6E
:10901000704780B485B000AF78607B68DB69FB6027
:10902000FB6818461437BD4680BC704780B483B0D7
:1090300000AF78607B684FF0FF32DA6100BF0C3719
:10904000BD4680BC704780B584B000AF78603960A1
:109050000023FB600DE0FA681346DB009B1A9B00BF
:109060001A463B681344184600F0E0F8FB680133E9
:10907000FB60FA687B689A42EDD3002318461037EC
:10908000BD4680BD80B584B000AFF860B9601346BE
:10909000FB71FB791A46B968F86800F0C3F900BFA4
:1090A0001037BD4680BD80B584B000AFF860B960B0
:1090B0001346FB71FB791A46B968F868FFF787FF1A
:1090C00000BF1037BD4680BD80B582B000AF78606C
:1090D0007868FFF79EFF034618460837BD4680BDF7
:1090E00080B582B000AF78607868FFF79FFF00BF5F
:1090F0000837BD4680BD80B584B000AFF860B96068
:109100001346FB71FB791A46B968F868FFF72EFF22
:1091100000BF1037BD4680BD80B582B000AF78601B
:10912000396039687868FFF707FF00BF0837BD4628
:1091300080BD80B582B000AF7860396039687868EA
:10914000FFF707FF00BF0837BD4680BD80B582B07E
:1091500000AF78607868FFF72BFF034618460837A2
:10916000BD4680BD80B483B000AF786039607B6855
:109170003A685A6000BF0C37BD4680BC704780B467
:1091800083B000AF786039607B683A689A6000BF4E
:109190000C37BD4680BC704780B584B000AFF86026
:1091A000B9601346FB71FB79002B08D10122BB6823
:1091B00002FA03F31946F868FFF7E1FF0AE0FB79CA
:1091C000012B07D10122BB6802FA03F31946F868A4
:1091D000FFF7C8FF00BF1037BD4680BD80B485B023
:1091E00000AFF860B9607A60FB687A68203253F8A3
:1091F000223023F0F851FB687A68203243F82210BD
:10920000FB687A68203253F82220BB681B781B0663
:1092100003F0F85342EA0301FB687A68203243F80E
:10922000221000BF1437BD4680BC704780B584B0A3
:1092300000AF78607B681B687A68526853F8223008
:10924000FB607B681B7A022B14D0022B1BDC002BEB
:1092500002D0012B05D016E0FB6823F00203FB606F
:1092600012E0FB6823F00103FB60FB6843F002039C
:10927000FB6009E0FB6843F00203FB60FB6843F01E
:109280000103FB6000E000BFFB6823F00403FB6008
:109290007B685B7A9B0003F00403FA681343FB606E
:1092A000FB6823F01003FB607B689B7A002B01D0E6
:1092B000102300E00023FA681343FB60FB6823F0EF
:1092C0004003FB607B68DB7A9B0103F04003FA6894
:1092D0001343FB60FB6823F4E063FB607B681B7B4C
:1092E0001B0203F4E063FA681343FB607B681B68AE
:1092F0007A685268F96843F822107B68DB7B002BA0
:109300001AD07B6858697B6803F110017B685B6841
:109310001A46FFF763FF7B685B697A685268203200
:1093200053F822107B685B697A68526841F4803197
:10933000203243F822100FE07B685B697A6852683C
:10934000203253F822107B685B697A68526821F4F6
:109350008031203243F822107B681B7B012B2ED1F9
:109360007B685B695B69BB607B681B7E002B02D0FE
:10937000012B0AD012E07B685B68012202FA03F33A
:10938000DB43BA681340BB6008E07B685B6801227E
:1093900002FA03F3BA681343BB6000BF7B681B7E0D
:1093A000012B08D17B6858697B6859687B685B7EB4
:1093B0001A46FFF7F1FE7B685B69BA685A617B6801
:1093C0005B697A685268203253F822107B685B69C7
:1093D0007A68526821F00F01203243F822107B682E
:1093E0005B697A685268203253F822007B685B7BA5
:1093F00003F00F017B685B697A6852680143203291
:1094000043F822107B689B7B002B07D07B685A684F
:109410007B685B69012101FA02F2DA6100BF103753
:10942000BD4680BD80B487B000AFF860B960134618
:10943000FB71FB68BA6853F822307B617B6923F4C7
:10944000E0637B61FB791B0203F4E0637A691343F9
:109450007B61FB68BA68796943F8221000BF1C374A
:10946000BD4680BC7047000080B483B000AF0346A7
:10947000FB80B7F90630002B0BDBFB8803F01F02E3
:109480000649B7F906305B09012000FA02F241F8FB
:10949000232000BF0C37BD4680BC704700E100E0D0
:1094A00080B483B000AF0346FB80B7F90630002BD1
:1094B00012DBFB8803F01F020A49B7F906305B098B
:1094C000012000FA02F2203341F82320BFF34F8F2E
:1094D00000BFBFF36F8F00BF00BF0C37BD4680BC1D
:1094E000704700BF00E100E080B483B000AF0346E6
:1094F0003960FB80B7F90630002B0ADB3B68DAB233
:109500000C49B7F906305201D2B20B4483F800235C
:109510000AE03B68DAB20849FB8803F00F03043B1A
:109520005201D2B20B441A7600BF0C37BD4680BC44
:10953000704700BF00E100E000ED00E080B483B0C0
:1095400000AF0346FB80B7F90630002B09DB0C4A5D
:10955000B7F90630134493F80033DBB25B09DBB292
:1095600009E0084AFB8803F00F03043B13441B7E09
:10957000DBB25B09DBB218460C37BD4680BC7047D6
:1095800000E100E000ED00E080B487B000AF0346EA
:10959000B9607A60FB810E4B9B687B617B68002B16
:1095A00009D0B7F90E3010339B007A6913441B6859
:1095B0001A467B681A60B7F90E3010339B007A693F
:1095C0001344BA681A6000BF1C37BD4680BC7047A0
:1095D00000ED00E080B582B000AF0346FB80B7F934
:1095E00006301846FFF740FF00BF0837BD4680BD74
:1095F00080B582B000AF0346FB80B7F9063018464D
:10960000FFF74EFF00BF0837BD4680BD80B400AFF6
:10961000094B1B68002B0ADD074B1B68013B064A00
:109620001360054B1B68002B01DC62B600BF00BF56
:10963000BD4680BC704700BF900EFF1F80B400AFD6
:1096400072B600BF044B1B680133034A136000BFAE
:10965000BD4680BC704700BF900EFF1F80B582B032
:1096600000AF03460A46FB8013467B717A79B7F94F
:10967000063011461846FFF737FF00BF0837BD46D2
:1096800080BD80B582B000AF0346FB80B7F90630DD
:109690001846FFF753FF0346DBB218460837BD46AE
:1096A00080BD80B483B000AF78600B46FB70FB7860
:1096B00001229A407B68DA6000BF0C37BD4680BC4F
:1096C000704780B483B000AF78600B46FB70FB78C6
:1096D00001229A407B685A6200BF0C37BD4680BCAD
:1096E000704780B483B000AF78600B46FB70FB78A6
:1096F00001229A407B685A607B685B6800BF0C3728
:10970000BD4680BC704780B483B000AF78600B4624
:10971000FB707B685A68FB7822FA03F303F00103BD
:10972000002B14BF01230023DBB218460C37BD46C3
:1097300080BC704780B584B000AF0023FB6000237D
:10974000BB601023FB80B7F906301846FFF750FFC7
:109750001A4B1B68002B29D00023FB6010E0174B2D
:109760001B68FA6853F82230BB60BB68002B04D03A
:10977000BB681B78184600F025F8FB680133FB60D6
:10978000FB680F2BEBD90023FB600CE00C4AFB6855
:1097900032F81330FB80B7F906301846FFF728FF80
:1097A000FB680133FB60FB680F2BEFD9034B0022F2
:1097B0001A60002318461037BD4680BD940EFF1F67
:1097C0006012030080B586B000AF0346FB71FB79E1
:1097D0001B09FB75FB7903F00F03BB750E4B1B6870
:1097E000FA7953F822303B610C4BFB60BB7D0022C1
:1097F0001946F86800F0F8F81021386900F0DAF836
:10980000054B1B68FA79002143F822100023184603
:109810001837BD4680BD00BF940EFF1F008000407A
:1098200080B584B000AF0346FB71FB791B09FB7365
:10983000FB7903F00F03BB73074BBB60BB7B19467F
:10984000B868FFF73EFFBB7B1946B868FFF749FFD2
:1098500000BF1037BD4680BD0080004080B584B099
:1098600000AF0346FB71FB791B09FB73FB7903F027
:109870000F03BB73054BBB60BB7B1946B868FFF792
:1098800042FF034618461037BD4680BD00800040A9
:1098900080B584B000AF0346FB71124B1B68FA79A8
:1098A00053F82230FB60FB791846FFF7D7FF0346D9
:1098B000002B13D0FB791846FFF7B2FFFB68002B93
:1098C0000CD0FB685B68002B08D0FB685B68FA680B
:1098D0009068FA68127BD2B21146984700BF1037E1
:1098E000BD4680BD940EFF1F80B586B000AF034615
:1098F000FB71FB791B09FB75FB7903F00F03BB754B
:10990000164B3B61BB7D00221946386900F06CF8AC
:10991000134B1B68FA7953F82230FB60FB68002B6D
:1099200018D0FB6801221A73FB685B68002B08D013
:10993000FB685B68FA689068FA68127BD2B21146DD
:109940009847FB791846FFF76BFFBB7D19463869CE
:10995000FFF7A7FE00BF1837BD4680BD008000405E
:10996000940EFF1F80B584B000AF0346FB71FB79F6
:109970001B09FB73FB7903F00F03BB73064BBB6042
:10998000BB7B00221946B86800F02EF80023184669
:109990001037BD4680BD00BF0080004080B483B05A
:1099A00000AF7860024B18460C37BD4680BC70474C
:1099B0000080004080B485B000AF7860396000233B
:1099C000FB6007E07A68FB68134400221A70FB68AA
:1099D0000133FB60FA683B689A42F3D300BF00BFD3
:1099E0001437BD4680BC704780B584B000AF786046
:1099F0000B46FB701346BB70FFF720FE7B681B68AD
:109A000043F400327B681A603223FB6005E0FB6898
:109A1000013BFB60FB68002B04DD7B681B68002BAF
:109A2000F5DB00E000BFBB78002B09D07B689A69AA
:109A3000FB78012101FA03F31A437B689A6109E07C
:109A40007B689A69FB78012101FA03F3DB431A4032
:109A50007B689A617B681B6823F400327B681A601C
:109A6000FFF7D4FD00BF1037BD4680BD80B483B082
:109A700000AF78607B68DB6818460C37BD4680BC59
:109A8000704780B500AF0020FFF702FF00BF80BD28
:109A900080B500AF0120FFF7FBFE00BF80BD80B5A1
:109AA00000AF0220FFF7F4FE00BF80BD80B500AF1D
:109AB0000320FFF7EDFE00BF80BD80B500AF04209E
:109AC000FFF7E6FE00BF80BD80B500AF0520FFF7C1
:109AD000DFFE00BF80BD80B500AF0620FFF7D8FED7
:109AE00000BF80BD80B500AF0720FFF7D1FE00BFEB
:109AF00080BD80B500AF0820FFF7CAFE00BF80BD63
:109B000080B500AF0920FFF7C3FE00BF80BD80B560
:109B100000AF0A20FFF7BCFE00BF80BD80B500AFDC
:109B20000B20FFF7B5FE00BF80BD80B500AF0C2055
:109B3000FFF7AEFE00BF80BD80B500AF0D20FFF780
:109B4000A7FE00BF80BD80B500AF0E20FFF7A0FECE
:109B500000BF80BD80B500AF0F20FFF799FE00BFAA
:109B600080BD80B584B000AF0020FFF717FF78609C
:109B70007868FFF77BFFF8600023FB720EE0FB685C
:109B800003F00103002B03D0FB7A1846FFF7ACFE6D
:109B9000FB685B08FB60FB7A0133FB72FB7A0F2BDF
:109BA000EDD900BF00BF1037BD4680BD80B483B083
:109BB00000AF78607B681B68DB43DB0FDBB21846C5
:109BC0000C37BD4680BC704780B483B000AF78606E
:109BD0000B46FB707B685B6823F40052FB785B03E9
:109BE00003F400531A437B685A6000BF0C37BD462C
:109BF00080BC704780B483B000AF786039607B6808
:109C00005A684FF6F87313407A6853607B685A6855
:109C10003B681B6803F007013B689B681B0403F467
:109C2000E02319433B685B68DB0403F460131943CA
:109C30003B68DB681B0619433B681B699B0503F403
:109C400040030B431A437B685A6000BF0C37BD4684
:109C500080BC704780B483B000AF786039607B68A7
:109C6000D3F8F42B1C4B13407A68C2F8F43B7B68A2
:109C7000D3F8F42B3B6819683B685B680B440133ED
:109C8000D9B23B689B681B0303F4FE230B431A43C2
:109C90003B681B699B0503F0FE531A437B68C3F8BE
:109CA000F42B7B68D3F8F03B23F47F7323F003039A
:109CB0007A68C2F8F03B7B68D3F8F02B3B68DB682E
:109CC000C3F309031A437B68C3F8F02B00BF0C37BA
:109CD000BD4680BC704700BF000F38E080B483B041
:109CE00000AF786039607B68D3F8F82B1C4B1340C9
:109CF0007A68C2F8F83B7B68D3F8F82B3B681968A0
:109D00003B685B680B4403F01F013B689B681B03C7
:109D10009BB20B431A433B681B699B0503F07073AE
:109D20001A437B68C3F8F82B7B68D3F8F03B23F029
:109D30007F7323F440337A68C2F8F03B7B68D3F832
:109D4000F02B3B68DB681904064B0B401A437B6819
:109D5000C3F8F02B00BF0C37BD4680BC704700BF76
:109D6000E00F3FFC0000FF0380B483B000AF7860D9
:109D70000B46FB707B681B6823F40063FA78002AAB
:109D800002D04FF4006200E000221A437B681A60A0
:109D90007B681B6D23F00043FA78002A02D04FF055
:109DA000004200E000221A437B681A657B68D3F802
:109DB000003C23F41F427B68C3F8002C00BF0C3723
:109DC000BD4680BC704780B483B000AF78607B68CC
:109DD0001B6803F40063002B14BF01230023DBB2D4
:109DE00018460C37BD4680BC704780B483B000AFC6
:109DF00078607B689B6800BF0C37BD4680BC7047AD
:109E000080B483B000AF78607B68D3F80C3CDB0F84
:109E1000DBB218460C37BD4680BC704780B483B0B7
:109E200000AF78607B681B6803F00053002B14BF01
:109E300001230023DBB218460C37BD4680BC7047B7
:109E400080B485B000AF786039600023FB733B6855
:109E50001F2B0FD87B689B6ABB607B681A6BBB6843
:109E60001A403B6803F01F0322FA03F3DBB203F04E
:109E70000103FB733B681F2B12D93B683F2B0FD8A4
:109E80007B685B6ABB607B68DA6ABB681A403B68C8
:109E900003F01F0322FA03F3DBB203F00103FB73A9
:109EA000FB7B18461437BD4680BC704780B485B034
:109EB00000AF786039603B6803F01F03012202FAAB
:109EC00003F3FB603B681F2B02D87B68FA681A63B8
:109ED0003B681F2B05D93B683F2B02D87B68FA688B
:109EE000DA6200BF1437BD4680BC704780B483B0CF
:109EF00000AF78600B46FB707B685B6B23F480538C
:109F0000FA78002A02D04FF4805200E000221A436F
:109F10007B685A6300BF0C37BD4680BC704780B475
:109F200083B000AF78600B46FB707B681B6823F43E
:109F30000033FA78002A01D0002201E04FF4003209
:109F40001A437B681A6000BF0C37BD4680BC70475F
:109F500080B483B000AF0346FB71FB79034AD35C46
:109F600018460C37BD4680BC704700BFEC1203009A
:109F700080B483B000AF0346FB71FB79054AD35C24
:109F8000012B0CBF01230023DBB218460C37BD4662
:109F900080BC7047F412030080B483B000AF7860D7
:109FA0000B46FB707B681B6823F40043FA78002A99
:109FB00002D04FF4004200E000221A437B681A608E
:109FC00000BF0C37BD4680BC704780B483B000AF83
:109FD000786039607B68D3F80C3C23F0F8423B682A
:109FE0009B0603F0F8431A437B68C3F80C2C00BFB0
:109FF0000C37BD4680BC704780B483B000AF78603A
:10A000007B681B6ADBB203F00103DBB218460C3736
:10A01000BD4680BC704780B483B000AF78607B6879
:10A020001B6A43F001027B681A6200BF0C37BD4611
:10A0300080BC704780B483B000AF78600B46FB7083
:10A040007B68D3F8103C23F08043FA78002A02D0D2
:10A050004FF0804200E000221A437B68C3F8102CC6
:10A0600000BF0C37BD4680BC704780B483B000AFE2
:10A0700078600B46FB707B68D3F8103C23F00053EC
:10A08000FA78002A02D04FF0005200E000221A4372
:10A090007B68C3F8102C00BF0C37BD4680BC7047EE
:10A0A00080B483B000AF78600B46FB707B68D3F858
:10A0B000103C23F08053FA78002A02D04FF08052EF
:10A0C00000E000221A437B68C3F8102C00BF0C3755
:10A0D000BD4680BC704780B483B000AF78607B68B9
:10A0E000D3F8143C9B0FDBB203F00103DBB218463C
:10A0F0000C37BD4680BC704780B483B000AF786039
:10A100007B68D3F8143C5B0FDBB203F00103DBB2D6
:10A1100018460C37BD4680BC704780B483B000AF92
:10A1200078607B68D3F8143C1B0FDBB203F00103AB
:10A13000DBB218460C37BD4680BC704780B483B094
:10A1400000AF78607B684FF08042C3F8142C00BFEA
:10A150000C37BD4680BC704780B483B000AF7860D8
:10A160007B684FF00052C3F8142C00BF0C37BD467B
:10A1700080BC704780B483B000AF78607B684FF0DC
:10A180008052C3F8142C00BF0C37BD4680BC70470A
:10A1900080B584B000AF0346FB71FB79214A32F9E8
:10A1A000133013F1800F06D0FB791E4A32F91330B9
:10A1B0001846FFF70FFAFB791B4A32F9133018469D
:10A1C000FFF708FAFB79194A32F913301846FFF7FE
:10A1D00001FA0023FB731CE0FA7BF979144813465B
:10A1E0005B0013445B000B4430F9133013F1800F14
:10A1F0000CD0FA7BF9790E4813465B0013445B00E0
:10A200000B4430F913301846FFF7E4F9FB7B0133B8
:10A21000FB73FB7B032BDFD900BF00BF1037BD46AC
:10A2200080BD00BF98120300A4120300B012030007
:10A23000BC120300B0B58EB000AF0346B9607A60BF
:10A24000FB730023FB86FB7B9C4A52F82330BB62E6
:10A25000B86AFFF7ABFC0346002B05D0B86A01F0E3
:10A260004FFCB86A01F0DDF87B685B7A1946B86A82
:10A27000FFF7AAFCB86A01F0BEF8B86A01F040FC2A
:10A28000B86A01F0E9F8FB7B1846FFF761FE034668
:10A29000002B18D07B681B7A1946B86AFFF764FD5B
:10A2A000B86AFFF790FD03461A467B681B7A9A420C
:10A2B00002D00123FB860CE07B681B7A1946B86A42
:10A2C000FFF714FE05E07B681B7A002B01D0012309
:10A2D000FB86FB8E002B57D17B689B79022B03D02A
:10A2E0000021B86AFFF71BFE7B685B79002B4BD01F
:10A2F000FB7B1846FFF73CFE0346002B3CD07B68F7
:10A3000093F83730002B37D0BB68002283F819222E
:10A31000BB68002283F81A22BB680022C3F814220B
:10A320007B689B6B002B11D07B689A6B7B68DB6B27
:10A330009A420BD37B689B6B591E7B68DB6B1A467A
:10A34000B86A01F0DBF90346FB8601E00123FB86D6
:10A35000FB8E012B18D07B681B6C002B09D07B680F
:10A360001B6C013B1946B86A01F030FA0346FB86C4
:10A370000AE00123FB8607E07B681B791946B86A6F
:10A3800001F06AF90346FB86FB8E002B01D0012306
:10A39000FB86FB8E002B37D17B6893F83430012B82
:10A3A0002ED1FB7B1846FFF7E3FD0346002B19D0A7
:10A3B0007B6893F83730002B14D0B86AFFF720FD84
:10A3C0000346002B0BD00121B86AFFF7E5FD7B683F
:10A3D00093F836301946B86AFFF7F7FD14E0012309
:10A3E000FB8611E0B86AFFF719FD0346002B04D085
:10A3F0000121B86AFFF7D0FD06E00123FB8603E0E8
:10A400000021B86AFFF7C8FDFB8E002B0FD17B68D7
:10A41000DB791946B86A01F03DFD7B681B68194677
:10A42000B86A01F0FCF90346FB86FB8E002BFB8E1D
:10A43000002B7FD1B86AFFF7C6FC0346002B1ED065
:10A440007B6807F1100403F10C050FCD0FC42B68D6
:10A45000236007F110031946B86AFFF7FBFB7B681E
:10A4600007F1100403F120050FCD0FC42B68236002
:10A4700007F110031946B86AFFF730FC0EE07B685D
:10A4800007F1100403F10C050FCD0FC42B682360F6
:10A4900007F110031946B86AFFF7ACFB7B689B799C
:10A4A0001946B86A01F0A4FC7B689B79032B02D0A3
:10A4B000B86A01F008FB00233B6338E08012030018
:10A4C0003B6BDB00BA68134404330021184609F0E3
:10A4D000B1FA0346FB84FB8C002B14D00023FB62F3
:10A4E0000AE0FB6ADB00BA6813440433184609F03B
:10A4F000B3FAFB6A0133FB62FA6A3B6B9A42F0D310
:10A500000123FB8610E0BA683B6BDB00134400229A
:10A510009A71BB683A6B002143F83210BA683B6B02
:10A52000DB00134400225A713B6B01333B633B6BEE
:10A530003F2BC5D9FB8E002B24D17B6893F83420A8
:10A54000BB6883F81C227B6893F83520BB6883F8CE
:10A550001022BB680022C3F80022BB680022C3F8A7
:10A560000422BB680022C3F80822BB680022C3F89B
:10A570000C22FB7B0649BA6841F82320FB7B184676
:10A58000FFF706FEFB8E18463837BD46B0BD00BF4C
:10A59000980EFF1F80B588B000AF0346FB71FB79B2
:10A5A000544A52F823307B61FB79534A52F82330E6
:10A5B0003B610023FB833B69002B1CD03B69D3F834
:10A5C0000832002B17D000224FF48041786901F047
:10A5D00025FA00224FF48061786901F01FFA002209
:10A5E0004FF40061786901F019FA00224FF400413C
:10A5F000786901F013FAFB79404A32F9133013F10C
:10A60000800F06D0FB793D4A32F913301846FEF729
:10A61000EFFFFB793A4A32F913301846FEF7E8FFAC
:10A62000FB79384A32F913301846FEF7E1FF002370
:10A63000BB611CE0F9793448BA6913465B001344E6
:10A640005B000B4430F9133013F1800F0CD0F97913
:10A650002D48BA6913465B0013445B000B4430F984
:10A6600013301846FEF7C4FFBB690133BB61BB69F9
:10A67000032BDFD9FB791F4A52F823301846FFF726
:10A6800095FA0346002B0DD0FB791A4A52F8233075
:10A69000184601F035FAFB79164A52F8233018466D
:10A6A00000F0BFFE3B69002B17D00023BB6111E017
:10A6B000BB69DB003A6913440433184609F0CCF94E
:10A6C0000346FB81FB89002B01D00123FB83BB697F
:10A6D0000133BB61BB693F2BEAD9FB8B002B04D153
:10A6E000FB79054A002142F82310FB8B18462037DE
:10A6F000BD4680BD80120300980EFF1F9812030014
:10A70000A4120300B0120300BC12030090B585B080
:10A7100000AF03463960FB71FB79314A52F82330B0
:10A72000FB60FB792F4A52F82330BB603B68052B56
:10A7300028D1BB685B79DBB2012B4CD1BB681B68AD
:10A740001946F86801F0A0FA3968F868FFF7AEFB1F
:10A75000BB6800225A71BB68D3F80032002B07D0C7
:10A76000BB68D3F80042F879BB6800220121A047FA
:10A77000BB685B79DBB2002B2DD1FB79184600F06A
:10A780003BFB28E03B68062B11D13968F868FFF7DE
:10A790008DFBBB68D3F80032002B1CD0BB68D3F80C
:10A7A0000042F879BB6800220221A04713E03B6811
:10A7B000072B10D13968F868FFF778FBBB68D3F82E
:10A7C0000032002B07D0BB68D3F80042F879BB6891
:10A7D00000220321A04700BF1437BD4690BD00BF33
:10A7E00080120300980EFF1F90B587B000AF03469C
:10A7F0003960FB71FB79314A52F823307B61FB7978
:10A800002F4A52F823303B613968786900F014FF11
:10A810003B693A6853F832301A463968786900F073
:10A8200079FE39687869FFF741FB7869FFF7F6FA36
:10A830000346002B1BD03B693A6853F832301B6843
:10A840001B0E03F00F03002B11D13968786900F05B
:10A850009CFDF860FB681B6823F07062FB681A605F
:10A86000FB681B6843F08062FB681A6002E078694D
:10A87000FFF7BBFA3A693B68DB00134400225A71C8
:10A880003B69D3F80032002B07D03B69D3F8004274
:10A89000F8793B693A680021A0473A693B68DB00D8
:10A8A00013445B79DBB2002B04D1FB79396818467D
:10A8B00000F070FA00BF1C37BD4690BD8012030047
:10A8C000980EFF1F80B584B000AF0346FB71FB7983
:10A8D000254A52F82330FB60FB79244A52F8233092
:10A8E000BB60BB68D3F80832002B36D0FB681B6A0C
:10A8F00003F40023002B07D0BB68D3F80832F879A3
:10A90000BA684FF400219847FB681B6A03F4007390
:10A91000002B07D0BB68D3F80832F879BA684FF437
:10A9200000719847FB681B6A03F48073002B07D003
:10A93000BB68D3F80832F879BA684FF48071984749
:10A94000FB681B6A03F00403002B06D0BB68D3F836
:10A950000832F879BA6804219847F86801F080F95C
:10A9600000BF1037BD4680BD80120300980EFF1F48
:10A9700090B59DB000AF0346FB710B46BB7113460B
:10A980007B710023FB66FB797A4A52F823307B66A1
:10A99000FB79794A52F823303B66002387F85F3011
:10A9A000002387F85E30BB79BB660DE0B96E786E28
:10A9B000FFF746FA0346FB66FB6E03F00103002B2C
:10A9C00007D1BB6E0133BB667B79BA6E9A42EDD973
:10A9D00000E000BFFB6E002B00F08F80786EFFF769
:10A9E0001DFA0346002B08D0BB6E072B05D8FB7958
:10A9F000B96E1846FFF78AFE0CE03A6EBB6EDB00BC
:10AA000013445B79DBB2012B04D1FB79B96E184694
:10AA1000FFF7EAFE3A6EBB6EDB0013445B79DBB2F4
:10AA2000022B43D13A6EBB6EDB001344DB79002B63
:10AA300018D0B96E786E00F0FFFD07F10C031A46CE
:10AA4000B96E786E00F066FD786EFFF7CEF9FB68A0
:10AA50001B0E03F00F03042B08D1B96E786EFFF7BD
:10AA600025FA03E0B96E786EFFF720FA3A6EBB6EF6
:10AA7000DB00134400225A713B6ED3F80032002BE6
:10AA800007D03B6ED3F80042F8793B6EBA6E0421D2
:10AA9000A0473A6EBB6EDB0013445B79DBB2002B40
:10AAA00004D1FB79B96E184600F074F9B96E786E6E
:10AAB000FFF7C6F90346002B57D0786EFFF7AEF9C3
:10AAC0000346002B0CD0BB6E072B09D83B6E5B797D
:10AAD000DBB2002B48D1B96E786EFFF7E7F943E09F
:10AAE0003A6EBB6EDB0013445B79DBB2002B3CD1CA
:10AAF000B96E786EFFF7DAF937E0FB791846FFF7A1
:10AB000037FA034687F85F3097F85F30002B2CD078
:10AB1000786EFFF775F9034687F85E3097F85E3078
:10AB2000002B22D0786EFFF7F8FA034687F85D30E5
:10AB3000786EFFF7D0FA034687F85C30786EFFF73F
:10AB4000DBFA034687F85B3097F85C30002B07D1BF
:10AB500097F85B30002B03D197F85D30002B04D0C1
:10AB6000FB79184600F00AF800BF00BF7437BD46F5
:10AB700090BD00BF80120300980EFF1F90B585B0F6
:10AB800000AF0346FB71FB79374A52F82330FB6074
:10AB9000FB79364A52F82330BB60F868FFF7BDFAFC
:10ABA0000346002B30D0BB6893F81932DBB2012B7F
:10ABB0002AD1BB68D3F814321946F86801F0C2F8FC
:10ABC000F868FFF7D7FAF868FFF7A7FA0346002BF3
:10ABD00003D1BB68002283F81922BB68D3F8003286
:10ABE000002B07D0BB68D3F80042F879BB688022FD
:10ABF0000521A047BB6893F81932DBB2002B03D1C3
:10AC0000FB79184600F084F9F868FFF764FA034608
:10AC1000002B0FD0F868FFF791FABB68D3F8003229
:10AC2000002B07D0BB68D3F80042F879BB688022BC
:10AC30000721A047F868FFF75FFA0346002B0FD003
:10AC4000F868FFF789FABB68D3F80032002B07D009
:10AC5000BB68D3F80042F879BB6880220621A04780
:10AC600000BF1437BD4690BD80120300980EFF1F31
:10AC700080B584B000AF0346FB71FB792C4A52F8D3
:10AC80002330FB60FB792B4A52F82330BB60BB6852
:10AC9000D3F80832002B44D0FB681B6A03F400137E
:10ACA000002B07D0BB68D3F80832F879BA684FF4A4
:10ACB00000119847FB681B6A03F48013002B07D030
:10ACC000BB68D3F80832F879BA684FF48011984716
:10ACD000FB681B6A03F00203002B06D0BB68D3F8A5
:10ACE0000832F879BA6802219847FB681B6A03F0BA
:10ACF0000103002B06D0BB68D3F80832F879BA6894
:10AD000001219847FB68D3F8FC3A03F44023002B59
:10AD100007D0BB68D3F80832F879BA684FF44021FD
:10AD20009847F86800F086FF00BF1037BD4680BD29
:10AD300080120300980EFF1F90B585B000AF034648
:10AD4000FB71FB79114A52F82330FB60FB79104A02
:10AD500052F82330BB60F868FFF74EF90346002B2A
:10AD60000FD0F868FFF757F9BB68D3F80032002B13
:10AD700007D0BB68D3F80042F879BB6800220A21EB
:10AD8000A04700BF1437BD4690BD00BF801203002E
:10AD9000980EFF1F80B584B000AF03463960FB7189
:10ADA000FB79134A52F82330FB60FB79114A52F8C1
:10ADB0002330BB6000223968F86800F0EBFDBA6808
:10ADC0003B68DB0013449B79002B07D03B68DB001A
:10ADD000BA6813440433184608F00EFEBA683B689C
:10ADE000DB00134400225A7100BF1037BD4680BDFE
:10ADF00080120300980EFF1F90B589B000AF034684
:10AE0000FB71FB79404A52F82330FB61FB793F4AE2
:10AE100052F82330BB61BB6993F81C32002B0FD171
:10AE200000220521F86900F0B5FD00220621F8692D
:10AE300000F0B0FD00220721F86900F0ABFD31E021
:10AE4000BB695B79DBB2032B2CD0BB691B687B61D0
:10AE50007B6908333B61BB6993F810321846FEF7F3
:10AE600081FD7B691B6803F40013002B04D17B690F
:10AE70005B689A0C7B695A607B691B681B0CDBB2B0
:10AE800003F00F03DAB27B6983F848203B691B6843
:10AE90001ABA3B691A603B6904333A690432126892
:10AEA00012BA1A60BB6900221A60BB695B79DBB217
:10AEB000032B14D0BB6900225A71BB69D3F800324E
:10AEC000002B0CD0BB6993F81C32012B07D1BB6956
:10AED000D3F80042F879BB6900220B21A047BB6977
:10AEE0009B79002B0BD0BB695B79DBB2002B06D1C1
:10AEF000BB690433184608F07FFD0346FB8100BFA1
:10AF00002437BD4690BD00BF80120300980EFF1F7E
:10AF100080B586B000AF0346FB71FB791A4A52F840
:10AF200023307B61FB79194A52F823303B613B693E
:10AF300093F81C32002B0BD100217869FFF77AF8C7
:10AF400000217869FFF791F800217869FFF7A8F8E8
:10AF50003B690022C3F814223B6993F81A32002B94
:10AF60000DD03B6993F81932DBB2002B07D13B6956
:10AF700003F50673184608F03FFD0346FB8100BF4A
:10AF80001837BD4680BD00BF80120300980EFF1F1A
:10AF900080B483B000AF78607B681B6803F0807377
:10AFA000B3F1807F0CBF01230023DBB218460C37BE
:10AFB000BD4680BC704780B483B000AF78607B68CA
:10AFC0001B6803F40063002B14BF01230023DBB2D2
:10AFD00018460C37BD4680BC704780B483B000AFC4
:10AFE00078607B68D3F80C3CDB0FDBB218460C377B
:10AFF000BD4680BC704780B483B000AF78607B688A
:10B000001B6803F00053002B14BF01230023DBB2A5
:10B0100018460C37BD4680BC704780B483B000AF83
:10B0200078600B46FB707B681B6823F40033FA786A
:10B03000002A01D0002201E04FF400321A437B685D
:10B040001A6000BF0C37BD4680BC704780B485B025
:10B0500000AF78600023FB730023BB600023BB605C
:10B0600010E00F4ABB6852F823301A467B689342BF
:10B0700005D10C4ABB6813441B78FB7305E0BB6821
:10B080000133BB60BB68052BEBD9FB7B002B14BFE6
:10B0900001230023DBB218461437BD4680BC70473D
:10B0A0002C1303004413030080B485B000AF786014
:10B0B0000023FB730023BB600023BB6010E00F4A3A
:10B0C000BB6852F823301A467B68934205D10C4A7C
:10B0D000BB6813441B78FB7305E0BB680133BB609E
:10B0E000BB68052BEBD9FB7B002B14BF012300238E
:10B0F000DBB218461437BD4680BC70474C130300C2
:10B100006413030080B485B000AF0346FB710023D5
:10B11000FB73FB79082B02D8FB79FB732AE0FB79E0
:10B12000093B062B25D801A252F823F049B10300B0
:10B130004FB1030055B103005BB1030061B10300DF
:10B1400067B103006DB103000C23FB7312E0102301
:10B15000FB730FE01423FB730CE01823FB7309E06F
:10B160002023FB7306E03023FB7303E04023FB73D3
:10B1700000E000BFFB7B18461437BD4680BC70471B
:10B1800080B485B000AF78600023BB600023FB6013
:10B190000EE00C4AFB6852F823307A689A4204D1D8
:10B1A000094AFB6852F82330BB60FB680133FB603F
:10B1B000FB68052BEDD9BB6818461437BD4680BC2B
:10B1C000704700BFFC1203001413030080B586B063
:10B1D00000AF78607B6880333B617B685B6B43F0DA
:10B1E00080527B685A637868FFF7CAFFF8600023D3
:10B1F0007B6108E07B687A692032002143F82210E5
:10B200007B6901337B61FB689B007A699A42F1D3C9
:10B2100000237B6109E07B687A6902F508720021EE
:10B2200043F822107B6901337B617A69FB689A429B
:10B23000F1D37B6803F508633B6100237B6108E081
:10B240007B699B003A69134400221A607B690133D1
:10B250007B617A69FB689A42F2D37B6803F52863C5
:10B260003B6100237B6108E07B699B003A691344E2
:10B2700000221A607B6901337B617B690B2BF3D958
:10B280007B6803F52B633B6100237B6108E07B69EE
:10B290009B003A69134400221A607B6901337B6189
:10B2A0007B690B2BF3D97B6803F628733B61002382
:10B2B0007B6108E07B699B003A69134400221A60B5
:10B2C0007B6901337B617B69352BF3D97868FFF7A4
:10B2D000BDFE0346002B21D07B6803F542633B6132
:10B2E0003B6900221A607B6803F624433B613B699B
:10B2F00000221A607B6803F543633B6100237B6196
:10B3000008E07B699B003A69134400221A607B695C
:10B3100001337B617A69FB689A42F2D37868FFF760
:10B32000C3FE0346002B26D07B6803F500533B6128
:10B3300000237B6108E07B699B003A69134400228B
:10B340001A607B6901337B617B69B3F5207FF2D39F
:10B350007B6803F540533B6100237B6108E07B6918
:10B360009B003A69134400221A607B6901337B61B8
:10B370007B697F2BF3D97B685B6B23F080527B6802
:10B380005A6300BF1837BD4680BD80B588B000AF96
:10B3900078603960786800F0A7FD0346FB770823E2
:10B3A000BB774FF40073BB61FA7FBB7F1344FB751F
:10B3B000FB7DBA69B2FBF3F3BB75BB7D3A68B2FBA8
:10B3C000F3F3DB013B61BA7D3B68B3FBF2F101FBB8
:10B3D00002F29B1AFA7D9208D2B202FB03F33A6999
:10B3E0001344FB60FB6820339B007A6813441846C3
:10B3F0002037BD4680BD80B483B000AF78607B68E5
:10B400001B681B0D03F00103012B05D17B681B6832
:10B4100023F000427B681A6000BF0C37BD4680BC39
:10B42000704780B483B000AF78607B681B68002BE6
:10B430000CDB7B681B6843F000427B681A6000BF2E
:10B440007B681B6803F48013002BF9D000BF0C3716
:10B45000BD4680BC7047000080B584B000AF786006
:10B460000023FB600023BB607B681B6843F0007215
:10B470007B681A6000BF7B681B6803F00073002BB9
:10B48000F9D17B681B6843F480527B681A60786846
:10B49000FFF79CFE7868FFF773FEB8600023FB603F
:10B4A0000AE07B68FA6802F508724FF0FF3143F852
:10B4B0002210FB680133FB60FA68BB689A42F0D344
:10B4C0007B684FF0FF321A617B684FF0FF325A61A0
:10B4D0007B684FF0FF329A617B6800229A627B683A
:10B4E0004FF0FF321A637868FFF74AFE0346202BBD
:10B4F00006D97B6800225A627B684FF0FF32DA621D
:10B500007B68034A1A6200BF1037BD4680BD00BF8A
:10B5100006003B0080B58CB000AFF860B9607A607F
:10B52000B968F868FFF731FFB862BB6A04337B6221
:10B53000BB6A08333B62BB6A0833FB617B68083334
:10B54000BB61BB6A1B681B0CDBB203F00F03FB750E
:10B55000FB7D1846FFF7D6FD034687F82E30F868C6
:10B5600000F0C2FC03461A4697F82E30934205D9E4
:10B57000F86800F0B9FC034687F82E307B6897F82E
:10B580002E2083F84820BB6A1A687B681A607B68A3
:10B590001B6803F40013002B04D07B6A1A687B68D5
:10B5A0005A6004E07B6A1B689A0C7B685A6000232F
:10B5B00087F82F3017E097F82F309B08DBB29B00FD
:10B5C000FA6913441B683B6197F82F309B08DBB284
:10B5D0009B00BA6913443A6912BA1A6097F82F307F
:10B5E000043387F82F3097F82F2097F82E3023F068
:10B5F00003039A42DFD314E097F82F3083F003035C
:10B60000DBB21A463B6A1A4497F82F301278D1B24F
:10B610007A6813440A461A7297F82F30013387F874
:10B620002F3097F82F2097F82E309A42E4D300BF9E
:10B6300000BF3037BD4680BD80B584B000AF7860B4
:10B64000396039687868FFF7A0FEF860FB681B680E
:10B6500000BF1037BD4680BD80B584B000AF7860B4
:10B6600039607868FFF78CFD03463B8100237B81BE
:10B670007868FFF7A0FC0346002B01D001237B81F3
:10B680007B89002B35D17B681B6843F000527B68B7
:10B690001A607B685B6B23F070623B681B0603F0EB
:10B6A00070631A437B685A637B684FF0FF329A6479
:10B6B0000023FB6019E03B680133DB00FA689A4223
:10B6C00008D27B68FA6802F508726FF0404143F8CF
:10B6D000221007E07B68FA6802F508726FF060419B
:10B6E00043F82210FB680133FB603B89FA689A42F9
:10B6F000E1D37B8918461037BD4680BD80B586B042
:10B7000000AFF860B9607A600123FB82F868FFF748
:10B71000CBFC0346002B54D0F868FFF76CFC0346C3
:10B72000002B02D00123FB824BE0FB68D3F80C3CDA
:10B7300043F00042FB68C3F80C2CFB68D3F8143CC0
:10B7400043F00062FB68C3F8142CFB68D3F8143C88
:10B7500043F00042FB68C3F8142CFB68D3F8143C98
:10B7600043F08042FB68C3F8142CFB68D3F8143C08
:10B7700043F00052FB68C3F8142CFB68D3F8143C68
:10B7800043F08052FB68C3F8142CFB68D3F80C3CE0
:10B7900023F47C52BB681B0203F47C531A43FB68FE
:10B7A000C3F80C2CFB68D3F80C3C23F4FE027B6836
:10B7B0001B0403F4FE031A43FB68C3F80C2C00239C
:10B7C000FB82FB8A18461837BD4680BD80B584B021
:10B7D00000AF786039600123FB817868FFF764FC73
:10B7E0000346002B16D07868FFF705FC0346002BB4
:10B7F00002D00123FB810DE07B68D3F80C3C23F0E1
:10B800001F023B6803F01F031A437B68C3F80C2C2C
:10B810000023FB81FB8918461037BD4680BD80B5EB
:10B820008CB000AF78603960002387F823300023A4
:10B8300087F82730002387F82230786800F054FB1F
:10B84000034687F821300023BB84082387F8203083
:10B850003B68013B19467868FFF797FDF86197F858
:10B860002120FB691A4497F820301344BB617B68A0
:10B8700003F590631A46BB69934206D87868FFF7D0
:10B880007FFC02463B68934202D94FF44073BB846D
:10B89000BB8C002B79D17B681B6823F07F023B684F
:10B8A000013B03F07F031A437B681A607868FFF757
:10B8B000A2FB034687F822307868FFF7F5FB0346C2
:10B8C00087F8233097F82330002B05D07868FFF7EE
:10B8D00084FB034687F8273097F82330002B03D0EA
:10B8E00097F82730002B1FD197F82330002B0DD06D
:10B8F00097F8273083F00103DBB2002B06D097F8CE
:10B90000223083F00103DBB2002B0DD197F82330F6
:10B9100083F00103DBB2002B37D097F8223083F09D
:10B920000103DBB2002B30D0002387F82F3027E053
:10B9300097F82F3019467868FFF727FD78617B6903
:10B9400004333B617B690833FB607B6900221A602A
:10B950003B6900221A600023BB6207E0FA68BB6AF9
:10B96000134400221A70BB6A0133BB6297F821307E
:10B97000BA6A9A42F2D397F82F30013387F82F3002
:10B9800097F82F303A689A42D2D8BB8C1846303795
:10B99000BD4680BD80B586B000AFF860B960134683
:10B9A000FB710023FB82FDF749FEBB6803F01F0318
:10B9B000012202FA03F33B61BB681F2B10D8FB790D
:10B9C000002B06D0FB689A6A3B691A43FB689A62AF
:10B9D00006E0FB689A6A3B69DB431A40FB689A629F
:10B9E000BB681F2B13D9BB683F2B10D8FB79002BEA
:10B9F00006D0FB685A6A3B691A43FB685A6206E044
:10BA0000FB685A6A3B69DB431A40FB685A62FDF7E0
:10BA1000FDFDFB8A18461837BD4680BD80B485B051
:10BA200000AF78600B467B8013467B707B88FB60A1
:10BA30007B78002B1ED07B88B3F5806F03D07B888A
:10BA4000B3F5006F05D17B681B6843F400127B6877
:10BA50001A607B88B3F5804F05D17B685B6B43F040
:10BA600000427B685A637B685A68FB681A437B68AC
:10BA70005A6023E07B685A68FB68DB431A407B68A6
:10BA80005A607B88B3F5804F05D17B685B6B23F0F0
:10BA900000427B685A637B685B68FB60FB6803F469
:10BAA0008063002B0AD1FB6803F40063002B05D1EF
:10BAB0007B681B6823F400127B681A6000BF143790
:10BAC000BD4680BC704780B483B000AF78607B68AF
:10BAD0001B6823F080527B681A607B681B6823F028
:10BAE00080427B681A6000BF7B681B6803F080732C
:10BAF000002BF9D100BF00BF0C37BD4680BC70479A
:10BB000080B588B000AF78600023FB777B681B6846
:10BB100043F080427B681A607B681B6843F0805268
:10BB20007B681A607B681B68002B02DB0123FB77B4
:10BB300005E07B681B6823F000427B681A607B6825
:10BB400000229A600023BB617868FFF734FA03464D
:10BB500083F00103DBB2002B13D002E07B689B680B
:10BB6000BB617868FFF714FA034683F00103DBB288
:10BB7000002B14D0BB69B32BF0D910E07B689B6815
:10BB8000BB617868FFF704FA034683F00103DBB278
:10BB9000002B04D0BB6940F2D9229342EED97B68D6
:10BBA0001B6803F08073002B2CD17B689B6A3B6180
:10BBB00000237B617868FFF7E3FA0346202B02D964
:10BBC0007B685B6A7B617B681B68FB607B681B68CA
:10BBD00043F000727B681A6000BF7B681B6803F04B
:10BBE0000073002BF9D17B683A699A627868FFF795
:10BBF000C7FA0346202B02D97B687A695A627B68B0
:10BC0000FA681A60FB7F83F00103DBB2002B0CD0D3
:10BC10007B681B6843F000427B681A6000BF7B684A
:10BC20001B6803F48013002BF9D000BF2037BD46FA
:10BC300080BD000080B483B000AF78607B681A6A72
:10BC4000054B1340002B02D07B68044A1A6200BFE8
:10BC50000C37BD4680BC704706003B000200300038
:10BC600080B483B000AF78607B681A6A054B1340DC
:10BC7000002B02D07B68034A1A6200BF0C37BD4616
:10BC800080BC704704000B0080B58AB000AF7860BC
:10BC900039607B688033FB617B688433BB61FB69FF
:10BCA00008337B613B6808333B61FB691B681B0CF5
:10BCB000DBB203F00F03FB73FB7B1846FFF722FA9E
:10BCC000034687F8233097F82330082B02D908233E
:10BCD00087F823303B6897F8232083F84820FB69D6
:10BCE0001A683B681A603B681B6803F40013002B5A
:10BCF00004D0BB691A683B685A6004E0BB691B68E2
:10BD00009A0C3B685A6000237B6211E07B6A9B08B7
:10BD10009B007A6913441B68BB607B6A9B089B008D
:10BD20003A691344BA6812BA1A607B6A04337B62B8
:10BD300097F823307A6A9A42E8D300BF00BF2837C9
:10BD4000BD4680BD80B58AB000AF786039607B6841
:10BD500003F500533B623B6A0433FB613B6A0833E3
:10BD6000BB613B6A1B681B0CDBB203F00F03FB7566
:10BD7000FB7D1846FFF7C6F90346BB753B680833E1
:10BD80003B613B68BA7D83F848203B6A1A683B6890
:10BD90001A603B681B6803F40013002B04D0FB6996
:10BDA0001A683B685A6004E0FB691B689A0C3B68A0
:10BDB0005A6000237B6211E07B6A9B089B00BA6992
:10BDC00013441B68FB607B6A9B089B003A69134421
:10BDD000FA6812BA1A607B6A04337B62BB7D7A6AA6
:10BDE0009A42E9D300BF00BF2837BD4680BD00009E
:10BDF00080B582B000AF78600B46FB70FB78042BF7
:10BE000042D801A252F823F033BE030059BE03000A
:10BE100067BE03001DBE030025BE03007868FFF760
:10BE20006FFE32E07B681B6843F000427B681A605B
:10BE30002BE07B681B6823F400027B681A607B6838
:10BE40005B6823F008027B685A607B685B6823F4B8
:10BE500080527B685A6018E07B685B6843F0080298
:10BE60007B685A6011E07B685B6843F480527B68B2
:10BE70005A607B685B6823F008027B685A60012186
:10BE80007868FFF7CAF800E000BF00BF0837BD467A
:10BE900080BD00BF80B584B000AF78600B46FB70FA
:10BEA0007868FFF788F80346002B19D07B68D3F831
:10BEB000003CFB60FB6823F44033FB60FB781B0411
:10BEC000FA681343FB60FB6823F4C013FB60FB7844
:10BED000DB04FA681343FB607B68FA68C3F8002C44
:10BEE00000BF1037BD4680BD80B584B000AF78601C
:10BEF0007868FFF760F8034683F00103DBB2002B9C
:10BF000002D00823FB600AE07B68D3F8003C1B0CDE
:10BF100003F003030333012202FA03F3FB60FB681F
:10BF2000DBB218461037BD4680BD80B500AF00209B
:10BF3000FEF7C8FC00BF80BD80B500AF0020FEF753
:10BF400097FE00BF80BD80B500AF0020FEF7F4FE75
:10BF500000BF80BD80B500AF0F2200210020FEF79A
:10BF600007FD00BF80BD80B500AF1F22102100205B
:10BF7000FEF7FEFC00BF80BD80B500AF2F22202160
:10BF80000020FEF7F5FC00BF80BD80B500AF3F226A
:10BF900030210020FEF7ECFC00BF80BD80B500AF73
:10BFA0000120FEF78FFC00BF80BD80B500AF0120EF
:10BFB000FEF75EFE00BF80BD80B500AF0120FEF73A
:10BFC000BBFE00BF80BD80B500AF0F220021012065
:10BFD000FEF7CEFC00BF80BD80B500AF1F22102150
:10BFE0000120FEF7C5FC00BF80BD80B500AF2F2249
:10BFF00020210120FEF7BCFC00BF80BD80B500AF52
:10C000003F2230210120FEF7B3FC00BF80BD80B588
:10C0100000AF0220FEF756FC00BF80BD80B500AF28
:10C020000220FEF725FE00BF80BD80B500AF0220D4
:10C03000FEF782FE00BF80BD80B500AF0F22002159
:10C040000220FEF795FC00BF80BD80B500AF1F2227
:10C0500010210220FEF78CFC00BF80BD80B500AF30
:10C060002F2220210220FEF783FC00BF80BD80B577
:10C0700000AF3F2230210220FEF77AFC00BF80BDD6
:10C0800080B500AF0320FEF71DFC00BF80BD80B56A
:10C0900000AF0320FEF7ECFD00BF80BD80B500AF10
:10C0A0000320FEF749FE00BF80BD80B500AF0F2220
:10C0B00000210320FEF75CFC00BF80BD80B500AF0F
:10C0C0001F2210210320FEF753FC00BF80BD80B566
:10C0D00000AF0420FEF7F6FB00BF80BD80B500AFC7
:10C0E0000420FEF7C5FD00BF80BD80B500AF042071
:10C0F000FEF722FE00BF80BD80B500AF0F220021F9
:10C100000420FEF735FC00BF80BD80B500AF1F22C4
:10C1100010210420FEF72CFC00BF80BD80B500AFCD
:10C120000520FEF7CFFB00BF80BD80B500AF052026
:10C13000FEF79EFD00BF80BD80B500AF0520FEF775
:10C14000FBFD00BF80BD80B500AF0F2200210520A0
:10C15000FEF70EFC00BF80BD80B500AF1F2210218E
:10C160000520FEF705FC00BF80BD000080B586B04D
:10C1700000AF78603960154B3B61386900F03AF8E0
:10C180000346FB81FB89002B1AD10023FB7512E0CB
:10C190003B685A68FB7D5B00134419783B685A681A
:10C1A000FB7D5B0013445B781A46386900F03CF86D
:10C1B000FB7D0133FB753B681B78FA7D9A42E7D320
:10C1C000FB8918461837BD4680BD00BF008004407B
:10C1D00080B584B000AF7860054BFB60F86800F074
:10C1E00009F803467B817B8918461037BD4680BD20
:10C1F0000080044080B485B000AF78600023BB812C
:10C200000023FB7307E0FA7B7B68002143F82210D0
:10C21000FB7B0133FB73FB7B1F2BF4D9BB891846D7
:10C220001437BD4680BC704780B485B000AF7860DD
:10C230000B46FB701346BB700023FB720023BB72DE
:10C24000BB789B08FB72BB7803F00303BB72FA7ADE
:10C250007B6853F82230FB60BB7A032B29D801A2FC
:10C2600052F823F075C2030083C2030093C2030097
:10C27000A3C20300FB7803F07F03FA681343FB605B
:10C2800018E0FB781B0203F4FE43FA681343FB60DB
:10C2900010E0FB781B0403F4FE03FA681343FB6011
:10C2A00008E0FB781B0603F0FE43FA681343FB60CB
:10C2B00000E000BFFA7A7B68F96843F8221000BFFB
:10C2C0001437BD4680BC704780B485B000AF78603D
:10C2D00039603B68FB607B681B6843F001027B6848
:10C2E0001A6005E0FB68013BFB6000BF00BF00BFB8
:10C2F000FB68002BF6D100BF00BF1437BD4680BCE1
:10C30000704780B483B000AF78607B681B6823F00F
:10C3100001027B681A6000BF0C37BD4680BC7047C5
:10C3200080B485B000AF786039603B68BB607B68E3
:10C3300000221A600023FB6021E07A68FB681B0181
:10C34000134403F5847300221A607A68FB68103383
:10C350001B011344043300221A607A68FB681B0136
:10C36000134403F5867300221A607A68FB68103361
:10C370001B01134400221A60FB680133FB60FB6859
:10C38000032BDADD05E0BB68013BBB6000BF00BFEB
:10C3900000BFBB68002BF6D100BF00BF1437BD46FD
:10C3A00080BC704780B483B000AF786039607A6831
:10C3B0003B681B01134403F584731B6843F00102BF
:10C3C00079683B681B010B4403F584731A6000BF56
:10C3D0000C37BD4680BC704780B483B000AF786036
:10C3E00039607A683B681B01134403F584731B684A
:10C3F00023F0010279683B681B010B4403F5847349
:10C400001A6000BF0C37BD4680BC704780B485B051
:10C4100000AFF860B9607A60FA68BB6810331B013E
:10C4200013447A681A6000BF1437BD4680BC704759
:10C4300080B483B000AF786039607A683B681B01D4
:10C44000134403F584731B6843F0020279683B6868
:10C450001B010B4403F584731A6000BF0C37BD4603
:10C4600080BC704780B483B000AF786039607A6870
:10C470003B681B01134403F584731B6823F002021D
:10C4800079683B681B010B4403F584731A6000BF95
:10C490000C37BD4680BC704780B483B000AF786075
:10C4A00039607A683B681B01134403F586731B6887
:10C4B00043F0010279683B681B010B4403F5867366
:10C4C0001A607A683B681B01134403F586731B6886
:10C4D00023F0010279683B681B010B4403F5867366
:10C4E0001A6000BF0C37BD4680BC704780B485B071
:10C4F00000AFF860B9601346FB71FA68BB681B01B6
:10C50000134403F584731B6823F00402F968BB68C5
:10C510001B010B4403F584731A60FA68BB681B01A6
:10C52000134403F584731B68FA79002A01D00422AE
:10C5300000E000221A43F968BB681B010B4403F5B5
:10C5400084731A6000BF1437BD4680BC704780B446
:10C5500083B000AF78600B46FB707B681B6823F0EC
:10C5600002027B681A607B681B68FA78002A01D097
:10C57000002200E002221A437B681A6000BF0C37D9
:10C58000BD4680BC7047000080B584B000AF7860C5
:10C590003960786800F01AF9094BFB600521F868EA
:10C5A000FFF7BEFE0521F868FFF78EFE3B681B789B
:10C5B0001946F868FFF7CBFF00BF1037BD4680BDB6
:10C5C00000A0054080B584B000AF7860124BBB601E
:10C5D0000023FB7311E0FB7B1946B868FFF7FCFEF4
:10C5E000FB7B0E497A689200134431F913301846E8
:10C5F000FCF7FEFFFB7B0133FB73FB7B032BEAD9CC
:10C60000B868FFF77EFE0521B868FFF789FE00BF16
:10C610001037BD4680BD00BF00A005406C1303006D
:10C6200080B586B000AFF860B9607A600023FB8205
:10C630001E4B3B617B681B7A1A46B9683869FFF765
:10C6400055FF7B681B78012B09D17B685B681A4614
:10C65000B968F86800F040F80346FB8206E07B68A2
:10C660005B681A46B968F86800F08AF8FB8A002B04
:10C6700016D17B685B7A002B0ED0B9683869FFF75A
:10C68000D7FE0B49FB689A00BB68134431F913309D
:10C690001846FCF79FFF03E0B9683869FFF7E2FE30
:10C6A000FB8A18461837BD4680BD00BF00A0054074
:10C6B0006C13030080B584B000AF78603960054B1F
:10C6C000FB603968F868FFF76DFE00BF1037BD46A4
:10C6D00080BD00BF00A005402DE9B04F8AB000AF7B
:10C6E00078613961FA600023FB84786900F06EF8A4
:10C6F000204B3B62FB6800229A4693461E4A7B69A8
:10C7000052F8233000229846914608FB0BF20AFBB0
:10C7100009F31344AAFB08452B441D46C7E9064507
:10C72000C7E90645D7E90601144A4FF00003FAF7B6
:10C7300067FB02460B46511E396043F1FF337B60B5
:10C74000D7E90034C7E90634D7E90623012B01D322
:10C750000123FB84FB8C002B05D1BB691A46396988
:10C76000386AFFF753FEFB8C18462837BD46BDE8F4
:10C77000B08F00BF00A00540B00EFF1F40420F0069
:10C7800080B586B000AFF860B9607A60054B7B6118
:10C790007A68B9687869FFF739FE00BF1837BD4677
:10C7A00080BD00BF00A0054080B584B000AF7860B8
:10C7B0003960054BFB603968F868FFF76DFE00BF14
:10C7C0001037BD4680BD00BF00A0054080B584B0D5
:10C7D00000AF786045207B689B00054A13441946EA
:10C7E000FCF78EFB0346FB8100BF1037BD4680BDC2
:10C7F000B00EFF1F80B483B000AF78600B46FB70B3
:10C800007B681B6923F01002FB781B0103F0100307
:10C810001A437B681A6100BF0C37BD4680BC704765
:10C8200080B483B000AF78600B46FB707B681B69F7
:10C8300023F4FE42FB781B0203F4FE431A437B6899
:10C840001A6100BF0C37BD4680BC704780B483B00E
:10C8500000AF78607B681B691B0ADBB203F07F03C3
:10C86000DBB218460C37BD4680BC704780B483B03D
:10C8700000AF78600B46FB707B681B6923F40043B4
:10C88000FA78002A02D04FF4004200E000221A4356
:10C890007B681A6100BF0C37BD4680BC704780B40E
:10C8A00083B000AF78607B681B6943F001027B684E
:10C8B0001A6100BF0C37BD4680BC704780B483B09E
:10C8C00000AF78600B46FB707B685B6923F0706299
:10C8D0007B685A617B685A69FB781B0603F07063BA
:10C8E0001A437B685A6100BF0C37BD4680BC704755
:10C8F00080B483B000AF78600B46FB707B685B69E7
:10C9000023F400227B685A617B685B69FA78002A0D
:10C9100002D04FF4002200E000221A437B685A61E3
:10C9200000BF0C37BD4680BC704780B483B000AFF9
:10C9300078600B46FB707B685B6923F480227B6820
:10C940005A617B685B69FA78002A02D04FF4802232
:10C9500000E000221A437B685A6100BF0C37BD46D5
:10C9600080BC704780B483B000AF78600B46FB702A
:10C970007B685B6923F400327B685A617B685B6982
:10C98000FA78002A02D04FF4003200E000221A4365
:10C990007B685A6100BF0C37BD4680BC704780B4CD
:10C9A00083B000AF78600B46FB707B685B6923F453
:10C9B00040427B685A617B685A69FB789B039BB253
:10C9C0001A437B685A6100BF0C37BD4680BC704774
:10C9D00080B483B000AF78600B46FB707B685B6906
:10C9E00023F440527B685A617B685A69FB781B03C9
:10C9F00003F440531A437B685A6100BF0C37BD46AD
:10CA000080BC704780B483B000AF78600B46FB7089
:10CA10007B685B6923F440627B685A617B685A6972
:10CA2000FB789B0203F440631A437B685A6100BFA2
:10CA30000C37BD4680BC704780B483B000AF7860CF
:10CA40000B46FB707B685B6923F440727B685A611C
:10CA50007B685A69FB781B0203F440731A437B68B6
:10CA60005A6100BF0C37BD4680BC704780B483B0AC
:10CA700000AF78600B46FB707B685B6923F0C002F7
:10CA80007B685A617B685A69FB789B01DBB21A4369
:10CA90007B685A6100BF0C37BD4680BC704780B4CC
:10CAA00083B000AF78600B46FB707B685B6923F056
:10CAB00030027B685A617B685A69FB781B0103F07E
:10CAC00030031A437B685A6100BF0C37BD4680BCF7
:10CAD000704780B483B000AF78607B685B6943F0D7
:10CAE00002027B685A6100BF0C37BD4680BC7047AC
:10CAF00080B483B000AF78607B685B6943F001026B
:10CB00007B685A6100BF0C37BD4680BC704780B45B
:10CB100083B000AF78600B46FB707B689B6923F4A1
:10CB20007F027B689A617B689A69FB781B0403F437
:10CB30007F031A437B689A6100BF0C37BD4680BCF7
:10CB4000704780B483B000AF78600B46FB707B68A1
:10CB50009B6923F470427B689A617B689A69FB78D1
:10CB60001B039BB21A437B689A6100BF0C37BD461A
:10CB700080BC704780B483B000AF78600B46FB7018
:10CB80007B689B6923F4E0627B689A617B689A69A1
:10CB9000FB781B0203F4E0631A437B689A6100BFD1
:10CBA0000C37BD4680BC704780B483B000AF78605E
:10CBB0000B46FB707B689B6923F010027B689A61CF
:10CBC0007B689A69FB781B0103F010031A437B68AA
:10CBD0009A6100BF0C37BD4680BC704780B483B0FB
:10CBE00000AF78600B46FB707B689B6923F0040202
:10CBF0007B689A617B689B69FA78002A01D00422DD
:10CC000000E000221A437B689A6100BF0C37BD46E2
:10CC100080BC704780B483B000AF78600B46FB7077
:10CC20007B689B6923F002027B689A617B689B6941
:10CC3000FA78002A01D0022200E000221A437B6821
:10CC40009A6100BF0C37BD4680BC704780B483B08A
:10CC500000AF78600B46FB707B689B6923F0010294
:10CC60007B689A617B689B69FA78002A01D001226F
:10CC700000E000221A437B689A6100BF0C37BD4672
:10CC800080BC704780B483B000AF78600B46FB7007
:10CC90007B68DB6923F400527B68DA617B68DB69BF
:10CCA000FA78002A02D04FF4005200E000221A4322
:10CCB0007B68DA6100BF0C37BD4680BC704780B42A
:10CCC00083B000AF78600B46FB701346BB70FB78F7
:10CCD0007A6802339B0113441A68FB7822F0805271
:10CCE000796802339B010B441A60FB787A6802333F
:10CCF0009B0113441A68BB78002B02D04FF080517F
:10CD000000E00021FB780A43796802339B010B4461
:10CD10001A6000BF0C37BD4680BC704780B483B03A
:10CD200000AF78600B46FB701346BB70FB787A68E7
:10CD300002339B0113441A68FB7822F08002796861
:10CD400002339B010B441A60FB787A6802339B0123
:10CD500013441A68BB78002B01D0802100E0002129
:10CD6000FB780A43796802339B010B441A6000BFC9
:10CD70000C37BD4680BC704780B483B000AF78608C
:10CD80000B46FB701346BB70FB787A6802339B013D
:10CD900013441A68FB7822F04002796802339B0141
:10CDA0000B441A60FB787A6802339B0113441A68BB
:10CDB000BB78002B01D0402100E00021FB780A4322
:10CDC000796802339B010B441A6000BF0C37BD46E3
:10CDD00080BC704780B582B000AF7860054A7B6840
:10CDE00013441B781846FBF76AFE00BF0837BD46A0
:10CDF00080BD00BFC846FF1F80B584B000AF78601B
:10CE0000074A7B6852F82330FB60FB681A68FB68AE
:10CE10001A60F868FFF743FD00BF1037BD4680BDBC
:10CE20007413030080B586B000AFF860B9607A6013
:10CE30000023FB82FB68052B00F2A580544AFB68A7
:10CE400052F823303B61534AFB6852F82330002BE1
:10CE500002D00123FB825AE0BB681A787B681A7003
:10CE60007B6800221A617B6800225A6100237B756F
:10CE700019E07B7D7A68134400221A767B7D7A68FC
:10CE80001344002283F820207A7D7B680A32002137
:10CE900043F822107A7D7B681232002143F8221079
:10CEA0007B7D01337B753C4AFB6813441B787A7D9C
:10CEB0009A42DED3F868FFF78DFFBB681B781946EE
:10CEC0003869FFF797FCBB685B78013BDBB219461A
:10CED0003869FFF7A5FCBB689B78002B14BF0123C2
:10CEE0000023DBB283F00103DBB203F00103DBB20A
:10CEF00019463869FFF7BAFC2649FB687A6841F899
:10CF00002320F86800F08CF902467B685A60FB8A9F
:10CF1000002B38D1BB681B7B002B0ED0F86800F0CB
:10CF2000D1F901213869FFF7ADFE1C4AFB6832F9DF
:10CF300013301846FCF74EFB0AE000213869FFF772
:10CF4000A1FE164AFB6832F913301846FCF750FB75
:10CF5000BB685B68002B16D0BB685B681946F86835
:10CF600000F05AF80346FB82FB8A002B0BD1BB680A
:10CF70009B68002B07D0BB689B681946F86800F0D7
:10CF8000B9F80346FB82FB8A18461837BD4680BDB8
:10CF900074130300B40EFF1F8C130300BC46FF1F65
:10CFA00080B582B000AF78607868FFF713FF054A5C
:10CFB0007B68002142F82310002318460837BD463D
:10CFC00080BD00BFB40EFF1F80B584B000AF786095
:10CFD000064A7B6852F82330FB60F868FFF788FD4B
:10CFE000002318461037BD4680BD00BF74130300F0
:10CFF00080B584B000AF7860064A7B6852F8233071
:10D00000FB60F868FFF765FD002318461037BD4642
:10D0100080BD00BF7413030080B584B000AF78609A
:10D020003960324A7B6852F82330BB600023FB81B1
:10D030003B681B78002B02D141F20143FB813B6826
:10D040001B78013BDBB21946B868FFF737FC3B6839
:10D05000DB791946B868FFF785FC3B681B7A1946EF
:10D06000B868FFF762FC3B685B7A1946B868FFF75F
:10D070003FFC00237B7308E07B7B01221946B868E4
:10D08000FFF71DFE7B7B01337B73194A7B681344DA
:10D090001B787A7B9A42EFD33B685B781946B86875
:10D0A000FFF7E4FC3B689B781946B868FFF7AAFCD9
:10D0B0003B68DB781946B868FFF771FC3B681B7961
:10D0C0001946B868FFF7EBFC3B685B791946B8680E
:10D0D000FFF7B2FC3B689B791946B868FFF778FC0C
:10D0E000FB8918461037BD4680BD00BF741303008E
:10D0F0008C13030080B584B000AF78603960474A74
:10D100007B6852F82330BB600023BB813B68002B57
:10D110007ED03B681B78012B0AD10121B868FFF74C
:10D1200043FD3B685B781946B868FFF723FD6FE065
:10D130003B689B781946B868FFF7E9FC3B68DB78E9
:10D14000002B02D141F20243BB813B68DB78013BFB
:10D15000DBB21946B868FFF7F4FC0021B868FFF7A6
:10D1600023FD3B681B79002B05D03B681B791946D2
:10D17000B868FFF733FD3B685B79002B05D03B684F
:10D180005B791946B868FFF745FD3B689B79002B32
:10D1900005D03B689B791946B868FFF757FD3B6897
:10D1A0009B68002B34D00023FB732CE03B6899680C
:10D1B000FA7B13465B0013440B4418783B6899686C
:10D1C000FA7B13465B0013440B445B781A46014616
:10D1D000B868FFF7D1FD3B689968FA7B13465B009E
:10D1E00013440B4418783B689968FA7B13465B003C
:10D1F00013440B449B781A460146B868FFF78EFD2E
:10D20000FB7B0133FB733B68DB79FA7B9A42CDD31E
:10D21000BB8918461037BD4680BD00BF741303009C
:10D2200080B588B000AF7860174A7B6852F8233029
:10D23000FB6100237B830023FB60144A7B6852F868
:10D2400023307B61F869FFF701FB03460133FB7470
:10D250007B691B78002B02D0012B09D00BE007F172
:10D260000C0319464420FBF74BFE03467B8302E088
:10D27000074BFB6000BFFA68FB7CB2FBF3F3184678
:10D280002037BD4680BD00BF74130300B40EFF1FDE
:10D2900040420F0080B485B000AF78603960084A22
:10D2A0007B6852F82330FB60FB685B68BB60BA6840
:10D2B0003B68B2FBF3F318461437BD4680BC704799
:10D2C000B40EFF1F80B485B000AF7860064A7B685B
:10D2D00052F82330FB60FB684FF400521A6000BF25
:10D2E0001437BD4680BC70477413030080B485B00A
:10D2F00000AF78600B46FB701346BB700F4A7B682B
:10D3000052F82330FB60FB681A69FB784FF080719C
:10D3100001FA03F3DB431A40FB681A61FB681A69E0
:10D32000B978FB78183301FA03F31A43FB681A61E2
:10D3300000BF1437BD4680BC704700BF74130300A4
:10D3400080B485B000AF78600B46FB701346BB70AD
:10D35000114A7B6852F82330FB60FB681A69FB783E
:10D360004FF4803101FA03F3DB431A40FB681A6182
:10D37000FB681A69BB78002B01D0012100E0002175
:10D38000FB78103301FA03F31A43FB681A6100BFFC
:10D390001437BD4680BC70477413030080B487B057
:10D3A00000AFF8600B467A60FB720F4AFB6852F8D8
:10D3B00023307B617B69DA6CFB7A4FF4807101FA70
:10D3C00003F3DB431A407B69DA647B69DA6CFB7A2E
:10D3D0000833796801FA03F31A437B69DA6400BF02
:10D3E0001C37BD4680BC70477413030080B485B001
:10D3F00000AF78600B46FB701346BB70104A7B6829
:10D4000052F82330FB60FB68DA6CFB78012101FAEB
:10D4100003F3DB431A40FB68DA64FB68DA6CBB7821
:10D42000002B01D0012100E00021FB7801FA03F379
:10D430001A43FB68DA6400BF1437BD4680BC7047EE
:10D440007413030080B483B000AF78607B681B69FD
:10D4500023F001027B681A6100BF0C37BD4680BC17
:10D46000704780B483B000AF786039607B683A68F9
:10D470009A6000BF0C37BD4680BC704780B483B053
:10D4800000AF78600B46FB707B685B6923F0040299
:10D490007B685A617B685A69FB789B0003F0040340
:10D4A0001A437B685A6100BF0C37BD4680BC704789
:10D4B00080B483B000AF78607B685B6943F00202A0
:10D4C0007B685A6100BF0C37BD4680BC704780B492
:10D4D00083B000AF78600B46FB707B68DB6923F498
:10D4E00080727B68DA617B68DB69FA78002A02D097
:10D4F0004FF4807200E000221A437B68DA6100BFBB
:10D500000C37BD4680BC704780B483B000AF7860F4
:10D5100039607B685B6A7B6800225A627B685A6A62
:10D520003B681A437B685A6200BF0C37BD4680BC1B
:10D53000704780B483B000AF78600B467B807B6817
:10D54000DB6A1B0C1B047A68D3627B68DA6A7B880F
:10D550001A437B68DA6200BF0C37BD4680BC704757
:10D5600080B483B000AF786039607B683A681A6332
:10D5700000BF0C37BD4680BC704780B483B000AF9D
:10D58000786039607B683A685A6300BF0C37BD46E3
:10D5900080BC704780B483B000AF786039607B682E
:10D5A0003A68DA6300BF0C37BD4680BC704780B470
:10D5B00083B000AF78600B46FB707B68DB6C23F0B8
:10D5C00070427B68DA647B68DA6CFB781B071A436D
:10D5D0007B68DA6400BF0C37BD4680BC704780B4FE
:10D5E00083B000AF78600B46FB707B68DB6C23F088
:10D5F00070627B68DA647B68DA6CFB781B0603F088
:10D6000070631A437B68DA6400BF0C37BD4680BC88
:10D61000704780B483B000AF78600B46FB707B68C6
:10D62000DB6C23F400127B68DA647B68DA6CFB78CD
:10D630005B0503F400131A437B68DA6400BF0C3700
:10D64000BD4680BC704780B483B000AF78607B6813
:10D65000DB6C23F480127B68DA647B68DB6C43F458
:10D6600080127B68DA6400BF0C37BD4680BC70470F
:10D6700080B483B000AF78600B46FB707B68DB6CD6
:10D6800023F440227B68DA647B68DA6CFB789B04C5
:10D6900003F440231A437B68DA6400BF0C37BD46AD
:10D6A00080BC704780B483B000AF78600B46FB70DD
:10D6B0007B68DB6C23F440327B68DA647B68DA6C6D
:10D6C000FB781B0403F440331A437B68DA6400BF21
:10D6D0000C37BD4680BC704780B485B000AFF860A1
:10D6E000B9607A60FA68BB6802339B0113441B6817
:10D6F00023F44072F968BB6802339B010B441A6043
:10D70000FA68BB6802339B0113441A687B681B02EA
:10D7100003F440731A43F968BB6802339B010B445E
:10D720001A6000BF1437BD4680BC704780B483B018
:10D7300000AF78600B46FB701346BB70FB787A68CD
:10D7400002339B0113441A68FB7822F020027968A7
:10D7500002339B010B441A60FB787A6802339B0109
:10D7600013441A68BB78002B01D0202100E000216F
:10D77000FB780A43796802339B010B441A6000BFAF
:10D780000C37BD4680BC704780B483B000AF786072
:10D790000B46FB70FB787A6802339B0113441A68CE
:10D7A000FB7842F01002796802339B010B441A6047
:10D7B00000BF0C37BD4680BC704780B485B000AF59
:10D7C000F8600B467A60FB72FB681A6AFB7A0121EB
:10D7D00001FA03F343F0FF03DB431A40FB681A62CC
:10D7E000FB681A6AFB7A796801FA03F31A43FB684B
:10D7F0001A6200BF1437BD4680BC704780B483B046
:10D8000000AF78600B46FB701346BB70FB787A68FC
:10D8100002339B0113441A68FB7822F003027968F3
:10D8200002339B010B441A60FB787A6802339B0138
:10D8300013441968BB7803F00302FB780A43796844
:10D8400002339B010B441A6000BF0C37BD4680BCFD
:10D85000704780B485B000AFF8600B467A60FB7209
:10D86000FB7AFA6802339B01134404337A681A6026
:10D8700000BF1437BD4680BC704780B485B000AF90
:10D88000F8600B467A60FB72FB7AFA689B011344DE
:10D8900088337A681A6000BF1437BD4680BC704771
:10D8A00080B483B000AF78600B46FB7013463B80BA
:10D8B000FB787A689B01134490331B68FA781B0C41
:10D8C0001B04796892010A4490321360FB787A68ED
:10D8D0009B011344903319683A88FB780A437968AE
:10D8E0009B010B4490331A6000BF0C37BD4680BCCF
:10D8F0007047000080B586B000AF78603960714A2B
:10D900007B6852F823303B616F4A7B6852F82330C2
:10D91000FB6000237B810023FB7520E03B681969D5
:10D92000FA7D13465B001344DB000B441B787B72CB
:10D930003B681969FA7D13465B001344DB000B4416
:10D940001B791A467B7A19463869FFF736FF7B7ACE
:10D9500019463869FFF718FFFB7D0133FB753B68FB
:10D960001B78FA7D9A42D9D30023FB759EE03B6871
:10D970001969FA7D13465B001344DB000B441B78E6
:10D980007B727B7A5B083B727B7A0122194638698D
:10D99000FFF734FF3B681969FA7D13465B001344B7
:10D9A000DB000B449B7C002B05D03B7A01221946FF
:10D9B0007868FFF7C5FC3B681969FA7D13465B0080
:10D9C0001344DB000B441B7C002B45D07B7A0133D6
:10D9D000DBB2012219463869FFF710FF3B6819696D
:10D9E000FA7D13465B001344DB000B449A8A7B7A72
:10D9F00019463869FFF754FF7B7A0133D8B23B6888
:10DA00001969FA7D13465B001344DB000B44DB8A83
:10DA10001A4601463869FFF743FF3B7A012219464F
:10DA20007868FFF763FC3B681969FA7D13465B0071
:10DA30001344DB000B445B7C012B07D17B7A013361
:10DA4000DBB2012219463869FFF770FE7B7AFA686B
:10DA5000134402221A7226E03B681969FA7D1346C4
:10DA60005B001344DB000B445B78012B05D17B7A10
:10DA7000012219463869FFF759FE3B681969FA7D9A
:10DA800013465B001344DB000B449B78002B05D04E
:10DA90007B7A012219463869FFF71EFE7B7AFA6805
:10DAA000134401221A72FB7D0133FB753B681B781E
:10DAB000FA7D9A42FFF45BAF7B8918461837BD4662
:10DAC00080BD00BF74130300B40EFF1F80B586B085
:10DAD00000AF786039600023FB82374A7B6852F8D8
:10DAE00023303B6100237B755BE03B6819697A7DDD
:10DAF00013465B001344DB000B441B78FB733B684D
:10DB000019697A7D13465B001344DB000B449B6864
:10DB1000BB603B6819697A7D13465B001344DB00E8
:10DB2000CA18FB7BD1783A6913440A4683F820204F
:10DB30003B6819697A7D13465B001344DB00CA1801
:10DB4000FB7B51793A6913440A461A76FB7B3A69A2
:10DB5000134493F82030032B06D0FA7B3B69123232
:10DB6000002143F822100DE03B6819697A7D1346C5
:10DB70005B001344DB000B44FA7BD9683B6912322B
:10DB800043F82210FA7B3B69123253F82230F97BBA
:10DB9000BA68786800F06AF90346FB827B7D01333E
:10DBA0007B753B681B787A7D9A429ED3FB8A184628
:10DBB0001837BD4680BD00BFB40EFF1F80B586B0CC
:10DBC00000AF7860396000233B820023BB820423CE
:10DBD000FB733E4A7B6852F82330BB603B68002BE6
:10DBE0006FD00023FB7411E0FB7C3A681344DB7BAD
:10DBF0001A46FB7C5B0002FA03F31AB2B7F9143041
:10DC000013431BB2BB82FB7C0133FB74304A7B683D
:10DC100013441B78FA7C9A42E6D3BB8A1946B8684B
:10DC2000FFF787FC0023FB753FE0FB7D3A685B0054
:10DC30001344DB79002B35D03B685B781946B86814
:10DC4000FFF7B5FC3B689B781946B868FFF7C7FC3F
:10DC50003B68DB781946B868FFF7DBFC3B689B79CB
:10DC6000012B02D1B868FFF7EEFC3B685B791946DF
:10DC7000B868FFF717FD3B681B791946B868FFF7CE
:10DC8000F7FCFB7D3A685B0013441B7A1A46FB7D68
:10DC900019467868FFF782FBFB7D012219467868F8
:10DCA000FFF7A4FBFB7D0133FB75FA7DFB7B9A42FA
:10DCB000BBD33B681B78002B03D00121B868FFF76A
:10DCC00006FC3B8A18461837BD4680BD7413030016
:10DCD0008C13030080B586B000AF786039600023F4
:10DCE000FB822F4A7B6852F823303B612D4A7B68C8
:10DCF00052F82330FB603B69002B49D03B685B68DE
:10DD000019467868FFF7C6FA02463B691A613B6814
:10DD10001B7A002B08D00121F868FFF7AFFB002128
:10DD2000F868FFF71DFC09E03B68DB681946F868F6
:10DD3000FFF797FB0021F868FFF712FC3B685B696F
:10DD4000002B27D03B685B6919467868FFF736FFE0
:10DD50000346FB82FB8A002B1CD13B691B695A1EC0
:10DD60003B695A613B695B691946F868FFF705FC36
:10DD700039687868FFF7AAFE0346FB82FB8A002B0E
:10DD800008D139687868FFF7B5FD0346FB8201E0EA
:10DD90000123FB82FB8A18461837BD4680BD00BFB1
:10DDA000B40EFF1F7413030080B586B000AF786017
:10DDB0002C4A7B6852F823303B610023FB81386991
:10DDC000FFF776FB3869FFF73DFB00213869FFF765
:10DDD000C7FB00213869FFF797FB0023FB752CE098
:10DDE000FB7D002219463869FFF7E7FCFB7D002226
:10DDF00019463869FFF702FDFB7D00221946386994
:10DE0000FFF76AFCFB7D002219463869FFF78EFC9C
:10DE1000FB7D002219463869FFF742FDFB7D002299
:10DE200019463869FFF715FDFB7D00221946386950
:10DE3000FFF723FDFB7D0133FB750B4A7B68134421
:10DE40001B78FA7D9A42CBD300213869FFF795FB06
:10DE500000213869FFF79EFBFB8918461837BD463D
:10DE600080BD00BF741303008C13030080B58EB017
:10DE700004AFF8607A603B600B46FB7200237B6165
:10DE800000233B61214AFB6852F823307B62204A21
:10DE9000FB6852F823303B620023FB833B6A1B691B
:10DEA000BB61FA7A3B6A0A32796843F82210FA7A3F
:10DEB0003B6A1232396843F82210FB7A3A6A1344FB
:10DEC000197EFB7A3A6A134493F8202007F1100375
:10DED000029307F1140301933B6800937B68B869D0
:10DEE00000F018F80346FB837A69FB7A1946786AD2
:10DEF000FFF7AFFC3A69FB7A1946786AFFF7BDFC79
:10DF0000FB8B18462837BD4680BD00BF7413030045
:10DF1000B40EFF1F2DE9B00FAFB000AFC7F8AC00D3
:10DF2000C7F8A4300B4687F8AB30134687F8AA3001
:10DF30000023A7F8B63097F8AA30002B52D1D7F8B3
:10DF4000A430002B08D1D7F8DC3000221A60D7F8B3
:10DF5000E03000221A600DE297F8AB30002B31D18F
:10DF6000D7F8AC300022BB67FA67D7F8A43000229C
:10DF70003B677A670023D7E91C120846D0F50048B2
:10DF800063EB0209D7E91E010B4608FB03F20346C7
:10DF900003FB09F313440246A2FB08452B441D462C
:10DFA0004FF000024FF00003E20B42EA4542EB0B58
:10DFB00013465A1ED7F8DC301A60D7F8E03000223A
:10DFC0001A60D7E1D7F8AC20D7F8A430D31A5A1E7C
:10DFD000D7F8DC301A60D7F8AC305A1ED7F8E030EA
:10DFE0001A60C7E197F8AA30012B4ED1D7F8A430B8
:10DFF000002B08D1D7F8DC3000221A60D7F8E030C7
:10E0000000221A60B6E197F8AB30002B32D1D7F876
:10E01000DC3000221A60D7F8AC300022BB66FA660A
:10E02000D7F8A43000223B667A66D7E91A34224634
:10E03000D7E91889414601FB02F24D4618462146B0
:10E04000034603FB05F3134402464146A2FB01AB22
:10E050005B449B464FF000024FF000034FEADA3278
:10E0600042EA4B424FEADB3313465A1ED7F8E03000
:10E070001A607FE1D7F8DC3000221A60D7F8A430AC
:10E080005A1ED7F8E0301A6074E197F8AA30022BD4
:10E0900040F0B080D7F8A430002B08D1D7F8DC309E
:10E0A00000221A60D7F8E03000221A6062E197F887
:10E0B000AB30002B40F08980D7F8AC300022BB6534
:10E0C000FA65D7F8A4305B0800223B657A65002327
:10E0D000D7E914120846D0F58040B86463EB020318
:10E0E000FB64D7E916342246D7E91289414601FB81
:10E0F00002F24D4618462146034603FB05F313443E
:10E1000002464146A2FB0121C7F89C10C7F898209F
:10E11000D7F89C201344C7F89C304FF000024FF012
:10E120000003D7E926452146CA0B204629460C465E
:10E1300042EA4442CB0B13465A1ED7F8DC301A6031
:10E14000D7F8AC3000223B647A64D7F8A4305B087F
:10E150000022BB63FA63D7E90E341A4612F58042F7
:10E160003A63234643F100037B63D7E91034224628
:10E17000D7E90C89414601FB02F24D46184621467B
:10E18000034603FB05F3134402464146A2FB01216B
:10E19000C7F89410C7F89020D7F894201344C7F814
:10E1A00094304FF000024FF00003D7E92445214698
:10E1B000CA0B204629460C4642EA4442CB0B134682
:10E1C0005A1ED7F8E0301A60D4E0D7F8AC20D7F860
:10E1D000A430D31A5B085A1ED7F8DC301A60D7F87F
:10E1E000AC20D7F8A43013445B085A1ED7F8E030AF
:10E1F0001A60BFE0D7F8A430002B08D1D7F8DC3084
:10E2000000221A60D7F8E03000221A60B2E097F8D6
:10E21000AB30002B40F09280D7F8A430C3F5004219
:10E22000D7F8D830934200F28580D7F8AC3000227E
:10E23000BB62FA62D7F8D83000223B627A62D7E933
:10E240000A342246D7E90889414601FB02F24D46CD
:10E2500018462146034603FB05F313440246414694
:10E26000A2FB0121C7F88C10C7F88820D7F88C20B2
:10E270001344C7F88C304FF000024FF00003D7E989
:10E2800022452146CA0B204629460C4642EA444212
:10E29000CB0B13465A1ED7F8DC301A60D7F8AC30D7
:10E2A0000022BB61FA61D7F8D83000223B617A6165
:10E2B000D7F8A4300022BB60FA60D7E904452346B2
:10E2C000D7E9020102469B183B600B462A4642EB07
:10E2D00003037B60D7E906342246D7E9008941462B
:10E2E00001FB02F24D4618462146034603FB05F3A7
:10E2F000134402464146A2FB0121C7F88410C7F827
:10E300008020D7F884201344C7F884304FF00002EF
:10E310004FF00003D7E920452146CA0B2046294685
:10E320000C4642EA4442CB0B13465A1ED7F8E03063
:10E330001A601FE00123A7F8B6301BE0D7F8AC2025
:10E34000D7F8A430D31AD7F8D8209A420FD8D7F8E4
:10E35000D8305A1ED7F8DC301A60D7F8D820D7F852
:10E36000A43013445A1ED7F8E0301A6002E00123AB
:10E37000A7F8B630B7F8B6301846BC37BD46BDE88A
:10E38000B00F704780B485B000AF78607B689B6841
:10E39000FB60FB689B0803F00103FB60FB68002B3C
:10E3A00014BF01230023DBB218461437BD4680BCDE
:10E3B000704780B485B000AF78607B689B68FB6075
:10E3C000FB6803F00103FB60FB68002B14BF012313
:10E3D0000023DBB218461437BD4680BC704780B4BA
:10E3E00085B000AF78600B46FB707B681B69FB60F3
:10E3F000FB6823F47063FB60FB781B0203F470631B
:10E40000FA681343FB607B68FA681A6100BF14372F
:10E41000BD4680BC704780B485B000AF78600B46C5
:10E42000FB707B681B69FB60FB6823F0FF03FB60EC
:10E43000FB78FA681343FB607B68FA681A6100BFD7
:10E440001437BD4680BC704780B485B000AF78609B
:10E450000B46FB70FB78002B01D0FB7800E001231A
:10E46000FB737B685B69BB60BB6823F0FF03BB6029
:10E47000FB7BBA681343BB607B68BA685A6100BF14
:10E480001437BD4680BC704780B485B000AF78605B
:10E490000B46FB707B68DB68FB60FB6823F0804306
:10E4A000FB60FB78002B02D04FF0804300E000239C
:10E4B000FA681343FB607B68FA68DA6000BF1437C0
:10E4C000BD4680BC704780B485B000AF78600B4615
:10E4D000FB707B68DB68FB60FB6823F48003FB60F8
:10E4E000FB78002B02D04FF4800300E00023FA6891
:10E4F0001343FB607B68FA68DA6000BF1437BD46DF
:10E5000080BC704780B485B000AF78600B46FB706C
:10E510007B68DB68FB60FB6823F40013FB60FB781F
:10E52000002B02D04FF4001300E00023FA681343DD
:10E53000FB607B68FA68DA6000BF1437BD4680BCB8
:10E54000704780B485B000AF78600B46FB707B6885
:10E55000DB68FB6000BF1437BD4680BC704780B4E9
:10E5600085B000AF78600B46FB707B68DB68FB60B2
:10E57000FB6823F40063FB60FB78DB0203F40063B9
:10E58000FA681343FB607B68FA68DA6000BF1437EF
:10E59000BD4680BC704780B485B000AF78600B4644
:10E5A000FB707B68DB68FB60FB6823F44073FB60F7
:10E5B000FB781B0203F44073FA681343FB607B682B
:10E5C000FA68DA6000BF1437BD4680BC704780B47B
:10E5D00085B000AF78600B46FB707B68DB68FB6042
:10E5E000FB6823F0F003FB60FB781B01DBB2FA68E9
:10E5F0001343FB607B68FA68DA6000BF1437BD46DE
:10E6000080BC704780B485B000AF78600B46FB706B
:10E610007B68DB68FB60FB6823F00103FB60FB7831
:10E62000002B01D0012300E00023FA681343FB60B4
:10E630007B68FA68DA6000BF1437BD4680BC70475B
:10E6400080B485B000AF78600B46FB701346BB709A
:10E650007B689B69FB60BB78DB00DBB20733FB7236
:10E66000FB7A012202FA03F3DB43FA681340FB60F2
:10E67000FB78002B01D0012200E00022FB7A02FA95
:10E6800003F3FA681343FB607B68FA689A6100BF82
:10E690001437BD4680BC704780B485B000AF786049
:10E6A0000B46FB707B689B69FB60FB6823F04003B3
:10E6B000FB60FB78002B01D0002300E04023FA68C8
:10E6C0001343FB607B68FA689A6100BF1437BD464C
:10E6D00080BC704780B485B000AF78600B46FB709B
:10E6E0001346BB707B689B69FB60BB78DB00FB72E9
:10E6F000FB7A3F2202FA03F3DB43FA681340FB6024
:10E70000FB7803F03F02FB7A02FA03F3FA68134343
:10E71000FB607B68FA689A6100BF1437BD4680BC15
:10E720007047000080B485B000AF78600B467B80F6
:10E7300013467B707B68DB69FB60FB6823F07F63BB
:10E7400023F47023FB607B881A04064B1340FA689D
:10E750001343FB607B68FA68DA6100BF1437BD467B
:10E7600080BC70470000FF0F80B485B000AF7860B8
:10E770000B467B8013467B707B68DB69FB60FB6824
:10E7800023F47F6323F00F03FB607B88C3F30B0349
:10E79000FA681343FB607B68FA68DA6100BF1437DC
:10E7A000BD4680BC704780B485B000AF78600B4632
:10E7B000FB701346BB70FB787A68134493F82C30D7
:10E7C000FB73FB7B23F01F03FB7397F9023003F00D
:10E7D0001F035AB297F90F3013435BB2FB73FB78F8
:10E7E0007A681344FA7B83F82C2000BF1437BD46A7
:10E7F00080BC704780B485B000AF78600B46FB707A
:10E800007B68DB68FB60FB6823F0E063FB60FB7800
:10E81000013B1B0603F0E063FA681343FB607B686F
:10E82000FA68DA6000BF1437BD4680BC704780B418
:10E8300083B000AF78600B46FB70FB78022B06D0EC
:10E84000022B2BDC002B0FD0012B1AD026E07B688B
:10E85000DB6843F480127B68DA607B68DB6823F452
:10E8600000027B68DA601AE07B68DB6823F48012C0
:10E870007B68DA607B68DB6843F400027B68DA60FF
:10E880000DE07B68DB6823F480127B68DA607B68CC
:10E89000DB6823F400027B68DA6000E000BF00BFA1
:10E8A0000C37BD4680BC704780B485B000AF78603F
:10E8B0000B46FB707B685B68FB60FB6823F08003A2
:10E8C000FB60FB78002B01D0802300E00023FA6876
:10E8D0001343FB607B68FA685A6000BF1437BD467B
:10E8E00080BC704780B485B000AF78600B46FB7089
:10E8F0001346BB707B68DB69FB60FB6823F0004359
:10E90000FB60FB78002B02D04FF0004300E00023B7
:10E91000FA681343FB607B68FA68DA6100BF14375A
:10E92000BD4680BC704780B485B000AF78600B46B0
:10E93000FB707B685B68FB60FB6823F01003FB6087
:10E94000FB78002B01D0102300E00023FA6813436A
:10E95000FB607B68FA685A6000BF1437BD4680BC14
:10E96000704780B485B000AF78600B46FB707B6861
:10E970005B68FB60FB6823F00103FB60FB78002B06
:10E9800001D0012300E00023FA681343FB607B6899
:10E99000FA685A6000BF1437BD4680BC704780B427
:10E9A00085B000AF78600B46FB707B685B68FB60EE
:10E9B000FB6823F00203FB60FB78002B01D00223ED
:10E9C00000E00023FA681343FB607B68FA685A6032
:10E9D00000BF1437BD4680BC704780B485B000AF1F
:10E9E00078600B46FB707B685B68FB60FB6823F01C
:10E9F0000403FB60FB78002B01D0042300E000231C
:10EA0000FA681343FB607B68FA685A6000BF1437EA
:10EA1000BD4680BC704780B485B000AF78600B46BF
:10EA2000FB707B685B68FB60FB6823F00803FB609E
:10EA3000FB78002B01D0082300E00023FA68134381
:10EA4000FB607B68FA685A6000BF1437BD4680BC23
:10EA5000704780B485B000AF78600023FB817B688D
:10EA600008221A6006E0FB89B3F57A7F09D8FB8992
:10EA70000133FB817B681B6803F00803002BF2D194
:10EA800000E000BF00BF1437BD4680BC704780B4B3
:10EA900083B000AF78607B68DB6C9BB218460C37A4
:10EAA000BD4680BC704780B582B000AF78607868A2
:10EAB000FFF768FC0346002B0CD07B689B6843F093
:10EAC00008027B689A6000BF7B689B6803F00803BC
:10EAD000002BF9D100BF0837BD4680BD80B485B09A
:10EAE00000AF78607B689B68FB60FB6823F00403E1
:10EAF000FB60FB6843F00403FB607B68FA689A6084
:10EB000000BF1437BD4680BC704780B483B000AFEF
:10EB100078607B689B6843F002027B689A6000BF64
:10EB20007B689B6803F00203002BF9D100BF00BF94
:10EB30000C37BD4680BC704780B48FB000AF7860A2
:10EB4000002387F837301FE097F837309A007B684A
:10EB500013441A4697F8373012689B0038333B4409
:10EB600043F8242C97F8372097F8373079680A440F
:10EB700092F82C20D2B238333B4403F82C2C97F86F
:10EB80003730013387F8373097F83730072BDBD928
:10EB90007B682E4A934210D12D4BD3F800312C4A7A
:10EBA00043F00203C2F80031294BD3F80031284A60
:10EBB00023F00203C2F800310FE0254BD3F80431F3
:10EBC000234A43F00203C2F80431214BD3F8043145
:10EBD0001F4A23F00203C2F80431002387F83730BC
:10EBE0001EE097F8373097F8372091007A680A448A
:10EBF0009B0038333B4453F8243C136097F837208C
:10EC000097F8373038323A4412F82C1C7A6813449B
:10EC10000A4683F82C2097F83730013387F83730CD
:10EC200097F83730072BDCD97B689B6803F001032A
:10EC3000002B05D17B689B6843F001027B689A60DA
:10EC400000BF3C37BD4680BC704700BF0000044099
:10EC500000D0074080B586B000AF78603960384A90
:10EC60007B6852F823307B61364B1B883B82002344
:10EC7000FB6007F110027B6813441B7807F10C025C
:10EC800011461846FAF73CF903467B82FA683B685E
:10EC90001B780133B2FBF3F3FB603B681B7819462A
:10ECA0007869FFF79CFB3B685B7819467869FFF74A
:10ECB000B2FB3B689B7819467869FFF7C5FB3B6858
:10ECC000DB7819467869FFF7DFFB3B681B7919464B
:10ECD0007869FFF7F8FB3B685B7A19467869FFF7BC
:10ECE0005AFC3B689B7919467869FFF72AFC3B6818
:10ECF000DB7919467869FFF732FC3B685B79194686
:10ED00007869FFF7FFFB3B68DB7A19467869FFF704
:10ED100079FC3B689B7A19467869FFF758FC3B6899
:10ED20000C331946786800F093F83B681C33194699
:10ED3000786800F047F800BF1837BD4680BD00BFB7
:10ED4000941303000009030080B582B000AF78601F
:10ED5000786800F005F800BF0837BD4680BD0000A8
:10ED600080B584B000AF78600A4A7B6852F82330DF
:10ED7000FB60F868FFF71DFB0346002B05D0F86821
:10ED8000FFF791FEF868FFF7C0FE00BF1037BD46E1
:10ED900080BD00BF9413030080B584B000AF7860DD
:10EDA000074A7B6852F82330FB60F868FFF7C4FE1F
:10EDB000F868FFF793FE00BF1037BD4680BD00BF67
:10EDC0009413030080B584B000AF786039600023ED
:10EDD000FB731E4A7B6852F82330BB603B681B788C
:10EDE000FA7B1946B868FFF72BFC3B685B7819463D
:10EDF000B868FFF751FC3B689B78FA7B1946B86806
:10EE0000FFF768FC3B689B88FA7B1946B868FFF7F8
:10EE100089FC3B68DB88FA7B1946B868FFF7A4FCDD
:10EE20003B681B7A1946B868FFF73EFD3B685B7A82
:10EE3000012B0CBF01230023DBB2FA7B1946B86813
:10EE4000FFF750FD00BF1037BD4680BD941303008F
:10EE500080B584B000AF78603960234A7B6852F88F
:10EE60002330BB60B868FFF71EFE0023FB730AE087
:10EE7000FB7B3A68D25CFB7B1946B868FFF793FCD2
:10EE8000FB7B0133FB73FB7B072BF1D93B681B7AC0
:10EE90001946B868FFF7AEFC3B685B7A1946B8685C
:10EEA000FFF7C5FC3B68DB7A1946B868FFF795FDAC
:10EEB0003B689B7A1946B868FFF7ADFD3B681B7B42
:10EEC0001946B868FFF72FFD3B685B7B1946B868A9
:10EED000FFF765FD3B689B7B1946B868FFF741FD6E
:10EEE00000BF1037BD4680BD9413030080B485B0C9
:10EEF00000AF78600B4A7B6852F82330FB60FB68F8
:10EF00001B68BB60BB68DB0803F00103BB60BB6828
:10EF1000002B14BF01230023DBB218461437BD4673
:10EF200080BC70479413030080B584B000AF786054
:10EF3000064A7B6852F82330FB60F868FFF7A7FDAC
:10EF4000034618461037BD4680BD00BF941303002A
:10EF500080B584B000AF7860054A7B6852F82330F2
:10EF6000FB60F868FFF775FD00BF1037BD4680BD38
:10EF70009413030080B582B000AF7860FAF75EFBAF
:10EF80007B684AF218521A607B684DF626021A60B6
:10EF9000FAF73CFB00BF0837BD4680BD80B483B0A4
:10EFA00000AF78607B689B6803F00203002B0CBF06
:10EFB00001230023DBB218460C37BD4680BC7047E6
:10EFC00080B584B000AF78603960134BBB6000231C
:10EFD000FB813B685B79002B05D03B689A683B68F6
:10EFE000DB689A4203D23B68DB68002B02D1012325
:10EFF000FB8105E03968B86800F0B4F80346FB818E
:10F00000FB89002B03D116231846FAF7E3FAFB8994
:10F0100018461037BD4680BD00A0064080B584B0BC
:10F0200000AF78600E4BBB600023FB81FAF706FB54
:10F03000B868FFF7B3FF0346002B07D01623184626
:10F04000FAF7D6FAB86800F070F801E00123FB8106
:10F05000FAF7DCFAFB8918461037BD4680BD00BFC1
:10F0600000A0064080B584B000AF7860044BFB6020
:10F07000F868FFF77FFF00BF1037BD4680BD00BFB7
:10F0800000A0064080B483B000AF78607B685B6806
:10F0900003F00103002B14BF01230023DBB2184649
:10F0A0000C37BD4680BC704780B582B000AF786039
:10F0B000FAF7C4FA7B684AF218521A607B684DF678
:10F0C00026021A60FAF7A2FA00BF0837BD4680BDD3
:10F0D00080B483B000AF78607B689B6803F0020364
:10F0E000002B0CBF01230023DBB218460C37BD46B2
:10F0F00080BC704780B483B000AF78607B689B6849
:10F1000003F00103002B07D17B689B6803F0020327
:10F11000002B01D1012300E0002303F00103DBB247
:10F1200018460C37BD4680BC704780B582B000AF32
:10F1300078607B684BF231621A607B684CF278220F
:10F140001A607B6842225A607B684FF44072DA6032
:10F150007B6800221A617868FFF7A6FF00BF0837B6
:10F16000BD4680BD80B586B000AF786039600023B1
:10F17000FB8200233B617868FFF784FF0346FB7343
:10F180007868FFF7A5FF0346BB73FAF757FAFB7BD6
:10F1900083F00103DBB2002B70D0BB7B002B6DD062
:10F1A0003B681B78DB0003F008033B613B685B793D
:10F1B000002B03D03B6943F020033B613B681B7984
:10F1C000002B03D03B6943F010033B613B681B7C81
:10F1D000002B03D03B6943F040033B613B689B78C5
:10F1E00083F00103DBB2002B03D03B6943F0020341
:10F1F0003B613B685B7883F00103DBB2002B03D0FB
:10F200003B6943F004033B613B6943F001033B610D
:10F2100007E07B684BF231621A607B684CF278221F
:10F220001A607868FFF766FF034683F00103DBB2DC
:10F23000002BEED13B68DA687B68DA603B685B796B
:10F24000002B03D03B689A687B681A617B689B69D6
:10F2500043F001027B689A617B683A695A603B68B7
:10F26000DB7883F00103DBB2002B03D07B68032241
:10F270009A6005E07B6801229A6001E00123FB822D
:10F28000FAF7C4F9FB8A18461837BD4680BD80B42A
:10F2900083B000AF03463960FB803B681B68FA8887
:10F2A0001A803B681B689A1C3B681A6000BF0C37C9
:10F2B000BD4680BC704780B483B000AF78603960D1
:10F2C0003B681B687A681A603B681B681A1D3B68BC
:10F2D0001A6000BF0C37BD4680BC704780B483B055
:10F2E00000AF786039603B681B687A681A603B68D9
:10F2F0001B681A1D3B681A6000BF0C37BD4680BCF6
:10F30000704780B483B000AF786039603B681B6899
:10F310007A681A603B681B681A1D3B681A6000BF58
:10F320000C37BD4680BC704780B483B000AF7860B6
:10F3300039607B681B681A783B681A707B681B68A9
:10F340005A1C7B681A6000BF0C37BD4680BC7047F2
:10F3500080B483B000AF786039607B681B681A881E
:10F360003B681A807B681B689A1C7B681A6000BF28
:10F370000C37BD4680BC704780B483B000AF786066
:10F3800039607B681B681A683B681A607B681B6879
:10F390001A1D7B681A6000BF0C37BD4680BC7047E1
:10F3A00080B483B000AF786039607B681B681A68EE
:10F3B0003B681A607B681B681A1D7B681A6000BF77
:10F3C0000C37BD4680BC704780B483B000AF786016
:10F3D00039607B681B681A683B681A607B681B6829
:10F3E0001A1D7B681A6000BF0C37BD4680BC704791
:10F3F00080B500AF012001F03FF90346184680BDFB
:10F4000080B500AF012001F019F80346184680BD11
:10F4100080B500AF012001F025FA0346184680BDF3
:10F4200080B500AF012001F0A1FA0346184680BD67
:10F4300080B400AF01231846BD4680BC7047000071
:10F4400080B485B000AF0346FB80074B1B689A6809
:10F45000FB88DB0013441B79FB73FB7B18461437D6
:10F46000BD4680BC704700BFCC0EFF1F80B487B084
:10F4700000AF0346FB71144B1B685968FA791346B9
:10F480005B0013449B000B449B683B61FB790F4A74
:10F490001B0113441A68FB790C491B010B4404330C
:10F4A0001B68D31AFB603B692033FA689A4202D288
:10F4B0000123FB7501E00023FB75FB7D18461C371B
:10F4C000BD4680BC704700BFCC0EFF1FC00FFF1FA2
:10F4D00080B483B000AF78607B6803F01F03012223
:10F4E00002FA03F318460C37BD4680BC7047000093
:10F4F00090B585B000AF0346FB80FB885B099BB2EB
:10F50000BB600B4ABB6852F82340FB881846FFF7E4
:10F51000DFFF03462340002B02D00123FB7301E0F1
:10F520000023FB73FB7B18461437BD4690BD00BF1C
:10F53000440FFF1F80B584B000AF0346FB80FB88FB
:10F540005B099BB2FB60FB881846FFF7C1FF0246D0
:10F550000649FB6851F823301A430449FB6841F817
:10F56000232000BF1037BD4680BD00BF440FFF1FE2
:10F5700080B586B000AF0346FB7100233B610123D9
:10F58000FB6000237B6125E07B699BB21846FFF797
:10F5900057FF0346FB72FA79FB7A9A420AD1114A65
:10F5A0003B6952F82320FB68DB431A400D493B6955
:10F5B00041F82320FB68B3F1004F05D10123FB6024
:10F5C0003B6901333B6102E0FB685B00FB607B69E8
:10F5D00001337B617B69072BD6D900BF00BF183789
:10F5E000BD4680BD440FFF1F80B588B000AFF860F6
:10F5F000B9607A600023FB617B687B617B682033A4
:10F60000BB61FB681B881A46FB685B881344BA68B9
:10F610001344FB61FB681B79002B07D0FB690133A6
:10F62000FB61FB6943F00043FB6103E0FB6923F0EE
:10F630000043FB61FB681B8807F114021146184662
:10F64000FFF725FEFB685B8807F114021146184698
:10F65000FFF71DFE07F114031946B868FFF73EFED9
:10F6600007F114031946F869FFF725FE05E07B69E9
:10F67000FF221A707B6901337B617B69BA699A4208
:10F68000F5D800BF00BF2037BD4680BD80B485B02F
:10F6900000AF786039600023FB737B68BB6009E0D2
:10F6A000BB681B78FF2B02D00123FB7306E0BB680D
:10F6B0000133BB60BA683B689A42F1D3FB7B1846C2
:10F6C0001437BD4680BC704780B586B000AFF86087
:10F6D0000B467A60FB72FB681B78FA7A9A4203D079
:10F6E000FB681B78FF2B16D1FB681B78FA7A9A42CD
:10F6F00003D17B6801221A7002E07B6800221A7035
:10F70000FB685A1CFB68083319461046FFF7BEFF1A
:10F710000346FB7501E00123FB75FB7D1846183796
:10F72000BD4680BD80B58CB000AFF860B9607A602E
:10F73000012387F82F307B68BB610023FB75002312
:10F74000BB757B68203319467868FFF79FFF034637
:10F75000002B03D1052387F82F308CE07B68103312
:10F760007B62FA6807F1180311461846FFF7F0FDAF
:10F77000FB689A1C07F1180311461846FFF7E8FDCD
:10F7800007F11803B9681846FFF70AFE07F11C02D3
:10F7900007F1180311461846FFF7EEFD07F11502B1
:10F7A00007F1180311461846FFF7BEFDFB685B889A
:10F7B0001A46BB681B681344FA6812881344BB627C
:10F7C000FB69002B03DBFB6800221A7105E0FB6874
:10F7D00001221A71BB6A0133BB62BB69796A1846A0
:10F7E000FFF754FF034687F8233007F117031A4643
:10F7F0008121786AFFF768FF034687F822307B6A29
:10F80000083307F1160218211846FFF75DFF03467B
:10F8100087F82130FA69BB6A534023F00043002B7C
:10F820000BD197F82330002B07D197F82230002B0B
:10F8300003D197F82130002B03D0032387F82F3012
:10F8400019E0FB7D002B0DD0BB7D83F00103DBB203
:10F85000002B03D0002387F82F300CE0042387F817
:10F860002F3008E0BB7D83F00103DBB2002B02D018
:10F87000022387F82F3097F82F3018463037BD46CF
:10F8800080BD80B58AB000AF78603960032387F807
:10F8900027300023FB740023BB743B68FB603B688C
:10F8A00010333B627A6807F10C0311461846FFF7E4
:10F8B00063FD7B681A1D07F10C0311461846FFF71C
:10F8C0006FFD7B6803F1080207F10C03114618462F
:10F8D000FFF77AFD7B681A687B685B681A447B686F
:10F8E0009B681344FB6107F1140207F10C031146F6
:10F8F0001846FFF741FDFB68396A1846FFF7C6FE58
:10F900000346FB7607F113031A468121386AFFF795
:10F91000DBFE0346BB763B6A083307F1120218216F
:10F920001846FFF7D1FE03467B767B69FA699A4257
:10F930001FD1FB7E002B1CD1BB7E002B19D17B7EFF
:10F94000002B16D1BB7C83F00103DBB2002B0DD062
:10F95000FB7C83F00103DBB2002B03D0022387F88A
:10F96000273006E0002387F8273002E0012387F8DC
:10F97000273097F8273018462837BD4680BD80B518
:10F9800086B000AF786039603B68FB603B6820332D
:10F990007B617B681A687B685B681A447B689B683C
:10F9A00013443B617B681B6807F10C021146184643
:10F9B000FFF781FC7B685B6807F10C021146184673
:10F9C000FFF78CFC7B689B6807F10C021146184618
:10F9D000FFF797FC07F10C0319463869FFF76BFC3A
:10F9E00005E0FB68FF221A70FB680133FB60FB68CF
:10F9F0007A699A42F5D800BF00BF1837BD4680BD6E
:10FA000080B487B000AF0346FB8000237B610723EF
:10FA10003B614FF6FF73FB812FE03A697B69D31A94
:10FA2000DA0F13445B101A467B691344BB60184B12
:10FA30001B689A68BB68DB0013441B88FA889A42EB
:10FA40000AD2BB68002B03DDBB68013B3B6114E0BD
:10FA50003B6901337B6110E00D4B1B689A68BB6802
:10FA6000DB0013441B88FA889A4203D9BB68013330
:10FA70007B6102E0BB68FB8103E07A693B699A42E3
:10FA8000CBDDFB8918461C37BD4680BC704700BFE4
:10FA9000CC0EFF1F80B485B000AF0346FB80074B40
:10FAA0001B689A68FB88DB0013445B88FB81FB8939
:10FAB00018461437BD4680BC704700BFCC0EFF1FF0
:10FAC00080B485B000AF0346FB800023FB81074B69
:10FAD0001B689A68FB88DB0013441B88FB81FB8949
:10FAE00018461437BD4680BC704700BFCC0EFF1FC0
:10FAF00080B485B000AF0346FB80074B1B689A6853
:10FB0000FB88DB0013445B79FB73FB7B18461437DF
:10FB1000BD4680BC704700BFCC0EFF1F80B485B0CF
:10FB200000AF0346FB800023FB81FB8803F0070343
:10FB30009BB2002B02D1FB88FB8106E0FB88DB082F
:10FB40009BB201339BB2DB00FB81FB891846143763
:10FB5000BD4680BC704780B489B000AFF860B96022
:10FB60001346FB80FB88BA6813447B61BB6808338B
:10FB70003B61BB68FB61FB68BB6109E0BB691A784C
:10FB8000FB691A70BB690133BB61FB690133FB611F
:10FB9000FA697B699A42F1D305E0FB69FF221A708A
:10FBA000FB690133FB61FA693B699A42F5D300BFF7
:10FBB00000BF2437BD4680BC704780B485B000AF1D
:10FBC00078600B46FB707B680833BB607B68FB602A
:10FBD000FB68FA781A70FB680133FB6005E0FB688C
:10FBE000FF221A70FB680133FB60FA68BB689A4217
:10FBF000F5D300BF00BF1437BD4680BC704700007E
:10FC000080B582B000AF164B1B685A68154B1B7845
:10FC100019460B465B000B449B0013441A68124BB9
:10FC20001B78DB0013441B683B6081210F48FFF702
:10FC3000C4FF3B68103308220C49184601F0F6FB5C
:10FC40000346002B02D10223FB7101E00123FB716B
:10FC5000074B13221A70FB7918460837BD4680BD42
:10FC6000CC0EFF1F3C0FFF1F3D0FFF1FDC0EFF1FC1
:10FC7000CE46FF1F80B586B000AF38E05A4B1B88D8
:10FC80001846FFF7DDFB0346FB73584B1B78FA7BE6
:10FC90009A4226D1544B1B881946554A0B465B00A5
:10FCA0000B449B00134408331B78002B23D04E4B8E
:10FCB0001B8819464E4A0B465B000B449B001344BD
:10FCC00008331B78022B16D0474B1B881946484A2D
:10FCD0000B465B000B449B00134408331B78062B38
:10FCE00009D0414B1B8801339AB23F4B1A803E4BDF
:10FCF0001B88072BC2D93C4B1B88082B04D1FFF76C
:10FD00007FFF0346FB7569E0374B1B881846FFF7FA
:10FD1000C1FE0346FB80344B1B881846FFF7E8FE04
:10FD200003463B72304B1B881846FFF7C9FE03465B
:10FD3000BB802D4B1B8819462D4A0B465B000B449C
:10FD40009B00134408331B78002B11D1FB88184605
:10FD5000FFF7E4FE0346BB81264B1A68BB89D31A22
:10FD60003B61244A3B691360234A3B69136001E00D
:10FD700000233B613B1D214A39691846FFF734FCDB
:10FD8000194B1B8819461A4A0B465B000B449B0013
:10FD9000134408331B78002B03D1194B11221A701E
:10FDA00008E0114B1B8801339AB20F4B1A80144B99
:10FDB00010221A70134B1B6810221049184601F0CC
:10FDC00035FB0346002B02D00123FB7501E0022323
:10FDD000FB750C4B1B6820330A4A1360FB7D1846E9
:10FDE0001837BD4680BD00BF400FFF1F3C0FFF1FEF
:10FDF000600FFF1F5C0FFF1F540FFF1FDC0EFF1F64
:10FE0000CE46FF1F580FFF1F80B586B000AF264BB0
:10FE10001B78264A12781146184601F041FB3861DA
:10FE2000234B1B685A68204B1B7819460B465B0016
:10FE30000B449B0013441A681C4B1B78DB001344D3
:10FE40001B68BB603B69FB60174B1B78194A1B01A1
:10FE5000134408331B6801337B603B1D1649184669
:10FE6000FFF78DFDBB6810221349184601F0DEFA3A
:10FE70000346002B02D10223FB7501E00123FB7531
:10FE8000BB6820330D4A1360BA68FB6813440C4A00
:10FE900013600C4B00221A800B4B10221A70FB7D52
:10FEA00018461837BD4680BD3C0FFF1F3D0FFF1F92
:10FEB000CC0EFF1FC00FFF1FDC0EFF1F580FFF1FD0
:10FEC0005C0FFF1F400FFF1FCE46FF1F80B582B0A3
:10FED00000AF0C4B1B780C4A12781146184601F003
:10FEE000B5FA0346002B02D10223FB7101E0012386
:10FEF000FB71064B0F221A70FB7918460837BD4676
:10FF000080BD00BF3C0FFF1F3D0FFF1FCE46FF1FF0
:10FF100080B485B000AF0346FB71FB79FB73FB7BBC
:10FF20000133FB73FA7B0B4B1B6859680A4B1B7838
:10FF3000184603465B0003449B000B445B689A42EF
:10FF400001D10023FB73FB7B18461437BD4680BCF0
:10FF5000704700BFCC0EFF1F3C0FFF1F80B582B063
:10FF600000AF0123FB710F4B1B780F4A1B01134499
:10FF70000C331B78BB71BB791846FFF7C9FF0346EA
:10FF80007B710A4A7B791370094B1A78094B1A70F6
:10FF9000FFF79CFF0346FB71FB7918460837BD4607
:10FFA00080BD00BF3C0FFF1FC00FFF1F3D0FFF1F95
:10FFB000CE46FF1FCF46FF1F80B582B000AF0023A3
:10FFC000FB710B4B1B6820220A49184601F01EFAF0
:10FFD0000346002B02D00123FB7101E00223FB71D9
:10FFE000054B0E221A70FB7918460837BD4680BDB6
:10FFF000540FFF1FDC0EFF1FCE46FF1F80B582B0DF
:020000024000BC
:1000000000AF0C4B1B780C4A12781146184601F0D1
:100010001DFA0346002B02D10223FB7101E00123EC
:10002000FB71064B0C221A70FB7918460837BD4647
:1000300080BD00BF3C0FFF1F3D0FFF1FCE46FF1FBF
:1000400080B584B000AF0023FB732D4B1B78022BCF
:1000500003D12C4B14221A704DE0294B1B782A4AED
:100060001B01134408331B68002B07D1274B0022C8
:100070001A70FFF7C3FF0346FB733CE0204B1B786D
:10008000214A1B0113440C331B78BB73204B1B68A4
:100090005A681B4B1B7819460B465B000B449B00B0
:1000A00013441A68BB7BDB0013441B68BB60BB684E
:1000B0002033184A1360124B1B781846154B1A68E8
:1000C000114903010B4404331A600D4B1B78BA7BB2
:1000D0001146184601F0E4F97860094B1B78184680
:1000E000BA687B681A44084903010B441A60FFF799
:1000F00063FF0346FB73FB7B18461037BD4680BD8C
:100100003C0FFF1FCE46FF1FC00FFF1F3D0FFF1FFD
:10011000CC0EFF1F540FFF1F80B586B000AF1F4BE2
:100120001B781F4A12781146184601F0B9F9386158
:100130001C4B1B685A68194B1B7819460B465B0011
:100140000B449B0013441A68154B1B78DB001344C7
:100150001B68BB603B69FB6001237B603B1D124950
:100160001846FFF70CFC81211048FFF726FDBB68FD
:1001700018220D49184601F059F90346002B02D107
:100180000223FB7501E00123FB75094B0D221A7058
:10019000FB7D18461837BD4680BD00BF3C0FFF1FD2
:1001A0003D0FFF1FCC0EFF1FDC0EFF1FEC0EFF1FCD
:1001B000CE46FF1F80B584B000AF294B1B78184690
:1001C000284B1978284A030113440C330A461A7045
:1001D000234B1B78244A1B011344083301221A6065
:1001E000224B1B685A681E4B1B7819460B465B0056
:1001F0000B449B0013441A681A4B1B78DB00134412
:100200001B68FB60164B1B78164A1278114618467D
:1002100001F046F9B860124B1B781846FB6803F1F1
:100220002002114903010B4404331A600C4B1B7864
:100230001846FA68BB681A440B4903010B441A605C
:10024000074B1B780133DAB2054B1A70FFF7F8FE43
:100250000346FB71FB7918461037BD4680BD00BFD1
:100260003C0FFF1F3D0FFF1FC00FFF1FCC0EFF1FD6
:1002700080B586B000AFBA607B600346FB810B4659
:10028000BB810123FB75FB894FF6FF72934204D1BA
:10029000BB894FF6FF7293424AD0BB685B88184611
:1002A000FFF73CFC0346BB82254B1B78254A1B010C
:1002B00013441A68BB8AD31A7A689A4233D8204BFF
:1002C0001B78204A1B01134404331B6840337A68AF
:1002D0009A4228D3BB894FF6FF72934226D11A4B1C
:1002E0001B689A68FB89DB0013441A79144B1B784E
:1002F0009A4215D1144B1B689A68FB89DB001344A2
:100300005A88BB685B889A420AD10F4B1B689A686F
:10031000FB89DB0013445A79BB681B799A4205D0EC
:100320000023FB7502E00023FB7503E000BF01E042
:100330000023FB75FB7D18461837BD4680BD00BF06
:100340003C0FFF1FC00FFF1FCC0EFF1F80B582B0F8
:1003500000AF3A601A460346FB800B467B7113469A
:100360003B717B79022B35D07B79042B0AD1FA883B
:100370002D4913465B0013449B000B4408330122B4
:100380001A7009E0FA88284913465B0013449B0061
:100390000B4408337A791A70FA88234913465B00B4
:1003A00013449B000B443A681A60204B1B68FA8880
:1003B00003F118011C4813465B0013449B000344DF
:1003C000043319601A4B1B781A4A1B0113443A680C
:1003D0001A6006E0164B1B78164A1B0113443A6854
:1003E0001A60124B1B68124A1278104603F1200261
:1003F000104903010B4404331A600D4B1B78184657
:10040000FFF734F80346002B0AD03B79002B04D0C9
:10041000FB881846FFF78EF802E0074B01221A709E
:1004200000BF0837BD4680BD600FFF1F540FFF1F80
:100430003C0FFF1FC00FFF1FD00EFF1F80B588B0FD
:1004400000AF0346FB710023FB774FF6FF73BB83BE
:1004500007F10C0107F110033D4A1846FFF762F956
:100460000346FB76FB7E032B05D0FB7983F001036B
:10047000DBB2002B1AD0374B4FF6FF721A80364B87
:100480001B682033344A1360344B1B781846324BB8
:100490001A68334903010B4404331A60314B0122BB
:1004A0001A70FFF789FD0346FB774CE0FB7E052BB6
:1004B0001CD12C4B1B78002B0DD02A4B00221A701C
:1004C000254B1B68254A1278104603F14002244947
:1004D00003010B441A60214B1B780133DAB21F4B26
:1004E0001A70FFF7ADFD0346FB772CE03B8A1846F8
:1004F000FFF786FA03463B83FB6807F11002B98BCE
:10050000388BFFF7B5FE0346002B06D0FA683B7D1B
:10051000F97E388BFFF71AFF02E0124B01221A70A6
:100520000D4B1B6820330C4A13600C4B1B7818468C
:10053000094B1A680A4903010B4404331A60FFF798
:100540003BFD0346FB77FB7F18462037BD4680BD49
:10055000DC0EFF1F3E0FFF1F540FFF1F3C0FFF1F3E
:10056000C00FFF1FD00EFF1F80B582B000AF134B2E
:100570001B685A68124B1B7819460B465B000B44EC
:100580009B0013441A680F4B1B78DB0013441B6855
:100590003B6020220C49386801F044FA0346002BE6
:1005A00002D00123FB7101E00223FB71074B0B22F8
:1005B0001A70FB7918460837BD4680BDCC0EFF1F68
:1005C0003C0FFF1F3D0FFF1FDC0EFF1FCE46FF1F1E
:1005D00080B582B000AF0023FB71074B00221A7078
:1005E000064B00221A70FFF7BFFF0346FB71FB7931
:1005F00018460837BD4680BD3C0FFF1F3D0FFF1F4B
:1006000080B483B000AF194B1B780133DAB2174BBB
:100610001A70164B1B781846154B1B685A68154BF9
:100620001B7819460B465B000B449B0013445B6828
:10063000984208D10F4B1B780133DAB20D4B1A7078
:100640000A4B00221A700B4B1B78022B05D1094B69
:1006500000221A700123FB7101E00023FB71FB797A
:1006600018460C37BD4680BC704700BF3D0FFF1FCA
:10067000CC0EFF1F3C0FFF1F80B588B000AF0346B4
:10068000FB710023BB7707F1080330491846FFF7D9
:10069000F8F803467B772E4B1B685A682D4B1B7866
:1006A00019460B465B000B449B0013441A682A4B07
:1006B0001B78DB0013441B68BB61264B1B78264A62
:1006C00012781146184600F0EBFE7861FB79002B9A
:1006D00027D07B7F002B24D1FB68BA699A4220D1B6
:1006E0003B697A699A421CD1BA681A4B1B781B493C
:1006F0001B010B4408331B689A4212D9154B1B7817
:100700001846154B1978154A030113440C330A4651
:100710001A70104B1B78BA6810491B010B44083340
:100720001A60FFF76DFF0346BB77BB7F002B04D039
:10073000FFF786FC0346FB7703E0FFF715FF034650
:10074000FB77FB7F18462037BD4680BDDC0EFF1FC0
:10075000CC0EFF1F3C0FFF1F3D0FFF1FC00FFF1FE1
:1007600080B582B000AF0123FB710023BB71002371
:100770003B60224B1B881946214A0B465B000B4409
:100780009B00134408331B78BB711C4B1B88194614
:100790001B4A0B465B000B449B0013441B683B60E9
:1007A000BB79002B13D1174B1A683B681344164AC8
:1007B0001168164A1268184600F028FE0346002BFE
:1007C00002D00123FB7110E00223FB710DE0BB7925
:1007D000012B02D10523FB7107E0BB79022B02D06C
:1007E000BB79062B01D10423FB71094B14221A702B
:1007F000FB7918460837BD4680BD00BF3E0FFF1F7E
:10080000600FFF1F4C0FFF1FD40EFF1F500FFF1F65
:10081000CE46FF1F80B582B000AF0023FB7181215F
:100820000D48FFF7CAF90D4B1B68103B08220A4917
:10083000184600F0FBFD0346002B02D00123FB719C
:1008400001E00223FB71064B10221A70FB79184657
:100850000837BD4680BD00BFDC0EFF1F580FFF1FCD
:10086000CE46FF1F80B586B000AF0346FB71384B04
:100870001B881846FFF70EF90346BB82BB8A184651
:10088000FFF74CF903467B827A8A324B1B681A4485
:10089000314B1B68D31A314A1360FB7983F0010393
:1008A000DBB2002B16D02A4B1B8819462C4A0B466C
:1008B0005B000B449B001344083306221A70244B40
:1008C0001B8801339AB2224B1A80FFF7D3F90346F3
:1008D000FB7538E0214B1B68002B0AD11C4B1B8891
:1008E00001339AB21A4B1A80FFF794FF0346FB7547
:1008F00029E01A4B1B68602B02D9184B60221A6042
:10090000134B1B881946164A0B465B000B449B0091
:1009100013441A68104B1B681A440E4B1B68D31AF9
:10092000FB600E4B1B681A460E49F86800F06EFD1E
:100930000346002B02D00123FB7501E00223FB7567
:10094000094B12221A70FB7D18461837BD4680BD30
:10095000400FFF1F5C0FFF1F540FFF1F500FFF1FA3
:10096000600FFF1FDC0EFF1FCE46FF1F80B584B057
:1009700000AF0346FB710023FB73FB79002B1AD0F9
:10098000124B1B68124A12681249184600F04EFDBD
:100990000346002B02D10223FB7301E00123FB730A
:1009A0000A4B1A680A4B1B681344084A13600A4B27
:1009B00011221A7004E00020FFF754FF0346FB7376
:1009C000FB7B18461037BD4680BD00BF540FFF1F8C
:1009D000500FFF1FDC0EFF1FCE46FF1F80B586B0F5
:1009E00000AF8A4B1B781846FEF7C2FD884B1B6888
:1009F0005A68864B1B7819460B465B000B449B00DC
:100A000013441A68834B1B78DB0013441B683B615B
:100A10007E4B1B787F4A12781146184600F040FD45
:100A200002463B691344FB603B6920333B61002372
:100A3000FB82A5E0FB8A1846FEF702FD0346BB7267
:100A4000724B1B78BA7A9A4240F09780FA8A7249C0
:100A500013465B0013449B000B4408331B78002BA8
:100A600015D0FA8A6C4913465B0013449B000B4473
:100A700008331B78022B0AD0FA8A674913465B00B9
:100A800013449B000B4408331B78062B62D1FA8A6F
:100A90003B6903F11801604813465B0013449B0057
:100AA000034404331960FA8A5B4913465B0013441C
:100AB0009B000B4408331B78002B19D1FB8A184686
:100AC000FEF7E8FF03463B813B891846FFF726F80F
:100AD0000346FB80FB88FA68D31AFB60FA8A4E490A
:100AE00013465B0013449B000B44FA681A6008E04D
:100AF000FA8A494913465B0013449B000B440022C9
:100B00001A60FA8A444913465B0013449B000B4465
:100B100008331B78062B19D1FB8A1846FEF7BAFF5B
:100B200003463B813B891846FEF7F8FF0346FB80EE
:100B3000FB88FA68D31AFB60FA8A374913465B00D0
:100B400013449B000B44083302221A703B69203384
:100B50003B6112E0FA8A304913465B0013449B0064
:100B60000B4400221A60FA8A2B4913465B00134497
:100B70009B000B44043300221A60FB8A0133FB8282
:100B8000FB8A072B7FF656AF204B1B781846214B6C
:100B90001978224A030113440C330A461A701B4B7E
:100BA0001B781E491A010A440832126801321B4997
:100BB0001B010B4408331A60144B1B78174A1B01A6
:100BC000134404333A691A60104B1B78134A1B0113
:100BD0001344FA681A60124B1B780A2B05D10B4B91
:100BE0001B780133DAB2094B1A700E4B02221A70CD
:100BF0000B4B1A780C4B1A7000F0CAFA0346FB72C2
:100C0000FB7A18461837BD4680BD00BF3C0FFF1F5A
:100C1000CC0EFF1F3D0FFF1F600FFF1FC00FFF1FF8
:100C2000CF46FF1F480FFF1FCE46FF1F80B586B07F
:100C300000AF304B1B689A682F4B1B88DB001344B6
:100C40001B79BB752B4B1B689A682B4B1B88DB00F1
:100C500013445B88FB80274B1B689A68264B1B88D4
:100C6000DB0013441B88BB80224B1B689A68224B15
:100C70001B88DB0013445B793B72FB881846FEF748
:100C80004DFF0346BB8200F0A1FA034683F0010347
:100C9000DBB2002B07D0194ABB7D1370FFF75EF95A
:100CA0000346FB7521E0BB7D154A1B0113441A68FE
:100CB000BB8AD31A3B61BB7D114A1B011344043329
:100CC0001B68FB603B1D0F4A39691846FEF78CFC18
:100CD00010220C49F86800F0A9FB0346002B02D053
:100CE0000123FB7501E00223FB75FB7D18461837D5
:100CF000BD4680BDCC0EFF1F3E0FFF1F3C0FFF1FE8
:100D0000C00FFF1FDC0EFF1F80B586B000AF434B46
:100D10001B689A68424B1B88DB0013445B887B810D
:100D20007B891846FEF7FAFE03463B813B4B1B6866
:100D30009A683B4B1B88DB0013441B79FB71FB79E2
:100D4000384A1B01134404331A68FB7920323549B1
:100D50001B010B4404331A60FB79324A1B01134414
:100D600019683A89FB798A1A2E491B010B441A60CB
:100D7000FB791846FEF77AFB0346BB71274B1B68CD
:100D80009A68274B1B88DB0013445B79002B07D044
:100D9000BB79002B04D0224B1B881846FEF7CAFBF8
:100DA0007B89072B0ED8204B1B687A891F49184670
:100DB000FEF7D1FE1D4BFB6008233B611C4B042258
:100DC0001A7012E0184B1B68FB603A897B899A42C3
:100DD00005D17B893B61164B04221A7005E03B89E3
:100DE000083B3B61124B03221A70FB790D4A1B0131
:100DF00013441B683B603A69F968386800F016FBD9
:100E00000346002B02D10223FB7501E00123FB7591
:100E1000FB7D18461837BD4680BD00BFCC0EFF1FB6
:100E20003E0FFF1FC00FFF1FD80EFF1FDC0EFF1F5E
:100E3000CE46FF1F80B582B000AFFFF7F7FE034636
:100E4000FB71064B1B780F2B02D0044B02221A7049
:100E5000FB7918460837BD4680BD00BFCE46FF1F50
:100E600080B584B000AF214B1B689A68204B1B886B
:100E7000DB0013441B79BB811C4B1B689A681C4B1D
:100E80001B88DB0013445B887B817B89DB089BB27A
:100E9000DB003B817B8903F00703FB80154B1A685D
:100EA0003B891344FA8814491846FEF754FEBB895F
:100EB000124A1B0113441B683B603A893B68134488
:100EC00008220D49184600F0B1FA0346002B02D162
:100ED0000223FB7301E00123FB73094B04221A7008
:100EE000FB7B18461037BD4680BD00BFCC0EFF1FF0
:100EF0003E0FFF1FD80EFF1FDC0EFF1FC00FFF1F8E
:100F0000CE46FF1F80B582B000AF154B1B689A68B4
:100F1000144B1B88DB0013441B79BB7181211248E1
:100F2000FEF74BFEBB79114A1B01134404331B68C7
:100F3000103B3B6008220C49386800F077FA034602
:100F4000002B02D10223FB7101E00123FB71084B4E
:100F500005221A70FB7918460837BD4680BD00BFD0
:100F6000CC0EFF1F3E0FFF1FDC0EFF1FC00FFF1F29
:100F7000CE46FF1F80B485B000AF224B1B689A6835
:100F8000214B1B88DB0013441B79FB73FB7B1F4A3F
:100F90001B0113441B68BB60FB7B1C4A1B011344F1
:100FA00004331B687B60184B1B881946184A0B4694
:100FB0005B000B449B001344BA681A60124B1B88F9
:100FC00018467B68A3F10802114903465B000344FD
:100FD0009B000B4404331A600B4B1B8819460C4AC8
:100FE0000B465B000B449B001344083300221A702D
:100FF000084B14221A70002318461437BD4680BCD3
:10100000704700BFCC0EFF1F3E0FFF1FC00FFF1F1A
:10101000600FFF1FCE46FF1F80B582B000AF0023D8
:10102000FB712B4B1B8819462A4A0B465B000B446D
:101030009B00134408331B78012B05D1264B142247
:101040001A700023FB713DE0214B1B881946214A91
:101050000B465B000B449B00134408331B78072BA3
:1010600011D11B4B1B8819461A4A0B465B000B44D7
:101070009B001344083301221A70174B14221A7074
:101080000023FB711EE018211448FEF796FD104B5B
:101090001B8819460F4A0B465B000B449B00134408
:1010A00004331B6808220D49184600F0BFF90346B7
:1010B000002B02D10223FB7101E00123FB71064BDF
:1010C00007221A70FB7918460837BD4680BD00BF5D
:1010D0003E0FFF1F600FFF1FCE46FF1FDC0EFF1FDE
:1010E00080B400AF094B1B881946094A0B465B00C8
:1010F0000B449B001344083301221A70054B142241
:101100001A7000231846BD4680BC70473E0FFF1F73
:10111000600FFF1FCE46FF1F80B582B000AF0023D7
:10112000FB7100F053F8034683F00103DBB2002BA0
:101130000ED00B4B1B689A680A4B1B88DB001344CC
:101140001A79094B1A70FEF709FF0346FB7102E09A
:10115000064B14221A70FB7918460837BD4680BD2D
:10116000CC0EFF1F3E0FFF1F3C0FFF1FCE46FF1F81
:1011700080B500AF044B1B781A46044B53F822305D
:1011800098470346184680BDCE46FF1FD046FF1F36
:1011900080B582B000AF0123FB710B4B1B78012B94
:1011A00002D0082B05D009E0FFF744FE0346FB718F
:1011B00004E0FFF7B1FF0346FB7100BFFB7918465F
:1011C0000837BD4680BD00BFCE46FF1F90B587B033
:1011D00000AF4B4B1B881846FEF732F90346BB7530
:1011E000484B1B685968BA7D13465B0013449B004B
:1011F0000B449B683B61BB7D434A1B0113441A6847
:10120000BB7D41491B010B4404331B68D31AFB60AF
:101210003B4B1B881846FEF73DFC03467B817B89D0
:101220001846FEF77BFC03463B813B894033FA6856
:101230009A4202D20023FB755DE03A893B69134470
:101240004033FA689A4254D22D4B1B881846FEF759
:101250004FFC0346FB712A4B1B881846FEF748F9E2
:101260000346BB71FB79002B40D0BB7983F00103AF
:10127000DBB2002B3AD0224B1B881946234A0B467F
:101280005B000B449B0013441B68002B0CD11C4BD0
:101290001B8819461D4A0B465B000B449B001344F8
:1012A00004331B68002B1BD03B6903F12002144B55
:1012B0001B881846154903465B0003449B000B44FA
:1012C00019680F4B1B881C46104823465B002344BB
:1012D0009B00034404331B68CB1A083B9A4202D894
:1012E0000123FB7507E00023FB7504E00023FB7579
:1012F00001E00123FB75FB7D18461C37BD4690BD00
:101300003E0FFF1FCC0EFF1FC00FFF1F600FFF1F00
:1013100080B582B000AF384B1B78013B112B5CD8F5
:1013200001A252F823F000BFA1130400A11304008E
:10133000A1130400A1130400A1130400DB13040093
:10134000DB130400A1130400DB130400DB1304000F
:1013500081130400DB130400DB1304007113040089
:10136000DB130400DB130400DB13040091130400FF
:101370000020FFF763F803461A46204B1A7036E048
:101380000020FFF779F903461A461C4B1A702EE02D
:101390000020FFF7EBFA03461A46184B1A7026E0B6
:1013A000174B1B881846FEF74BF80346FB71FB7979
:1013B000144A1B01134404331A68FB794032114963
:1013C0001B010B441A6000F013FB03461A460B4B3B
:1013D0001A700D4B01221A7009E000F009FB034658
:1013E0001A46064B1A70084B01221A7000BF00BF44
:1013F0000837BD4680BD00BFCE46FF1F490FFF1F07
:101400003E0FFF1FC00FFF1F480FFF1F80B584B0A6
:1014100000AFF860B9607A607A68B968F86800F07F
:1014200001FB034618461037BD4680BD80B584B029
:1014300000AFF860B9607A607A68B968F86800F05F
:1014400079FA034618461037BD4680BD80B584B092
:1014500000AF03460A46FB711346BB710F4B1B6876
:101460005968FA7913465B0013449B000B441A68D1
:10147000BB79DB0013441B68FB60BA79FB7911462A
:10148000184600F00DF8B860B968F86800F0FEF989
:10149000034618461037BD4680BD00BFCC0EFF1F67
:1014A00080B483B000AF03460A46FB711346BB719C
:1014B000094B1B685968FA7913465B0013449B007B
:1014C0000B441A68BB79DB0013445B6818460C3781
:1014D000BD4680BC704700BFCC0EFF1F80B483B0F8
:1014E00000AF044B1B78FB71FB7918460C37BD46E7
:1014F00080BC7047490FFF1F80B400AF024B1B78C0
:101500001846BD4680BC7047480FFF1F80B584B0A9
:1015100000AF78607B68002B50D02A4B1B78002BE3
:101520004CD1294A7B681360274B1B68DB6818463F
:1015300000F06AF90023FB601FE02449FA681346B3
:101540005B0013449B000B44083307221A701F49A9
:10155000FA6813465B0013449B000B4400221A6098
:101560001A49FA6813465B0013449B000B4404338A
:1015700000221A60FB680133FB60134B1B681B8859
:101580001A46FB689342D8D30023FB6009E0104A57
:10159000FB681B011344083300221A60FB68013307
:1015A000FB60094B1B689B781A46FB689342EED39D
:1015B000084B09221A70084B02221A7000BF10371C
:1015C000BD4680BD480FFF1FCC0EFF1F600FFF1FE1
:1015D000C00FFF1FCE46FF1F490FFF1F80B500AF92
:1015E000184B1B78002B07D1174B1B78002B03D10E
:1015F000164B1B78142B23D0144B1B78142B09D1BA
:1016000000F0F6F903461A460F4B1A700D4B0122F3
:101610001A7015E0FFF7ACFD03461A460A4B1A7024
:10162000094B1B78002B03D1064B01221A7007E0EF
:10163000054B1B78022B03D0024B01221A70FFE7E7
:1016400000BF80BD480FFF1F490FFF1FCE46FF1F81
:1016500080B500AF0A4B1B78002B07D1094B1B78D4
:10166000002B03D1084B1B78142B06D0054B1B789D
:10167000032B02D0FFF74CFEFFE700BF80BD00BF89
:10168000480FFF1F490FFF1FCE46FF1F80B500AF59
:1016900000F026FA184B1B78022B2BD1174B1B7826
:1016A000092B8CBF01220022D2B2002A12D10122C2
:1016B0009A4040F243331340002B14BF0123002310
:1016C000DBB2002B06D0FFF753FD03461A460A4B48
:1016D0001A7000E000BF084B1B78022B0AD0064BA3
:1016E0001B78002B03D1064B01221A7002E0044B39
:1016F00001221A7000BF80BD490FFF1FCE46FF1F99
:10170000480FFF1F80B586B000AFBA601A46034687
:10171000FB810B46BB811346FB800123FB75FB89D4
:101720001846FEF76DF90346BB82BB8A4FF6FF727F
:10173000934203D0114B1B78012B02D00123FB7580
:1017400016E00F4ABB8A1380BB890E4A1360FB88E0
:101750000D4A13600D4ABB6813600D4B00221A70CE
:10176000064B02221A700B4B02221A700023FB75E3
:10177000FB7D18461837BD4680BD00BF480FFF1FD0
:101780003E0FFF1F4C0FFF1F500FFF1FD40EFF1FF8
:10179000CE46FF1F490FFF1F80B584B000AF034640
:1017A0003960FB800023FB73FB881846FEF728F99D
:1017B0000346BB81BB894FF6FF72934203D00D4BAA
:1017C0001B78012B02D00123FB730EE00A4ABB8970
:1017D00013800A4A3B681360094B01221A70054BBB
:1017E00002221A70074B02221A70FB7B1846103730
:1017F000BD4680BD480FFF1F3E0FFF1FD80EFF1FC5
:10180000CE46FF1F490FFF1F80B582B000AF786042
:101810007B68002B02D0194A7B681360184B1B7839
:10182000022B03D1154B00221A6022E0134B1B68D8
:101830001B7C002B0AD1114B1B689B69114A13605A
:101840000E4B1B681B6A104A136009E00B4B1B68A8
:101850005B690C4A1360094B1B68DB690A4A136019
:1018600000F008FE064B1B78002B02D0034B002231
:101870001A6000BF0837BD4680BD00BFE00FFF1FE4
:101880002447FF1FE80FFF1FEC0FFF1F80B584B038
:1018900000AF786039600123FB73244B1B78022B67
:1018A00018D0234B1B68002B14D0786800F06AF91D
:1018B000034683F00103DBB2002B0BD17A683B684F
:1018C0001344184600F084F9034683F00103DBB2A9
:1018D000002B02D00123FB7323E0144A7B68536082
:1018E0007A683B681344013B104A9360786800F0C3
:1018F0002DFA03461A460D4B5A830C4B9B6818462B
:1019000000F024FA03461A46084B9A83074B00223C
:101910001A73064B02221A70044B01221A76002316
:10192000FB73FB7B18461037BD4680BD2447FF1F65
:10193000E00FFF1F80B586B000AFF860B9607A6035
:101940000123FB75284B1B78022B1ED0274B1B68ED
:10195000002B1AD0BB68002B17D0F86800F06CF988
:10196000034683F00103DBB2002B0ED17B68002B12
:101970000BD0FA687B681344184600F05DF9034603
:1019800083F00103DBB2002B02D00123FB7526E0BC
:10199000154AFB685360FA687B681344013B124A9E
:1019A0009360F86800F0D2F903461A460E4B5A834A
:1019B0000D4B9B68184600F0C9F903461A460A4BBE
:1019C0009A83094B01221A73074ABB681361064BBD
:1019D00002221A70044B01221A760023FB75FB7D4C
:1019E00018461837BD4680BD2447FF1FE00FFF1F74
:1019F00080B483B000AF0023FB71084B1B68002B41
:101A000002D10123FB7102E0054B1B78FB71FB79CE
:101A100018460C37BD4680BC704700BFE00FFF1F63
:101A20002447FF1F80B586B000AFF860B9607A60C8
:101A30000123FB75284B1B78022B1ED0274B1B68FC
:101A4000002B1AD0BB68002B17D07B68002B14D05A
:101A5000F86800F03DF9034683F00103DBB2002B88
:101A60000BD1FA687B681344184600F031F903463D
:101A700083F00103DBB2002B02D00123FB7526E0CB
:101A8000154AFB685360FA687B681344013B124AAD
:101A90009360F86800F05AF903461A460E4B5A83D1
:101AA0000D4B9B68184600F051F903461A460A4B45
:101AB0009A83094B02221A73074ABB685361064B8B
:101AC00002221A70044B01221A760023FB75FB7D5B
:101AD00018461837BD4680BD2447FF1FE00FFF1F83
:101AE00080B582B000AF0023FB71154B1B68002B43
:101AF00021D0144B1B78022B1DD1124B1B7E012BC6
:101B000004D100F02FF80F4B00221A760E4B1B78F1
:101B1000002B01D000F08AFF00F018F80346FB719B
:101B2000FB79002B03D100F091FA0346FB71FB799E
:101B3000184600F04DF900BF0837BD4680BD00BF14
:101B4000E00FFF1F2447FF1FE50FFF1F80B400AF0A
:101B5000034B1B78DBB21846BD4680BC704700BF04
:101B6000E40FFF1F80B400AF044B00221A70044B37
:101B700000221A7000BFBD4680BC7047E40FFF1FF3
:101B8000E50FFF1F80B584B000AF78600023FB73C2
:101B9000786800F0DBF80346BB81BB894FF6FF7223
:101BA00093420ED0094B1B68996ABA8913465B00B1
:101BB0001344DB000B445B687A689A4201D101232D
:101BC000FB73FB7B18461037BD4680BDE00FFF1F3F
:101BD00080B584B000AF78600023FB737B68013B65
:101BE000184600F0B3F80346BB81BB894FF6FF727D
:101BF000934219D00F4B1B68996ABA8913465B0050
:101C00001344DB000B4459680A4B1B68986ABA8975
:101C100013465B001344DB0003449B680B447A6863
:101C20009A4201D10123FB73FB7B18461037BD4656
:101C300080BD00BFE00FFF1F80B584B000AF7860AB
:101C40000023FB73786800F081F80346BB811F4BCB
:101C50001B689B8CBA899A4211D21C4B1B68996AEB
:101C6000BA8913465B001344DB000B44DB685A1E41
:101C70007B681340002B24D10123FB7321E0134B1D
:101C80001B689B8CBA899A421BD1104B1B68996ABE
:101C9000BA8913465B001344DB00183B0B445968B8
:101CA0000A4B1B68986ABA8913465B001344DB0031
:101CB000183B03449B680B447A689A4201D1012384
:101CC000FB73FB7B18461037BD4680BDE00FFF1F3E
:101CD00080B584B000AF78600023FB73786800F0B3
:101CE00035F80346BB81184B1B689B8CBA899A4216
:101CF00002D20123FB7321E0134B1B689B8CBA8932
:101D00009A421BD1104B1B68996ABA8913465B0033
:101D10001344DB00183B0B4459680B4B1B68986A53
:101D2000BA8913465B001344DB00183B03449B68ED
:101D30000B447A689A4201D10123FB73FB7B18465E
:101D40001037BD4680BD00BFE00FFF1F80B485B0D7
:101D500000AF78604FF6FF73FB810023FB8127E023
:101D60001A4B1B68996AFA8913465B001344DB001F
:101D70000B445B687A689A4217D3144B1B68996AC4
:101D8000FA8913465B001344DB000B4459680F4B80
:101D90001B68986AFA8913465B001344DB0003440E
:101DA0009B680B447A689A4209D3FB890133FB8113
:101DB000064B1B689B8CFA899A42D1D300E000BF86
:101DC000FB8918461437BD4680BC7047E00FFF1FE3
:101DD00080B582B000AF0346FB71134AFB791370E4
:101DE000FB79002B09D1114B1B689B68002B16D087
:101DF0000E4B1B689B68984711E0FB79012B05D0BF
:101E0000FB79032B02D0FB79042B08D1074B1B680D
:101E1000DB68002B03D0054B1B68DB68984700BFCD
:101E20000837BD4680BD00BF2447FF1FE00FFF1FDE
:101E300090B583B000AF0223FB71494B5A68484B01
:101E40009B689A4202D90023FB7183E0444B5B8B71
:101E5000BB80444B1B68996ABA8813465B001344E5
:101E6000DB000B441B7D002B02D00123BB7101E082
:101E70000023BB713B4B1B68996ABA8813465B0011
:101E80001344DB000B441B69BA791146184600F075
:101E900025FB03467B807B88184600F009F9034642
:101EA0007B702F4B59682F4B1B68986ABA88134672
:101EB0005B001344DB0003449B680B44284A5360D7
:101EC000274B5A68264B9B689A4205D97B78002B92
:101ED00002D10023FB713DE07B78012B02D101236D
:101EE000FB7137E01F4B1B68996ABA8813465B0089
:101EF0001344DB000B441B7D83F00103DBB2002B9A
:101F000028D0174B5A68174B1B68996A144B5B8B88
:101F1000184603465B000344DB000B445968114B31
:101F20001B68986A0E4B5B8B1C4623465B00234460
:101F3000DB0003449B680B449A420BD3084B5A685E
:101F4000074B9B689A4205D8054B5B8B01339AB2CD
:101F5000034B5A83FB7918460C37BD4690BD00BF32
:101F60002447FF1FE00FFF1F80B586B000AF7860E9
:101F70003960144B5B8BFB82134B1B68996AFA8A9E
:101F800013465B001344DB000B441B697A6813445F
:101F90003B610C4B18690C4B1B68996AFA8A134613
:101FA0005B001344DB000B441B7D02463968386933
:101FB00000F0E0FD0346FB73FB7B18461837BD4677
:101FC00080BD00BF2447FF1FE00FFF1F80B586B014
:101FD00000AFF860B9607A603B6001237B7542F224
:101FE000E473FB8200233B61164B1B689A6A164B15
:101FF0005B8B19460B465B000B44DB0013441B69EB
:102000003B613A69FB6813443B617B68002B07D056
:102010007A68B968386900F03FFB0346FB8206E046
:102020003A68B968386900F0E3FB0346FB82FB8A33
:10203000184600F03DF803467B757B7D184618373F
:10204000BD4680BDE00FFF1F2447FF1F80B582B053
:1020500000AF144B1B7B042B1BDC022B11DA002B73
:1020600002D0012B05D014E0FFF7E2FE0346FB711E
:1020700012E00D4B1B68184600F04EF80346FB714A
:102080000AE00A4B1B68184600F046F80346FB714D
:1020900002E00223FB7100BFFB7918460837BD46FA
:1020A00080BD00BF2447FF1FEC0FFF1FE80FFF1F7D
:1020B00080B485B000AF0346FB80FB884EF24272CD
:1020C000934217D04EF2427293421CDC45F6A52291
:1020D00093420CD045F6A522934214DC42F674627A
:1020E00093420AD043F2CC32934209D00BE0002352
:1020F000FB730BE00323FB7308E00223FB7305E093
:102100000223FB7302E00123FB7300BFFB7B184635
:102110001437BD4680BC704780B588B000AF78608A
:102120000223FB773D4B5B8BBB830023BB613B4BA7
:102130005A683A4B9B689A4202D90023FB7767E0C2
:10214000786800F06FF87861344B5B8BBB83334B5E
:102150005968334B1B68986ABA8B13465B0013446B
:10216000DB0003445B68CB1A3B61786900F076F8CA
:10217000F8602A4B5A68FB681344284A5360F96890
:10218000386900F0CDF80346FB72FB7A002B20D1B2
:10219000234B1B68996ABA8B13465B001344DB0020
:1021A0000B4459681E4B1B68986ABA8B13465B0038
:1021B0001344DB0003449B680B44BB61174B5B6813
:1021C000BA699A4205D8154B5B8B01339AB2134B0F
:1021D0005A83124B5B687A699A4202D3FB7A002BCE
:1021E000B2D0FB7A012B02D10123FB7710E0FB7AFE
:1021F000022B02D10423FB770AE0084B5A68074BF5
:102200009B689A4204D9FB7A002B01D10023FB770B
:10221000FB7F18462037BD4680BD00BF2447FF1F07
:10222000E00FFF1F80B485B000AF78600A4B9B6859
:10223000FB60094B5A687B681344FA689A4205D3DD
:10224000054B5A687B681344013BFB60FB681846EA
:102250001437BD4680BC70472447FF1F80B487B049
:1022600000AF78607B683B610023FB600823BB60A4
:10227000294B1B689A6A294B5B8B19460B465B00FE
:102280000B44DB0013445A68234B1B68996A234BA9
:102290005B8B184603465B000344DB000B449B68E2
:1022A0001344013B7B611D4B1B7B012B23D11B4B3B
:1022B0005B683A69D31A0133FB60184B5B68BA68F4
:1022C000B3FBF2F2B96801FB02F29B1ABA68D31AA7
:1022D000FA689A420FD9114B5A68104B5B68B9687B
:1022E000B3FBF1F1B86800FB01F15B1AB968CB1AD6
:1022F0001344013B3B617A693B699A4201D93B69CE
:102300007B61064B5B687A69D31A013318461C3728
:10231000BD4680BC704700BFE00FFF1F2447FF1F72
:1023200080B584B000AF786039600123FB73264B21
:102330001B7B013B032B41D801A252F823F000BFC5
:10234000512304006B2304008B230400AB230400FF
:1023500039687868FFF708FE0346FB731A4B1A6961
:102360003B681344184A136129E0174B5A6900234C
:1023700039687868FFF72AFE0346FB73124B5A69E7
:102380003B681344104A536119E00F4B1B6900224C
:1023900039687868FFF71AFE0346FB730A4B1A691F
:1023A0003B681344084A136109E00023002239689E
:1023B0007868FFF70BFE0346FB7300E000BFFB7B72
:1023C00018461037BD4680BD2447FF1F80B483B038
:1023D00000AF7860BFF35F8F00BF0B4A7B6843F0AC
:1023E00001035360094B5B6A084A43F4803353622C
:1023F000BFF34F8F00BFBFF36F8F00BF00BF0C371D
:10240000BD4680BC704700BF90ED00E000ED00E0ED
:1024100080B400AFBFF35F8F00BF0B4B5B6A0A4A0B
:1024200023F480335362094B5B68084A23F00103AD
:102430005360BFF34F8F00BFBFF36F8F00BF00BF6C
:10244000BD4680BC704700BF00ED00E090ED00E0AD
:1024500080B400AF064B5B6803F08003802B0CBF99
:1024600001230023DBB21846BD4680BC704700BF85
:102470000000014080B500AFFFF7EAFF0346002BE4
:1024800018D0124B4F225A60114B00221A70104B79
:1024900000225A600E4B00229A600D4B05221A73DF
:1024A0000B4B00221A610A4B00225A61094B002291
:1024B0001A7005E0064B01221A70064B01221A70B1
:1024C000054B00221A7000BF80BD00BF0000014014
:1024D0002447FF1FE40FFF1FE50FFF1F80B584B0E7
:1024E00000AF78600B46FB70FFF7B2FF034683F046
:1024F0000103DBB2002B07D04EF24273FB81304B5D
:102500004EF242721A8056E07B68B3F5801F07D303
:102510007B68B3F5801F05D37B68B3F5A01F01D29C
:10252000012300E00023012B3ED1F7F787F8254B6C
:1025300000229A60234B4F225A60FFF769FF7B68A5
:10254000214A1A600420FFF741FF1E4B1F4AC3F8BF
:102550000022FB78002B10D01A4B10229A601C4BE3
:1025600001221A701B4B02221A704EF24273FB8139
:10257000134B45F6A5221A8013E010201AF0E4FD53
:102580000346FB81FB8945F6A522934203D1114BFB
:1025900000221A7002E00F4B01221A70084AFB89D0
:1025A0001380F7F733F806E042F6B453FB81044B8F
:1025B00042F6B4521A80FB8918461037BD4680BDDA
:1025C0004847FF1F0000014067452301F57395FD53
:1025D000E50FFF1FE40FFF1F80B582B000AF094B6E
:1025E0001B8845F6A522934204D100F00DF803465E
:1025F000FB8002E042F2E473FB80FB881846083758
:10260000BD4680BD4847FF1F80B582B000AFFFF7D1
:102610001FFF0346002B12D00D4B5B6803F04E03E7
:102620003B603B68002B03D145F6A523FB8009E006
:10263000074B4E225A6042F2E473FB8002E04EF2F6
:102640004273FB80FB8818460837BD4680BD00BF3B
:102650000000014080B586B000AFF860B9607A60D4
:10266000FFF7D6FE00237B610AE0BA687B6913445A
:10267000F9687A690A441B6813607B6904337B61DB
:102680007A697B689A42F0D30420FFF79FFE00230B
:1026900018461837BD4680BD80B58AB000AFF860D7
:1026A000B9607A60FB687B627B683B627B68FB6138
:1026B000BB68BB617B68002B2DD0BB68002B2AD088
:1026C000FB68B3F5801F07D3FB68B3F5801F05D304
:1026D000FB68B3F5A01F01D2012300E00023002B0B
:1026E00019D0FA68BB681344013BB3F5801F0DD3C2
:1026F000FA68BB681344013BB3F5801F08D3FA683E
:10270000BB681344013BB3F5A01F01D2012300E0D5
:102710000023002B04D1344B42F6B4521A8003E05C
:10272000314B45F6A5221A802F4B1B8845F6A52272
:10273000934252D12C4B4EF242721A80BA69396AD6
:10274000786A00F003FB7861284B04225A607B69A9
:10275000042B09D07B69042B15D87B69012B0DD084
:102760007B69022B05D00EE07A6A3B6A12681A6018
:102770000AE07A6A3B6A12881A8005E07B6A1A7856
:10278000FB691A7000E000BF184B5B6803F004039C
:10279000042B03D1154B04225A6012E07A6A7B693C
:1027A00013447B623A6A7B6913443B62FA697B6932
:1027B0001344FB61BA697B69D31ABB61BB69002B07
:1027C000BCD1BB69002B04D1074B45F6A5221A806A
:1027D00003E0054B42F2E4721A80034B1B88184653
:1027E0002837BD4680BD00BF4447FF1F00000140A1
:1027F00080B586B000AFF860B9607A60FB687B6135
:10280000BB68002B20D0FB68B3F5801F1CD3FB688E
:10281000B3F5801F03D3FB68B3F5A01F14D3FA6888
:10282000BB681344013BB3F5801F0DD3FA68BB6846
:102830001344013BB3F5801F0BD3FA68BB68134404
:10284000013BB3F5A01F04D2124B42F6B4521A80DA
:1028500003E0104B45F6A5221A800E4B1B8845F667
:10286000A522934210D10B4B4EF242721A807B6824
:10287000002B05D0BA687968786900F00DF803E09C
:10288000B968786900F072F8024B1B88184618374F
:10289000BD4680BD4447FF1F80B58AB000AFF860D9
:1028A000B9607A60FB687B62BB683B627B68FB61F6
:1028B0000123FB76FA69396A786A00F047FA786191
:1028C0007B69042B09D07B69042B21D87B69012B00
:1028D00015D07B69022B09D01AE03B6A1A687B6A23
:1028E0001B689A4216D00023FB7613E03B6A1A88D5
:1028F0007B6A1B889A420FD00023FB760CE03B6A70
:102900001A887B6A1B889A4208D00023FB7605E070
:1029100000BF04E000BF02E000BF00E000BFFB7E9C
:10292000002B0BD07A6A7B6913447B623A6A7B691D
:1029300013443B62FA697B69D31AFB61FB7E002B6F
:1029400002D0FB69002BB5D1FB69002B04D1064BEB
:1029500045F6A5221A8003E0034B43F2CC321A80DD
:1029600000BF2837BD4680BD4447FF1F80B586B0F5
:1029700000AF786039607B687B613B683B61012315
:10298000FB733A690021786900F0E0F9B860BB6830
:10299000042B09D0BB68042B1ED8BB68012B14D0B4
:1029A000BB68022B08D017E07B691B68B3F1FF3FBF
:1029B00014D00023FB7311E07B691B884FF6FF7274
:1029C00093420DD00023FB730AE07B691B78FF2B39
:1029D00008D00023FB7305E000BF04E000BF02E065
:1029E00000BF00E000BFFB7B002B07D07A69BB680B
:1029F00013447B613A69BB68D31A3B61FB7B002BB4
:102A000002D03B69002BBCD13B69002B04D1064BA3
:102A100045F6A5221A8003E0034B43F2CC321A801C
:102A200000BF1837BD4680BD4447FF1F90B583B037
:102A300000AF42F2E473FB804A4B1B78DBB2022BFF
:102A400040F08B80484B1B78012B41D1FFF7C4FD30
:102A50000346FB80FB884EF2427293427DD0FB8896
:102A600045F6A522934203D03E4B01221A7074E032
:102A70003D4B00221A703B4B00221A703B4B5A68A8
:102A80003B4B1B68996A394B5B8B184603465B00CE
:102A90000344DB000B445968354B1B68986A334B81
:102AA0005B8B1C4623465B002344DB0003449B688E
:102AB0000B449A4251D32D4B5A682C4B9B689A4237
:102AC0004BD82A4B5B8B01339AB2284B5A8344E094
:102AD000254B1B78032B40D100F020F90346FB80E7
:102AE000FB884EF24272934237D0FB8845F6A5220E
:102AF000934203D01B4B01221A702EE01A4B002286
:102B00001A70184B00221A70184B5A68174B9B68A2
:102B10009A4222D8154B5A68154B1B68996A134B79
:102B20005B8B184603465B000344DB000B4459688B
:102B30000F4B1B68986A0D4B5B8B1C4623465B0052
:102B40002344DB0003449B680B449A4205D3074BA4
:102B50005B8B01339AB2054B5A8300BF0C37BD46DD
:102B600090BD00BFE40FFF1FE50FFF1F2447FF1FAD
:102B7000E00FFF1F80B588B000AFF860B9607A60E1
:102B8000FB700123FB7745F6A523BB830223FB766D
:102B900008237B61FFF75CFC034683F00103DBB293
:102BA000002B05D00323FB774EF24273BB83A3E0D7
:102BB000FB68B3F5801F1FD2FB687A69B3FBF2F2A2
:102BC000796901FB02F29B1A002B0DD1BA687B696F
:102BD0009A4209D17B68002B06D0FA68BB6813447F
:102BE000013BB3F5801F03D342F6B453BB833AE0F5
:102BF00045F6A523BB8336E0FB68B3F5801F05D3FC
:102C0000FB68B3F5A01F01D2012300E00023012BD4
:102C100026D1FB687A69B3FBF2F2796901FB02F213
:102C20009B1A002B14D1BA687B699A4210D17B6839
:102C3000002B0DD0FA68BB681344013BB3F5801F2D
:102C400006D3FA68BB681344013BB3F5A01F03D356
:102C500042F6B453BB8306E045F6A523BB8302E0EE
:102C600042F6B453BB83BB8B45F6A52293423BD1BE
:102C7000F6F7E4FC244B00229A60234B4F225A6063
:102C80007A697968F868FFF7E5FC1F4B1F4AC3F8BB
:102C90000022FB7883F00103DBB2002B16D0FB7E11
:102CA00018461AF051FA0346BB83BB8B45F6A522A2
:102CB000934205D1164B00221A700023FB7710E0D7
:102CC000134B01221A700123FB770AE00E4AFB7EA8
:102CD0009360104B03221A700D4B02221A700323CB
:102CE000FB77F6F793FC07E0094B01221A700223E9
:102CF000FB7742F6B453BB83074ABB8B1380FB7F41
:102D000018462037BD4680BD00000140F57395FD93
:102D1000E40FFF1FE50FFF1F4647FF1F80B582B07E
:102D200000AF094B1B8845F6A522934204D1FFF75B
:102D30006BFC0346FB8002E042F2E473FB80FB88FD
:102D400018460837BD4680BD4647FF1F80B487B090
:102D500000AFF860B9607A6001237B61FA68BB68F4
:102D600013433B613B6903F00303002B0BD17B68EA
:102D7000032B02D904237B610FE07B68012B0CD964
:102D800002237B6109E03B6903F00103002B04D1BE
:102D90007B68012B01D902237B617B6918461C37B4
:102DA000BD4680BC7047000080B483B000AF78603F
:102DB000BFF35F8F00BF0B4A7B6843F00103536092
:102DC000094B5B6A084A43F480335362BFF34F8F69
:102DD00000BFBFF36F8F00BF00BF0C37BD4680BC84
:102DE000704700BF90ED00E000ED00E080B400AF60
:102DF000BFF35F8F00BF0B4B5B6A0A4A23F480333B
:102E00005362094B5B68084A23F001035360BFF328
:102E10004F8F00BFBFF36F8F00BF00BFBD4680BCA8
:102E2000704700BF00ED00E090ED00E080B483B09B
:102E300000AF78607B685B6803F08003802B0CBF79
:102E400001230023DBB218460C37BD4680BC704717
:102E500080B483B000AF78607B685B6803F04E039A
:102E6000002B14BF01230023DBB218460C37BD46EC
:102E700080BC704780B483B000AF78607B684E221E
:102E80005A6000BF0C37BD4680BC704780B483B029
:102E900000AF78607B685B6803F00103012B0CBF17
:102EA00001230023DBB218460C37BD4680BC7047B7
:102EB00080B483B000AF78607B6801225A6000BFA5
:102EC0000C37BD4680BC704780B483B000AF7860DB
:102ED0007B685B6803F00803082B0CBF0123002309
:102EE000DBB218460C37BD4680BC704780B483B057
:102EF00000AF78607B6808225A6000BF0C37BD467F
:102F000080BC704780B485B000AF78600023FB6060
:102F10007B68134A934203D84FF40063FB6019E0C7
:102F20007B68104A934207D87B68B3F5801F03D3B0
:102F30004FF48063FB600DE07B680B4A934207D837
:102F40007B68B3F1805F03D34FF48063FB6001E0E3
:102F50000023FB60FB6818461437BD4680BC7047F1
:102F6000FEFF0F00FEFF1300FE03041180B584B0C6
:102F700000AFF860B9601346FB71FB79042B05D0F4
:102F8000FB79022B02D0FB79032B02D1BB68002214
:102F90001A72BB685B68002B04D0BB685B68FA7967
:102FA0001046984700BF1037BD4680BD80B588B039
:102FB00000AF7860934BBB61934A7B6852F8233033
:102FC0007B61B869FFF774FF7B691B78002B00F009
:102FD0000481B869FFF73CFF0346002B05D00422AB
:102FE0007969B869FFF7C2FF08E17B69DB68023BDA
:102FF0003F2B00F2E38001A252F823F037310400A6
:1030000037310400BD310400BD310400BD3104007E
:10301000BD310400BD310400BD310400BD310400E8
:10302000BD310400BD310400BD310400BD310400D8
:10303000BD3104000531040005310400FD300400F9
:10304000FD300400BD310400BD310400BD31040079
:10305000BD310400BD310400BD310400BD310400A8
:10306000BD310400BD310400BD310400BD31040098
:10307000BD310400BD310400BD310400BD31040088
:10308000BD310400BD310400BD310400BD31040078
:10309000BD310400BD310400BD310400BD31040068
:1030A000BD310400BD310400BD310400BD31040058
:1030B000BD310400BD310400BD310400BD31040048
:1030C000BD310400BD310400BD310400BD31040038
:1030D000BD310400BD310400BD310400BD31040028
:1030E000BD310400BD310400BD310400BD31040018
:1030F000BD3104005D310400BD3104007B69002254
:10310000DA615CE07B691B691846FFF7FBFE02464B
:103110007B69DB699A1A7B69DA617B691B691846EE
:10312000FFF7F0FE03469B087A6912699B001A4478
:103130007B691A6143E07B69DB69A3F108027B6963
:10314000DA617B691B6903F108027B691A617B699B
:103150005B6903F108027B695A6130E07B69DB69D6
:10316000A3F108027B69DA617B6907F108025A6101
:103170007B695B6A03F108027B695A627B699B6A1F
:1031800003F108027B699A627B695B6ABB6000237A
:10319000FB610FE07B699A6AFB699B001A44FB693B
:1031A000013312689B0020333B4443F8182CFB6921
:1031B0000133FB61FB69012BECD900E000BF7B69A7
:1031C000DB69002B03D0786819F0B6FF16E0022205
:1031D0007969B869FFF7CAFE10E0B869FFF738FEF1
:1031E0000346002B05D004227969B869FFF7BEFEBB
:1031F00004E002227969B869FFF7B8FE00BF203702
:10320000BD4680BD00000140F00FFF1F80B584B0B7
:1032100000AF7860094A7B6852F82330FB60084BA6
:10322000BB60B868FFF762FE0322F968B868FFF771
:103230009DFE00BF1037BD4680BD00BFF00FFF1FD1
:103240000000014080B500AF0548FFF71FFE0346B0
:10325000002B02D00020FFF7A9FE00BF80BD00BFF9
:103260000000014080B500AF0548FFF72DFE034682
:10327000002B02D00020FFF7C9FF00BF80BD00BFB8
:103280000000014080B586B000AFF860B9607A6098
:10329000224B3B610023FB823869FFF7C7FD0346E1
:1032A000002B33D03869FFF7E5FD3869FFF700FEE2
:1032B0001B49FB687A6841F82320BB681A787B6851
:1032C0001A70BB685A687B685A60BB685A787B681A
:1032D0005A707B6800221A72BB689A787B689A7071
:1032E0007B681B78002B14D0F86800F053F8122389
:1032F0001846F6F76FF9F86800F074F8094AFB68A9
:1033000032F913301846F6F765F902E040F6031378
:10331000FB82FB8A18461837BD4680BD000001407D
:10332000F00FFF1F9C13030080B586B000AF7860DC
:10333000164B3B61164A7B6852F82330FB60002332
:10334000FB823869FFF772FD0346002B15D0386900
:10335000FFF790FD3869FFF7ABFDFB681B78002B8A
:1033600005D0786800F02AF81220F6F741F9084AEB
:103370007B68002142F8231002E040F60313FB8231
:10338000FB8A18461837BD4680BD00BF00000140CB
:10339000F00FFF1F80B485B000AF7860064BFB6074
:1033A000FB681B6843F00102FB681A6000BF14371A
:1033B000BD4680BC704700BF0000014080B485B0AE
:1033C00000AF7860064BFB60FB681B6823F00102CE
:1033D000FB681A6000BF1437BD4680BC704700BF51
:1033E0000000014080B485B000AF7860064BFB6000
:1033F000FB681B6843F00802FB681A6000BF1437C3
:10340000BD4680BC704700BF0000014080B586B05B
:1034100000AF78603960274B3B61274A7B6852F8E0
:103420002330FB60FB684122DA603B6903F118023C
:10343000FB681A61FB683A465A61FB6801229A618F
:10344000FB681B78002B1DD03869FFF7EFFC0346A3
:1034500083F00103DBB2002B04D1FB681B7ADBB2E3
:10346000002B03D040F60313FB821DE0FB68012212
:103470001A72FB680022DA61786819F05DFE034673
:10348000FB8211E03869FFF7D1FC034683F00103AA
:10349000DBB2002B03D040F60313FB8204E0786814
:1034A00019F04AFE0346FB82FB8A18461837BD46D0
:1034B00080BD00BF00000140F00FFF1F80B58EB03F
:1034C00000AFF860B9607A603B604F4B7B624F4A57
:1034D000FB6852F823303B620023FB863B683B636A
:1034E0003B6A4022DA607B6A03F118023B6A1A6188
:1034F0003B6A07F114025A613B6A03229A613B6AF4
:103500001B78002B74D0786AFFF790FC034683F099
:103510000103DBB2002B04D13B6A1B7ADBB2002B28
:1035200003D040F60313FB8668E03B6A01221A725F
:103530003B6A7A68DA613B6ABA685A623B6A3A6BFC
:103540009A623B6A5B6A7B610023FB620FE03B6A25
:103550009A6AFB6A9B001A44FB6A013312689B005B
:1035600038333B4443F8242CFB6A0133FB62FB6A8B
:10357000012BECD9F86819F0DFFD0346FB863DE02E
:10358000786AFFF753FC034683F00103DBB2002B9C
:1035900003D040F60313FB862AE0BB687B6100235F
:1035A00087F82B3012E097F82B309B003A6B1A44C7
:1035B00097F82B30013312689B0038333B4443F8B3
:1035C000242C97F82B30013387F82B3097F82B30C9
:1035D000012BE8D9F86819F0AFFD0346FB867B683C
:1035E000083B7B60BB680833BB603B6B08333B63C5
:1035F0007B68002B02D0FB8E002BC1D0FB8E1846BF
:103600003837BD4680BD00BF00000140F00FFF1FEE
:1036100080B58AB000AFF860B9607A603B60394B22
:10362000BB61394AFB6852F823307B610023FB847D
:103630003B683B627B691B78FB747B694222DA60E2
:10364000BB6903F118027B691A617B6907F1080203
:103650005A617B6901229A617B6900221A70BB69F9
:103660001B6823F00102BB691A6031E0B869FFF7FB
:10367000DDFB034683F00103DBB2002B03D040F6F1
:103680000313FB8424E0F86819F056FD0346FB841D
:10369000FB8C002B23D10023FB610DE0FB699B0019
:1036A0003A6A1A44B969FB6906339B000B445B68AC
:1036B0001360FB690133FB61FB69012BEED97B6869
:1036C000083B7B60BB680833BB603B6A08333B62E6
:1036D0007B68002B04D0FB8C002BC7D000E000BF20
:1036E0007B69FA7C1A707B691B78002B05D0BB695B
:1036F0001B6843F00102BB691A60FB8C184628372F
:10370000BD4680BD00000140F00FFF1F80B400AF38
:10371000BFF34F8F00BF064BDB6803F4E062044940
:10372000044B1343CB60BFF34F8F00BF00BFFDE7D7
:1037300000ED00E00400FA0580B483B000AF7860CB
:10374000BFF35F8F00BF0B4A7B6843F001035360F8
:10375000094B5B6A084A43F480335362BFF34F8FCF
:1037600000BFBFF36F8F00BF00BF0C37BD4680BCEA
:10377000704700BF90ED00E000ED00E080B487B03E
:1037800000AF78600B46FB701346BB70FB789B085C
:10379000FB75FB7803F00303DB003B61FF223B6911
:1037A00002FA03F3FB60FB7D012B16D8FA7D7B68E0
:1037B0000C3253F82220FB68DB4302EA0301BA789B
:1037C0003B6902FA03F31A46FB681340FA7D19437A
:1037D0007B680C3243F8221000E000BF1C37BD4666
:1037E00080BC704780B582B000AF03460A46FB71CB
:1037F0001346BB71BA79FB7919460348FFF7BEFF40
:1038000000BF0837BD4680BD90ED00E080B487B0B2
:1038100000AFF860B9607A6000237B610CE07B69DF
:103820009B00BA681A447B699B00F9680B441268D4
:103830001A607B6901337B617A697B689A42EED3B7
:1038400000BF00BF1C37BD4680BC704780B588B044
:1038500000AFF860B9607A603B6002237B613B682F
:10386000012B0AD1FB68BA689A60FB680C3379684F
:103870007A691846FFF7CAFF41E0BB6823F00303EB
:10388000FB61BB6803F00303BB61FB68FA699A60E4
:1038900022E0BB69C3F104033B61FB6803F10C0246
:1038A000BB69DB00D01879683B697A6902FB03F3D6
:1038B0001A46FFF7ABFF3B69DB007A6813447B6075
:1038C0003A683B69D31A3B600023BB61FB69043350
:1038D000FB61FB68FA699A60BA693B681344042B80
:1038E000D7D8FB6803F10C02BB69DB00D0187968FC
:1038F0003B687A6902FB03F31A46FFF787FF00BFB4
:103900002037BD4680BD000080B584B000AFF860B0
:10391000B9607A607B68BA68F9680348FFF796FF78
:1039200000BF1037BD4680BD90ED00E080B582B08D
:1039300000AF0B4A3B4692E8030083E80300AA214C
:103940000020FFF74FFF3B46012219460020FFF7FA
:10395000DBFF0420FFF7F0FE00BF0837BD4680BD47
:103960000409030080B500AF0E4B1B680D4A43F0FD
:1039700080231360FFF7DAFF0B4B1B680A4A43F002
:1039800004031360094B4BF231621A60074B4CF28F
:1039900078221A60054B5B68044A23F001035360E8
:1039A00000BF80BD0000014000B0074000A00640FD
:1039B00080B500AFFFF7AAFE80B400AF044B1B68D0
:1039C0000133034A136000BFBD4680BC704700BF8F
:1039D000F80FFF1F80B500AFFFF7EEFF00BF80BDFF
:1039E00080B500AFF5F72AFE00BF80BD80B500AFFF
:1039F000F5F70CFE00BF80BD80B584B000AF7860E5
:103A00000023FB81FFF7ECFF7B681B78DBB2FF2B09
:103A100007D07B681B78DBB20133DAB27B681A709F
:103A200001E00123FB81FFF7E1FFFB891846103716
:103A3000BD4680BD80B582B000AF78600B46FB709C
:103A4000FFF7CEFF7B68FA781A70FFF7CFFF0023ED
:103A500018460837BD4680BD80B483B000AF78609B
:103A6000002318460C37BD4680BC704780B483B035
:103A700000AF234B00221A70224B00221A80224BE7
:103A800000221A70214B00221A80214B00221A704A
:103A9000204B00221A80204B00221A701F4B00225C
:103AA0001A801F4B00221A701E4B00221A801E4BD8
:103AB00000221A701D4B00221A801D4B00221A7022
:103AC0000023FB7106E0FB791A4A0021D154FB79EF
:103AD0000133FB71FB790F2BF5D90023BB7106E095
:103AE000BB79154A0021D154BB790133BB71BB7935
:103AF000592BF5D900BF00BF0C37BD4680BC7047BD
:103B0000FC0FFF1FFE0FFF1F0010FF1F0210FF1F03
:103B10000410FF1F0610FF1F0810FF1F0A10FF1FD1
:103B20001010FF1F1210FF1F0C10FF1F0E10FF1FA1
:103B3000B614FF1F1410FF1F5C14FF1F80B400AFEA
:103B4000034B044AC3F8042200BFBD4680BC704743
:103B50000000014032FF4D0080B584B000AF7860B6
:103B60000023FB814FF4E173BB8179681A2004F0D4
:103B70006DFB03F067FF0CE003F064FF05F09EF9B6
:103B800000BF00BFFB890133FB81FA89BB899A42E0
:103B900005D804F057FC0346002BEDD000E000BF31
:103BA00000BF1037BD4680BD80B584B000AF7860DF
:103BB0000023FB731F4B204AC3F804221F4B18221B
:103BC0001F490020FFF724FD1C4B1B78FF2B03D05F
:103BD0001A4B1B78002B26D11A4B4FF480621A49DE
:103BE0000020FFF715FD18490020FFF70FFC002308
:103BF000BB730BE0BB7B7A681A44BB7B03F5807315
:103C00001178104AD154BB7B0133BB73BB7B172B9C
:103C1000F0D90C4B4FF480620B490020FFF74EFCAB
:103C20000123FB7301E03123FB73FB7B1846103744
:103C3000BD4680BD0000014032FF4D002410FF1F33
:103C4000000103103C10FF1F0000031080B584B07A
:103C500000AF78600023FB731F4B204AC3F8042297
:103C60001F4B10221F490020FFF7D2FC1C4B1B7872
:103C7000FF2B03D01A4B1B78002B26D11A4B4FF485
:103C800080621A490020FFF7C3FC0023BB730BE0DE
:103C9000BB7B7A681A44BB7B03F590731178124A98
:103CA000D154BB7B0133BB73BB7B0F2BF0D90F49C6
:103CB0000020FFF7ABFB0C4B4FF480620B49002058
:103CC000FFF7FCFB0123FB7301E03123FB73FB7B5C
:103CD00018461037BD4680BD0000014032FF4D0040
:103CE0003C14FF1F200103103C10FF1F00000310B5
:103CF00080B584B000AF78600023FB731A4B1B784B
:103D0000002B0BD17968012004F0A0FA03F09AFE91
:103D1000154B01221A700023FB7320E0134B1B8804
:103D2000B3F5E17F08D9114B00221A800E4B002217
:103D30001A707223FB7312E00C4B1B8801339AB28A
:103D40000A4B1A8004F07EFB0346012B07D1074B78
:103D500000221A80044B00221A700123FB73FB7BA4
:103D600018461037BD4680BD0810FF1F0A10FF1F00
:103D700080B584B000AF78600023FB731A4B1B78CA
:103D8000002B0BD17968042004F060FA03F05AFE8E
:103D9000154B01221A700023FB7320E0134B1B8884
:103DA000B3F5E17F08D9114B00221A800E4B002297
:103DB0001A707223FB7312E00C4B1B8801339AB20A
:103DC0000A4B1A8004F03EFB0346012B07D1074B38
:103DD00000221A80044B00221A700123FB73FB7B24
:103DE00018461037BD4680BD0010FF1F0210FF1F90
:103DF00080B584B000AF78600023FB720023BB73F2
:103E000000237B730023FB7318E0FB7B7A68134469
:103E10001B78002B01D10123BB73FB7B7A68134411
:103E20001B78FF2B01D10123BB73BB7B83F0010304
:103E3000DBB2002B06D1FB7B0133FB73FB7B092B31
:103E4000E3D900E000BFBB7B002B01D0222357E069
:103E50002D4B2E4AC3F804222D4B10222D49002051
:103E6000FFF7D6FB0023FB7316E0FB7B284AD35CED
:103E7000002B01D101237B73FB7B254AD35CFF2BF5
:103E800001D101237B737B7B83F00103DBB2002B29
:103E900006D1FB7B0133FB73FB7B092BE5D900E0EB
:103EA00000BF7B7B83F00103DBB2002B01D0222318
:103EB00026E0194B4FF4806218490020FFF7A8FB59
:103EC00000233B730BE03B7B7A681A443B7B03F592
:103ED000A0731178104AD1543B7B01333B733B7B79
:103EE0000F2BF0D90D490020FFF790FA0A4B4FF441
:103EF00080620A490020FFF7E1FA0123FB72FB7A96
:103F000018461037BD4680BD0000014032FF4D000D
:103F10004C14FF1F400103103C10FF1F0000031052
:103F200080B483B000AF7860312318460C37BD46AB
:103F300080BC704780B584B000AF78600023FB730D
:103F40007B6802331B78012B08D17B680233A522E2
:103F50001A707B68033396221A700BE07B68023379
:103F600000221A707B68033300221A707B680433C6
:103F700000221A707B6805331B78012B08D17B68FF
:103F80000533A5221A707B68063396221A700BE05F
:103F90007B68053300221A707B68063300221A7092
:103FA0007B68073300221A707B6808331B78012B6B
:103FB00008D17B680833A5221A707B6809339622E2
:103FC0001A700BE07B68083300221A707B68093393
:103FD00000221A707B680A3300221A707B680B3348
:103FE0001B78012B08D17B680B33A5221A707B68E4
:103FF0000C3396221A700FE07B680B3300221A7084
:104000007B680C3300221A707B680D3300221A7013
:104010007B680E3300221A70224B1B78002B0BD1C9
:104020007968272004F012F903F00CFD1D4B0122E2
:104030001A700023FB7320E01B4B1B88B3F5E17F54
:1040400008D9194B00221A80164B00221A707223CD
:10405000FB7312E0144B1B8801339AB2124B1A8087
:1040600004F0F0F90346012B07D10F4B00221A8010
:104070000C4B00221A700123FB737B681B78012B09
:1040800003D1012005F0B4FB06E07B681B78022B0E
:1040900002D1002005F0ACFBFB7B18461037BD4673
:1040A00080BD00BF0C10FF1F0E10FF1F80B586B033
:1040B00000AF00237B6007F1080300221A605A60FA
:1040C0009A60DA603B1D1946272004F065F83B79B9
:1040D000012B03D1012005F08BFB05E03B79022B7E
:1040E00002D1002005F084FB00BF1837BD4680BD1B
:1040F00090B587B000AF7860214B224AC3F8042204
:10410000214B102221490020FFF782FA1E4B1B7819
:10411000FF2B03D01C4B1B78002B1BD11C4B07F132
:1041200008040FCB07C4238002341B0C2370002328
:10413000FB750BE0FA7DFB7D79680B4418323A443D
:1041400012F8102C1A70FB7D0133FB75FB7D0E2BD2
:10415000F0D90FE00023FB7509E0FA7DFB7D79685B
:104160000B4409498A5C1A70FB7D0133FB75FB7DAA
:104170000E2BF2D9002318461C37BD4690BD00BF58
:104180000000014032FF4D003C14FF1F20010310CE
:104190000C09030080B485B000AF78600023FB7386
:1041A00009E0FA7BFB7B79680B4407498A5C1A704B
:1041B000FB7B0133FB73FB7B032BF2D900231846F7
:1041C0001437BD4680BC7047B413030080B485B07B
:1041D00000AF78600023FB7309E0FA7BFB7B796812
:1041E0000B4407498A5C1A70FB7B0133FB73FB7B32
:1041F000032BF2D9002318461437BD4680BC704704
:10420000B813030080B485B000AF78600023FB735F
:1042100009E0FA7BFB7B79680B4407498A5C1A70DA
:10422000FB7B0133FB73FB7B032BF2D90023184686
:104230001437BD4680BC7047B013030080B485B00E
:1042400000AF78600023FB730BE00A4B1A68FB7B1E
:104250001A44FB7B79680B4412781A70FB7B01339C
:10426000FB73FB7B032BF0D9002318461437BD46A4
:1042700080BC70475047FF1F80B485B000AF7860A6
:104280000023FB730BE00A4B1A68FB7B1A44FB7B91
:1042900079680B4412781A70FB7B0133FB73FB7B4C
:1042A000032BF0D9002318461437BD4680BC704755
:1042B0005447FF1F80B582B000AF78607968032053
:1042C00003F06AFF002318460837BD4680BD000092
:1042D00080B584B000AF78600F4B104AC3F8042259
:1042E0000F4B18220F490020FFF792F90023FB73B0
:1042F00009E0FA7BFB7B79680B4409498A5C1A70F8
:10430000FB7B0133FB73FB7B142BF2D90023184694
:104310001037BD4680BD00BF0000014032FF4D0098
:104320002410FF1F0001031080B485B000AF786037
:104330000023FB7309E0FA7BFB7B79680B44074998
:104340008A5C1A70FB7B0133FB73FB7B132BF2D966
:10435000002318461437BD4680BC70471808030078
:1043600080B485B000AF78600023FB7309E0FA7B6E
:10437000FB7B79680B4407498A5C1A70FB7B01332D
:10438000FB73FB7B0E2BF2D9002318461437BD4676
:1043900080BC70470008030080B485B000AF78602F
:1043A0000023FB7309E0FA7BFB7B79680B44074928
:1043B0008A5C1A70FB7B0133FB73FB7B062BF2D903
:1043C000002318461437BD4680BC70471008030010
:1043D00080B582B000AF78607968012003F0DCFE20
:1043E000002318460837BD4680BD80B582B000AFB7
:1043F00078607968042003F0CFFE00231846083760
:10440000BD4680BD80B584B000AF7860234B244AA0
:10441000C3F80422234B102223490020FFF7F8F8A9
:104420000023BB730023FB730DE0FB7B1D4AD35CB1
:10443000FF2B02D10123BB7302E00023BB7305E015
:10444000FB7B0133FB73FB7B0F2BEED9BB7B002B7C
:104450000ED00023FB7307E0FB7B7A681344002235
:104460001A70FB7B0133FB73FB7B0E2BF4D90FE03F
:104470000023FB7309E0FA7BFB7B79680B44094955
:104480008A5C1A70FB7B0133FB73FB7B0E2BF2D92A
:10449000002318461037BD4680BD00BF0000014014
:1044A00032FF4D004C14FF1F4001031080B592B045
:1044B00000AF786000237B8200237B740023FB81A4
:1044C0000023BB8107F13403184615F071FB07F197
:1044D0002803184615F0C8FB07F12403184615F009
:1044E0000BFC07F12003184615F03EFC07F11C03F6
:1044F000184615F071FC07F11803184615F098FCE2
:1045000007F11403184615F0BFFC07F11203184613
:1045100015F0E6FC07F11103184615F0F7FC07F15A
:104520000E03184615F00CFD07F10C03184615F0A4
:1045300013FD97F834207B681A70FB8E1B0A9AB221
:104540007B680133D2B21A70FA8E7B680233D2B222
:104550001A703B8F1B0A9AB27B680333D2B21A706F
:104560003A8F7B680433D2B21A707B8F1B0A9AB2DF
:104570007B680533D2B21A707A8F7B680633D2B269
:104580001A70FB8F1B0A9AB27B680733D2B21A707B
:10459000FA8F7B680833D2B21A707B68093397F8B8
:1045A00040201A70B7F842207B680A33D2B21A70E2
:1045B0007B680B33A14A12781A70A14B1B881B0A27
:1045C0009AB27B680C33D2B21A709D4B1A887B6802
:1045D0000D33D2B21A709B4B1B681A0A7B680E33DC
:1045E000D2B21A70974B1A687B680F33D2B21A7026
:1045F000954B1B681A0E7B681033D2B21A70924B1F
:104600001B681A0C7B681133D2B21A708E4B1B6870
:104610001A0A7B681233D2B21A708B4B1A687B6805
:104620001333D2B21A707B681433884A12781A7026
:10463000874B1B881B0A9AB27B681533D2B21A705B
:10464000834B1A887B681633D2B21A703B8D1B0AD3
:104650009AB27B681733D2B21A703A8D7B681833DE
:10466000D2B21A707B8D1B0A9AB27B681933D2B210
:104670001A707A8D7B681A33D2B21A70BB8D1B0AFE
:104680009AB27B681B33D2B21A70BA8D7B681C3326
:10469000D2B21A70BB8C1B0A9AB27B681D33D2B29D
:1046A0001A70BA8C7B681E33D2B21A70FB8C1B0A4C
:1046B0009AB27B681F33D2B21A70FA8C7B682033AF
:1046C000D2B21A703B8C1B0A9AB27B682133D2B2E9
:1046D0001A703A8C7B682233D2B21A707B8C1B0A18
:1046E0009AB27B682333D2B21A707A8C7B682433F7
:1046F000D2B21A70BB8B1B0A9AB27B682533D2B236
:104700001A70BA8B7B682633D2B21A70FB8B1B0AE5
:104710009AB27B682733D2B21A70FA8B7B6828333F
:10472000D2B21A703B8B1B0A9AB27B682933D2B281
:104730001A703A8B7B682A33D2B21A707B8B1B0AB1
:104740009AB27B682B33D2B21A707A8B7B682C3387
:10475000D2B21A70BB8A1B0A9AB27B682D33D2B2CE
:104760001A70BA8A7B682E33D2B21A70FB8A1B0A7F
:104770009AB27B682F33D2B21A70FA8A7B683033D0
:10478000D2B21A707B8A1B0A9AB27B683133D2B2DA
:104790001A707A8A7B683233D2B21A707B683333EC
:1047A0007A7C1A70FB891B0A9AB27B683433D2B2C6
:1047B0001A70FA897B683533D2B21A70B7F90C30A7
:1047C0001B121AB27B683633D2B21A70B7F90C20BA
:1047D0007B683733D2B21A701E4B9B6B1A0E7B6804
:1047E0003833D2B21A701B4B9B6B1A0C7B6839336F
:1047F000D2B21A70174B9B6B1A0A7B683A33D2B24B
:104800001A70144B9A6B7B683B33D2B21A7013F058
:1048100075FD03461B0A9AB27B683C33D2B21A700C
:1048200013F06CFD03461A467B683D33D2B21A7012
:10483000002318464837BD4680BD00BF283BFF1FF8
:104840002005FF1FA016FF1F483BFF1F4C3BFF1F0B
:104850004E3BFF1F2C3DFF1F90B585B000AF786029
:1048600005F01CFC0346FB8105F04AFCB860BB6800
:10487000DAB27B681A70BB681A0A7B680133D2B25D
:104880001A70BB681A0C7B680233D2B21A7003200C
:1048900000F072FF03461846F1F7E6FB24A3D3E9C4
:1048A0000023F1F775FD02460B46104619467B685A
:1048B000DC1CF1F705FF0346DBB223707B68043391
:1048C000FA89D2B21A70FB891B0A9AB27B68053347
:1048D000D2B21A707B689C1D12F04CFE0346237006
:1048E0007B68DC1D12F038FE034623707B6803F101
:1048F000080412F02AFE034623707B6803F10904C2
:1049000012F01CFE034623707B6803F10A0412F0C8
:104910002AFE0346237012F034FE03461A467B68D3
:104920000B33D2B21A70002318461437BD4690BD1F
:104930009A99999999992E4080B584B000AF786082
:104940000023FB7309E0FA7BFB7B79680B441F496A
:104950008A5C1A70FB7B0133FB73FB7B092BF2D95A
:104960001B4B10221B490020FEF752FE0023FB7355
:104970000BE0FA7BFB7B0A3319467B680B44164934
:104980008A5C1A70FB7B0133FB73FB7B092BF0D92C
:104990007B68143300221A700023FB730DE00F4B69
:1049A0001A68FB7B1A44FB7B153319467B680B4462
:1049B00012781A70FB7B0133FB73FB7B092BEED95A
:1049C000002318461037BD4680BD00BFA413030066
:1049D0001410FF1F500103105C47FF1F5847FF1FB3
:1049E00080B582B000AF0023FB804FF4E173BB8041
:1049F0008F4B1B6803F00103002B14BF012300231E
:104A0000DBB21A468B4B1A70894B1B6803F002030A
:104A1000002B14BF01230023DBB21A46854B5A70CA
:104A2000834B1B6803F00803002B14BF01230023F2
:104A3000DBB21A467F4B9A707D4B1B6803F0200354
:104A4000002B14BF01230023DBB21A46794BDA7026
:104A5000774B1B6803F01003002B14BF01230023C6
:104A6000DBB21A46734B1A71714B1B6803F00403D7
:104A7000002B14BF01230023DBB21A466D4B5A7181
:104A80006B4B1B6803F08063002B14BF01230023D2
:104A9000DBB21A46674B9A71664B0022DA71644B9F
:104AA0001B6803F04003002B14BF01230023DBB27B
:104AB0001A46604B1A725E4B1B6803F08003002B92
:104AC00014BF01230023DBB21A465A4B5A72584BCB
:104AD0001B6803F48073002B14BF01230023DBB297
:104AE0001A46544B9A72534B0022DA72514B0022F1
:104AF0001A734F4B1B6803F40073002B14BF012380
:104B00000023DBB21A464B4B5A734B4B1A78494B76
:104B10009A73484B0022DA73464B00221A74454BB5
:104B200000225A74424B1B6803F48063002B14BFAD
:104B300001230023DBB21A463E4B9A743C4B1B68A0
:104B400003F40063002B14BF01230023DBB21A46D9
:104B5000384BDA74364B1B681B0EDAB2354B1A75BC
:104B6000334B1B681B0CDAB2324B5A75304B1B6847
:104B70001B0ADAB22F4B9A752D4B1B68DAB22D4BFC
:104B8000DA752C4B00221A7612F0F4FC03461A4612
:104B9000284B5A7612F0E0FC03461A46254B9A76CB
:104BA00012F0D3FC03461A46224BDA7612F0C6FC0A
:104BB00003461A461F4B1A7712F0D5FC03461A46D5
:104BC0001C4B5A7712F0DDFC0346DAB2194B9A7788
:104BD000BA1CFB1C194600200EF010FCFB78012BC0
:104BE00021D1164B1B78002B1DD11249242003F034
:104BF0002DFB02F027FF0FE002F024FF04F05EF926
:104C000000BF00BF0D4B01221A70FB880133FB80EF
:104C1000FA88BB889A4205D803F014FC0346002B9F
:104C2000EAD000E000BF00BF0837BD4680BD00BF2E
:104C3000883BFF1F5C14FF1FEC3AFF1FB614FF1FD9
:104C400080B485B000AF78600023FB7309E0FA7B85
:104C5000FB7B79680B4407498A5C1A70FB7B013344
:104C6000FB73FB7B592BF2D9002318461437BD4642
:104C700080BC70475C14FF1F80B483B000AF7860C5
:104C8000002318460C37BD4680BC704780B582B003
:104C900000AF78607968272003F07EFA0023184679
:104CA0000837BD4680BD000080B489B000AF786091
:104CB0000023FB770023BB6100237B617B681B68BB
:104CC0003B617B689B68FB603B6901331B781A067C
:104CD0003B6902331B781B041A433B6903331B787F
:104CE0001B0213433A69043212781343BB613B69D8
:104CF00005331B781B023A690632127813437B6135
:104D00007B69002B03D07B69B3F5803F01D331234E
:104D10002EE0BA697B691344B3F5A01F09D3BB69C0
:104D2000164A934221D9BA697B691344144A9342C3
:104D30001BD8BB69BB600023BB770AE0BB7FBA68A6
:104D40001A44BB7FF9680B4412781A70BB7F013399
:104D5000BB777B69DBB2BA7F9A42EFD37B699AB2A9
:104D60007B689A810023FB7701E03123FB77FB7F8F
:104D700018462437BD4680BC704700BFFFFFFE1FAA
:104D8000FFFF002080B48BB000AF7860002387F86D
:104D9000273000233B620023FB617B681B68BB61FB
:104DA0007B689B687B6100233B61BB6901331B7897
:104DB0001A06BB6902331B781B041A43BB69033311
:104DC0001B781B021343BA690432127813433B6207
:104DD000BB6905331B781B02BA690632127813438C
:104DE000FB61FB69002B03D0FB69B3F5803F01D366
:104DF00031232EE03B6A194A934225D93A6AFB696E
:104E00001344174A93421FD83B6AFB60002387F87C
:104E100026300FE097F826300733BA691A4497F81E
:104E20002630F9680B4412781A7097F8263001334F
:104E300087F82630FB69DBB297F826209A42E9D33F
:104E4000002387F8273002E0312387F8273097F8CE
:104E5000273018462C37BD4680BC7047FFFFFE1F29
:104E6000FFFF002080B500AF01218D2002F028FA5D
:104E700000BF80BD80B500AF00218D2002F020FA78
:104E800000BF80BD80B500AF0121852002F018FA77
:104E900000BF80BD80B500AF0021852002F010FA70
:104EA00000BF80BD80B500AF0121842002F008FA68
:104EB00000BF80BD80B500AF0121702002F000FA74
:104EC00000BF80BD80B500AF0021702002F0F8F96E
:104ED00000BF80BD80B500AF00216F2002F0F0F967
:104EE00000BF80BD80B500AF0121662002F0E8F967
:104EF00000BF80BD80B500AF0121682002F0E0F95D
:104F000000BF80BD80B500AF0021682002F0D8F955
:104F100000BF80BD80B500AF0121872002F0D0F92D
:104F200000BF80BD80B500AF0121822002F0C8F92A
:104F300000BF80BD80B500AF0021822002F0C0F923
:104F400000BF80BD80B500AF01210B2002F0B8F991
:104F500000BF80BD80B500AF0021812002F0B0F914
:104F600000BF80BD80B500AF0121112002F0A8F97B
:104F700000BF80BD80B500AF0021112002F0A0F974
:104F800000BF80BD80B500AF0121672002F098F915
:104F900000BF80BD80B582B000AF0023FB710F2041
:104FA00002F0E6F90346FB71FB7918460837BD4667
:104FB00080BD80B582B000AF0023FB71862002F077
:104FC000D7F90346FB71FB7918460837BD4680BD0B
:104FD00080B582B000AF03463960FB71FB79396858
:104FE000184600F005F800BF0837BD4680BD000038
:104FF00080B586B000AF03463960FB71FB79FB7466
:105000000023FB600023FB723B68B3F57A7F03D17A
:105010004FF400437B6106E03B68DB03954AA2FB4B
:1050200003239B097B61FB7C082B00F21F81FB7C27
:10503000082B00F21A8101A252F823F061500400FB
:105040008B500400B5500400DF50040021510400CF
:1050500063510400A5510400E751040029520400E3
:105060000023FB600023FB727B69B3F5004F05D181
:10507000FB7A1946F86802F02DF8F7E0FB7A7A69B6
:105080001946F86802F015F8F0E00023FB600223EF
:10509000FB727B69B3F5004F05D1FB7A1946F868BE
:1050A00002F018F8E2E0FB7A7A691946F86802F033
:1050B00000F8DBE00023FB600423FB727B69B3F59F
:1050C000004F05D1FB7A1946F86802F003F8CDE0ED
:1050D000FB7A7A691946F86801F0EBFFC6E0022313
:1050E000FB600123FB727B69B3F5004F0BD10220FB
:1050F00002F023F8FB7A1946F86801F0EBFF022072
:1051000002F010F8B2E0022002F017F8FB7A7A6998
:105110001946F86801F0CDFF022002F003F8A5E07F
:105120000223FB600223FB727B69B3F5004F0BD1B6
:10513000022002F002F8FB7A1946F86801F0CAFF73
:10514000022001F0EFFF91E0022001F0F6FFFB7A70
:105150007A691946F86801F0ACFF022001F0E2FF1D
:1051600084E00223FB600323FB727B69B3F5004FED
:105170000BD1022001F0E1FFFB7A1946F86801F03B
:10518000A9FF022001F0CEFF70E0022001F0D5FF60
:10519000FB7A7A691946F86801F08BFF022001F06A
:1051A000C1FF63E00323FB600023FB727B69B3F55F
:1051B000004F0BD1032001F0C0FFFB7A1946F868BD
:1051C00001F088FF032001F0ADFF4FE0032001F064
:1051D000B4FFFB7A7A691946F86801F06AFF032088
:1051E00001F0A0FF42E00323FB600123FB727B6917
:1051F000B3F5004F0BD1032001F09FFFFB7A194656
:10520000F86801F067FF032001F08CFF2EE0032017
:1052100001F093FFFB7A7A691946F86801F049FFBB
:10522000032001F07FFF21E00323FB600223FB72D8
:105230007B69B3F5004F0BD1032001F07EFFFB7AB1
:105240001946F86801F046FF032001F06BFF0DE0FE
:10525000032001F072FFFB7A7A691946F86801F0C1
:1052600028FF032001F05EFF00E000BF00BF1837F9
:10527000BD4680BDD34D621080B582B000AF78606E
:1052800079680320FFF7A4FE00BF0837BD4680BD44
:1052900080B582B000AF786079680420FFF798FE8F
:1052A00000BF0837BD4680BD80B582B000AF7860D2
:1052B00079680520FFF78CFE00BF0837BD4680BD2A
:1052C00080B582B000AF786079680620FFF780FE75
:1052D00000BF0837BD4680BD80B582B000AF7860A2
:1052E00079680720FFF774FE00BF0837BD4680BD10
:1052F00080B582B000AF786079680820FFF768FE5B
:1053000000BF0837BD4680BD80B483B000AF002326
:10531000FB716AE0FA79394913469B0013449B00FC
:105320000B44123300221A70FB79354ADB00134418
:105330005B78052B0AD9FA79304913469B00134450
:105340009B000B44103300221A700EE0FB79FA79AF
:105350002B49DB000B445878284913469B00134423
:105360009B000B44103302461A70FB79244A12F852
:105370003330052B0AD9FA79204913469B00134490
:105380009B000B44113306221A700DE0FB79FA7969
:105390001B4911F83300194913469B0013449B0025
:1053A0000B44113302461A700023BB710EE0FA79E8
:1053B000B979124813469B0013445B000B444FF627
:1053C000FF7220F81320BB790133BB71FA790B49C6
:1053D00013469B0013449B000B4411331B78BA798E
:1053E0009A42E4D3FB790133FB71FB790D2B91D900
:1053F00000BF00BF0C37BD4680BC7047B814FF1F0C
:105400006414030080B485B000AF0346FB714FF60F
:10541000FF73FB81FB790D2B09D8FA7907491346F5
:105420009B0013449B000B440E331B88FB81FB89BC
:1054300018461437BD4680BC704700BFB814FF1F24
:1054400080B485B000AF0346FB714FF6FF73FB815C
:10545000FB790D2B09D8FA79074913469B001344B1
:105460009B000B440C331B88FB81FB8918461437C7
:10547000BD4680BC704700BFB814FF1F80B584B024
:1054800000AF03460A46FB711346BB80FA79134608
:105490009B0013449B00334A1344FB60FB68BA88AB
:1054A000DA81FB681B7C1946FB68BA8823F8112057
:1054B000FB681B7C1A46FB685B7C013B9A4240DB25
:1054C000FB681B884FF6FF72934236D0FA68FB6880
:1054D0005B7C1946104602F034F9FB685B7C03F0F4
:1054E0000103FB72FB7A002B0AD0FB685B7C5B0834
:1054F000BB72BA7AFB6833F81220FB689A8119E014
:10550000FB685B7C5B08BB72FB685B7C5B08DBB2A7
:10551000013B7B72BA7AFB6833F8123019467A7A0B
:10552000FB6833F812300B44DA0F13445B109AB265
:10553000FB689A81FB6801229A74FB6800221A7446
:1055400005E0FB681B7C0133DAB2FB681A74FB6868
:105550009B7C012B02D0FB68BA889A8100BF103770
:10556000BD4680BDB814FF1F80B500AF04220021E6
:10557000094802F06AF804220021084802F065F8A0
:10558000074B00221A70064B1B78184601F04EFE9E
:1055900001F06EFE00BF80BDF015FF1FF415FF1F68
:1055A000EE15FF1F80B500AF00F002F800BF80BD10
:1055B00080B500AF574B5B780D2B00F2A98001F04E
:1055C00067FE03461A46534B9A70524B9B78012B49
:1055D00040F09980504B1B78002B41D14D4B03225A
:1055E0005A702DE04B4B5B7819464C4A0B465B00DA
:1055F0000B449B00134404331B68184601F050FE13
:10560000444B5B781946454A0B465B000B449B00B4
:1056100013441A783F4B5B781846404903465B00B9
:1056200003449B000B4404331B681B881946104637
:1056300000F086F8374B5B780133DAB2354B5A709D
:10564000344B5B780A2BCDD90020F9F781FC324B23
:1056500002221A70304B1B78184601F0E7FD57E024
:105660002D4B1B78022B48D12A4B0B225A702DE070
:10567000284B5B781946294A0B465B000B449B007C
:10568000134404331B68184601F00AFE214B5B7873
:105690001946224A0B465B000B449B0013441A78C0
:1056A0001C4B5B7818461D4903465B0003449B0076
:1056B0000B4404331B681B881946104600F040F861
:1056C000144B5B780133DAB2124B5A70114B5B7892
:1056D0000D2BCDD90F4B5B780D2B02D90D4B03222F
:1056E0005A700020F9F734FC0B4B00221A700A4B59
:1056F0001B78184601F09AFD0AE0074B1B78184604
:1057000001F094FD04E0044B1B78184601F08EFD77
:1057100000BF80BDF015FF1FEE15FF1FBC13030077
:1057200080B500AF2A220021044801F08EFFFFF768
:10573000EBFDFFF719FF00BF80BD00BFF815FF1F8D
:1057400080B483B000AF03460A46FB711346BB80AA
:10575000FB790D2B09D8FB790649BA8821F813206B
:10576000FB79044A134401221A7700BF0C37BD4667
:1057700080BC7047F815FF1F80B582B000AF0346AC
:10578000FB71FB791846FFF75BFE034618460837A6
:10579000BD4680BD80B582B000AF0346FB71FB798A
:1057A0001846FFF72FFE034618460837BD4680BD52
:1057B00080B582B000AF0023FB7119E0FB79104A7D
:1057C00013441B7F012B10D1FB790E4ADB001344DD
:1057D0005B68FA790A4931F81210FA79104698474D
:1057E000FB79074A134400221A77FB790133FB71D6
:1057F000FB790D2BE2D900BF00BF0837BD4680BD45
:10580000F815FF1F6414030080B500AF2C2200219F
:10581000024801F01AFF00BF80BD00BF2416FF1F21
:1058200080B400AF044B00221A70044B00221A709F
:1058300000BFBD4680BC70472216FF1F2316FF1F06
:1058400080B500AF0320FFF7A5FF03461A46054BBE
:105850001A800320FFF79EFF03461A46014BDA82A7
:1058600000BF80BD2416FF1F80B500AFFFF7E8FF23
:1058700000F004F800F07CF900BF80BD80B500AFF7
:10588000114B1B78032B17D801A252F823F000BF4D
:10589000A1580400A7580400AD580400B3580400F0
:1058A00000F014F80EE000F061F80BE000F09CF856
:1058B00008E000F0E5F805E0034B00221A70FFF75E
:1058C000A3FF00BF00BF80BD2216FF1F80B500AF41
:1058D000234B9B7C1846224B1988214A43001344D2
:1058E0000A465A801E4B9B7C0133DAB21C4B9A74D9
:1058F0001B4B9B7C072B30D9194B9B7C19461948B5
:1059000001F01FFF164B5A89154B1A80144B0022C9
:105910009A74134B1B8840F26952934209D9104B79
:105920001B8840F6A512934203D80F4B01221A7030
:1059300013E00B4B1B8840F23342934209D9084BCA
:105940001B8840F68E22934203D8074B02221A701E
:1059500003E0054B03221A70FFE700BF80BD00BFC4
:105960002416FF1F2616FF1F2216FF1F80B400AF4C
:105970001B4B1B8840F6F212934210D9184B9B7CAC
:10598000632B05D9174B02221A70154B00229A740B
:10599000134B9B7C0133DAB2114B9A7402E0104B2B
:1059A00000229A740E4B1B8840F21C52934210D86E
:1059B0000B4BDB7C632B05D90A4B02221A70084B78
:1059C0000022DA74064BDB7C0133DAB2044BDA7462
:1059D00002E0034B0022DA7400BFBD4680BC704772
:1059E0002416FF1F2216FF1F80B400AF224B1B8816
:1059F00040F26952934216D91F4B1B8840F6A512FC
:105A0000934210D81C4B9B7C632B05D91B4B012266
:105A10001A70194B00229A74174B9B7C0133DAB22F
:105A2000154B9A7402E0144B00229A74124B1B8897
:105A300040F6DB22934205D80F4B1B8840F2E6323A
:105A4000934210D80C4BDB7C632B05D90B4B032204
:105A50001A70094B0022DA74074BDB7C0133DAB28F
:105A6000054BDA7403E0044B0022DA7400BF00BF78
:105A7000BD4680BC704700BF2416FF1F2216FF1FC3
:105A800080B400AF124B1B8840F23342934216D9C8
:105A90000F4B1B8840F68E22934210D80C4B9B7CF8
:105AA000632B05D90B4B02221A70094B00229A7402
:105AB000074B9B7C0133DAB2054B9A7403E0044B2D
:105AC00000229A7400BF00BFBD4680BC704700BF73
:105AD0002416FF1F2216FF1F80B400AF024B1B8845
:105AE0001846BD4680BC70472416FF1F80B400AF27
:105AF000054B1B78012B0CBF01230023DBB218469A
:105B0000BD4680BC704700BF2216FF1F80B400AFA7
:105B1000054B1B78032B0CBF01230023DBB2184677
:105B2000BD4680BC704700BF2216FF1F80B582B003
:105B300000AF0320FFF72EFE0346FB80FB8840F2F8
:105B4000E632934203D8094B01221A7507E0FB881D
:105B500040F23442934202D9044B00221A75034B9F
:105B60001B7D18460837BD4680BD00BF2416FF1FA9
:105B700080B500AF0320FFF70DFE03461A460E4B1B
:105B8000DA820E4B1B78022B0CD0022B0DDC002B83
:105B900002D0012B03D008E000F012F809E000F079
:105BA00053F806E000F098F803E0044B02221A7064
:105BB00000BF00BF80BD00BF2416FF1F2316FF1FBC
:105BC00080B500AF1D4B93F8283018461B4BD98A7F
:105BD0001A4A00F10C0322F81310184B93F82830DE
:105BE0000133DAB2154B83F82820144B93F8283090
:105BF000072B21D9114B93F828301946104801F092
:105C0000A0FD0E4B1A8C0D4BDA820C4B002283F850
:105C100028200A4BDB8A40F26952934209D9074B8C
:105C2000DB8A40F6A512934203D8064B01221A7074
:105C300002E0044B02221A7000BF80BD2416FF1F31
:105C40003C16FF1F2316FF1F80B400AF204BDB8ADA
:105C500040F6F212934214D91D4B93F82830632B6F
:105C600006D91C4B02221A70194B002283F82820F7
:105C7000174B93F828300133DAB2154B83F82820FC
:105C800003E0134B002283F82820114BDB8A40F2FB
:105C90001B52934214D80E4B93F82930632B06D92C
:105CA0000C4B02221A700A4B002283F82920084B61
:105CB00093F829300133DAB2054B83F8292003E049
:105CC000034B002283F8292000BFBD4680BC7047EB
:105CD0002416FF1F2316FF1F80B400AF144BDB8A6E
:105CE00040F6A41293421AD8114BDB8A40F2695253
:105CF000934214D90E4B93F82830632B06D90D4BE1
:105D000001221A700A4B002283F82820084B93F8CE
:105D100028300133DAB2064B83F8282004E0044B24
:105D2000002283F8282000BF00BFBD4680BC70471A
:105D30002416FF1F2316FF1F80B400AF054B1B78EE
:105D4000012B0CBF01230023DBB21846BD4680BCEB
:105D5000704700BF2216FF1F80B500AFFFF754FD4C
:105D600000F010F800BF80BD80B500AFFFF758FD10
:105D700000BF80BD80B500AFFFF776FD00F00EF8E4
:105D800000BF80BD80B500AF06220021024801F0AF
:105D90005CFC00BF80BD00BF5016FF1F80B582B005
:105DA00000AF0320FFF7E8FC0346FB80FB8840F2CE
:105DB0001B52934203D8104B01221A7014E0FB8847
:105DC00040F6F312934203D90B4B02221A700BE0F8
:105DD000FB88B3F5AD6F07D9FB8840F6A512934257
:105DE00002D8054B00221A701421034801F0FCFC74
:105DF00000BF0837BD4680BD5016FF1F80B483B07A
:105E000000AF0023FB71074B9B78012B02D10123CC
:105E1000FB7101E00023FB71FB7918460C37BD468E
:105E200080BC70475016FF1F80B483B000AF0023C2
:105E3000FB71074B9B78022B02D10123FB7101E020
:105E40000023FB71FB7918460C37BD4680BC7047B8
:105E50005016FF1F80B500AF00F01EF800BF80BDD8
:105E600080B500AF00F024F800BF80BD80B500AF62
:105E700000F038F800BF80BD80B582B000AF0023CD
:105E8000FB716A2001F074FA0346FB71FB79184636
:105E90000837BD4680BD000080B500AF0E2200214E
:105EA000024801F0D2FB00BF80BD00BF5816FF1FA3
:105EB00080B400AF034B00221A7000BFBD4680BC07
:105EC000704700BF5616FF1F80B500AF0420FFF7D4
:105ED00061FC03461A46024B1A8000BF80BD00BF1A
:105EE0005816FF1F80B500AFFFF7EEFF00F002F875
:105EF00000BF80BD80B500AF0D4B1B78022B0CD0CE
:105F0000022B0DDC002B02D0012B03D008E000F0A7
:105F100011F80BE000F058F808E000F093F805E005
:105F2000034B00221A70FFF7B7FF00BF00BF80BD10
:105F30005616FF1F80B500AF204B9B7A18461F4BAB
:105F400019881E4A430013440A465A801B4B9B7A09
:105F50000133DAB2194B9A72184B9B7A032B2BD967
:105F6000164B9B7A1946164801F0EBFB134BDA8867
:105F7000124B1A80114B00229A72104B1B8840F66C
:105F8000C812934209D90D4B1B8840F6FA3293424E
:105F900003D80C4B01221A700EE0084B1B8840F608
:105FA000F932934205D8054B1B8840F6C91293423B
:105FB00002D8044B02221A7000BF80BD5816FF1F82
:105FC0005A16FF1F5616FF1F80B400AF1B4B1B88CD
:105FD00040F6F932934210D9184B9B7AF32B05D92E
:105FE000174B02221A70154B00229A72134B9B7AA0
:105FF0000133DAB2114B9A7202E0104B00229A720E
:106000000E4B1B8840F6C912934210D80B4BDB7A1B
:10601000F32B05D90A4B02221A70084B0022DA72C0
:10602000064BDB7A0133DAB2044BDA7202E0034B3F
:106030000022DA7200BFBD4680BC70475816FF1FB1
:106040005616FF1F80B400AF124B1B8840F6C812D3
:10605000934216D90F4B1B8840F6FA32934210D860
:106060000C4B9B7AF32B05D90B4B01221A70094B71
:1060700000229A72074B9B7A0133DAB2054B9A726F
:1060800003E0044B00229A7200BF00BFBD4680BCF3
:10609000704700BF5816FF1F5616FF1F80B400AF91
:1060A000034B00221A7000BFBD4680BC704700BF82
:1060B0006616FF1F80B582B000AF0123FB7101237C
:1060C000BB71FEF767FF0346FB71FEF772FF0346E5
:1060D000BB71FB79012B06D1BB79012B03D10E4B90
:1060E00000221A7013E0FB79002B06D1BB79002B3C
:1060F00003D1094B01221A7009E0FB79002B06D16C
:10610000BB79002B03D0044B02221A70FFE700BFBB
:106110000837BD4680BD00BF6616FF1F80B400AFC4
:10612000024B1B781846BD4680BC70476616FF1FA1
:1061300080B500AFFFF7B2FF00BF80BD80B500AFF4
:10614000FFF7B8FF00BF80BD80B582B000AF00236D
:10615000FB71FFF7E3FF0346FB71FB791846083735
:10616000BD4680BD80B500AF06220021044801F085
:106170006CFA12220021034801F067FA00BF80BDCB
:106180006C16FF1F7416FF1F80B582B000AF00238E
:10619000FB7106E0FB79184600F00CF8FB7901333F
:1061A000FB71FB79022BF5D900BF00BF0837BD4654
:1061B00080BD000090B587B000AF0346FB7100239F
:1061C0003B610023FB82FB79FB73FA7B7749134623
:1061D000DB009B1A9B000B441B78BB7300237B7373
:1061E0007B7B012B06D1BB7B1846FFF7D3FA034616
:1061F000FB8205E0BB7B1846FFF7BEFA0346FB8235
:106200006B4B1B88FA8A9A4200F0CC80684AFB8A62
:106210001380FA7B65491346DB009B1A9B000B44F5
:1062200002331B88FA8A9A420AD3FA7B5F491346E3
:10623000DB009B1A9B000B4402331B88013BFB8253
:10624000FA7B5A491346DB009B1A9B000B4404332C
:106250001B78002B3CD0FA7B54491346DB009B1A79
:106260009B000B440C331B68002B00F09B80FA7BD7
:106270004E491346DB009B1A9B000B4405331B78E9
:10628000002B0CD0FA8AFC7BFB7B1146184600F0F1
:10629000E7F903461A46474B23F8142082E0FA7BBD
:1062A00042491346DB009B1A9B000B4402331B88B8
:1062B0001A46FB8AD31A5A1EFC7BFB7B11461846F2
:1062C00000F0CEF903461A463A4B23F8142069E051
:1062D000FA7B36491346DB009B1A9B000B440C33B8
:1062E0001B68002B5ED1FA7B30491346DB009B1AFA
:1062F0009B000B4405331B78002B27D0FA7B2B49DE
:106300001346DB009B1A9B000B4406331B88184680
:10631000FA7B26491346DB009B1A9B000B44023391
:106320001B881A46FB8AD31A03FB00F2FB8AB2FBD6
:10633000F3F33B61FC7BFB7B3969184600F056F8B0
:1063400003461A461B4B23F814202BE0F98AFA7BEC
:1063500016481346DB009B1A9B00034406331B8838
:1063600003FB01F1FA7B11481346DB009B1A9B00EB
:10637000034402331B881A46FB8AD31AB1FBF3F39A
:106380003B61FC7BFB7B3969184600F02FF8034624
:106390001A46084B23F81420FB7B064A32F91320D7
:1063A000054B1A8000BF1C37BD4690BD6847FF1FD4
:1063B0006647FF1F6C16FF1F6816FF1F80B485B06D
:1063C00000AF0346FB710023FB81FB79022B04D84D
:1063D000FB79054A32F81330FB81B7F90E301846C5
:1063E0001437BD4680BC70476C16FF1F90B587B050
:1063F00000AF03463960FB710023BB820023FB82A0
:1064000000233B61FA7995491346DB009B1A9B00F8
:106410000B4408331B681B68FB81FA798F491346CC
:10642000DB009B1A9B000B4408331B6804331B687A
:106430003A689A420AD3FA7988491346DB009B1AD4
:106440009B000B4416331B88FB8201E1FA798349D8
:106450001346DB009B1A9B000B4408331A68FB8928
:106460009B0013441B683A689A420AD8FA797B4920
:106470001346DB009B1A9B000B4418331B88FB82DE
:10648000E6E0FA7975491346DB009B1A9B000B4442
:1064900008331B680433F9893A68184601F0E7F9B4
:1064A00003460133BB82FA796C491346DB009B1A21
:1064B0009B000B4408331A68BB8A9B0013441B687B
:1064C0003A689A4217D1B7F91430013B9BB21A4689
:1064D000920013445B0099B2FA7960481346DB00DE
:1064E0009B1A9B0003441633B3F900309BB20B4454
:1064F0009BB2FB82ACE0FA7958491346DB009B1A49
:106500009B000B4408331A68BB8A9B0013441B682A
:106510003A689A424FD9BA8A13469B0013445B00EB
:106520000A3B3B61FA794D491346DB009B1A9B00FD
:106530000B4408331A68BB8A9B0013441B683A68F3
:10654000D21A13469B0013445B001C46FA79434958
:106550001346DB009B1A9B000B4408331A68BB8A66
:1065600003F18043013B9B0013441968FA793B48CF
:106570001346DB009B1A9B00034408331A68BB8A4E
:106580009B0013441B68CB1AB4FBF3F33A69D31A8C
:106590003B613B69FB82FA7930491346DB009B1A69
:1065A0009B000B441633B3F900309AB2FB8A1344B4
:1065B0009BB2FB824CE0BA8A13469B0013445B00FB
:1065C0000A3B3B61FA7925491346DB009B1A9B0085
:1065D0000B4408331A68BB8A9B0013441A683B6853
:1065E000D21A13469B0013445B001C46FA791B49E0
:1065F0001346DB009B1A9B000B4408331A68BB8AC6
:106600009B0013441968FA7914481346DB009B1A5F
:106610009B00034408331A68BB8A01339B00134470
:106620001B68CB1AB4FBF3F33A6913443B613B6933
:10663000FB82FA7909491346DB009B1A9B000B4445
:106640001633B3F900309AB2FB8A13449BB2FB8233
:10665000B7F9163018461C37BD4690BD6847FF1F76
:1066600090B585B000AF03463960FB71FA79A74950
:106670001346DB009B1A9B000B4408331B68043352
:106680001B683A689A420AD3FA79A0491346DB009C
:106690009B1A9B000B4418331B88FB812FE1FA796E
:1066A0009A491346DB009B1A9B000B440833196878
:1066B000FA7996481346DB009B1A9B000344083383
:1066C0001B681B689B000B441B683A689A420AD8F7
:1066D000FA798E491346DB009B1A9B000B44163354
:1066E0001B88FB810BE1FA7988491346DB009B1A72
:1066F0009B000B4408331B68181DFA798349134625
:10670000DB009B1A9B000B4408331B681B689BB281
:106710003A68194601F0ABF803460133BB81FA79B8
:106720007A491346DB009B1A9B000B4408331A6816
:10673000BB899B0013441B683A689A420ED1FA79D0
:1067400072491346DB009B1A9B000B440C331A68FA
:10675000BB899B0013441B68FB81D0E0FA796B492D
:106760001346DB009B1A9B000B4408331A68BB8955
:106770009B0013441B683A689A4262D9FA796349CC
:106780001346DB009B1A9B000B440C331A68BB8931
:1067900003F18043013B9B0013441968FA795B487D
:1067A0001346DB009B1A9B0003440C331A68BB8919
:1067B0009B0013441B68C91AFA7954481346DB003E
:1067C0009B1A9B00034408331A68BB899B0013443F
:1067D0001B683A68D31A03FB01F1FA794B48134658
:1067E000DB009B1A9B00034408331A68BB8903F142
:1067F0008043013B9B0013441868FA79434C1346CD
:10680000DB009B1A9B00234408331A68BB899B005A
:1068100013441B68C31AB1FBF3F3FB81FA793B49BC
:106820001346DB009B1A9B000B440C331A68BB8990
:106830009B0013441B689AB2FB8913449BB2FB81F3
:106840005DE0FA7931491346DB009B1A9B000B444B
:106850000C331A68BB899B0013441968FA792B48DA
:106860001346DB009B1A9B0003440C331A68BB8958
:1068700001339B0013441B68C91AFA792348134655
:10688000DB009B1A9B00034408331A68BB899B00FA
:1068900013441A683B68D31A03FB01F1FA791B48C9
:1068A0001346DB009B1A9B00034408331A68BB891C
:1068B0009B0013441868FA79144C1346DB009B1AAA
:1068C0009B00234408331A68BB8901339B0013449F
:1068D0001B68C31AB1FBF3F3FB81FA790B4913462A
:1068E000DB009B1A9B000B440C331A68BB899B008E
:1068F00013441B689AB2FB89D31A9BB2FB81B7F988
:106900000E3018461437BD4690BD00BF6847FF1FC4
:1069100080B582B000AF0023FB7106E0FB7918461A
:1069200000F00CF8FB790133FB71FB79022BF5D9F0
:1069300000BF00BF0837BD4680BD000080B584B0F1
:1069400000AF0346FB71FB79FB730023BB81FA7B2D
:1069500027491346DB009B1A9B000B441B78184603
:10696000FEF70AFF0346BB81FA7B21491346DB0091
:106970009B1A9B000B4414331B88BA899A4209D294
:10698000FA7B1C4913465B0013445B000B44012255
:106990001A701EE0FA7B16491346DB009B1A9B0017
:1069A0000B4412331B88BA899A4209D9FA7B1149E0
:1069B00013465B0013445B000B4402221A7008E08C
:1069C000FA7B0C4913465B0013445B000B44002226
:1069D0001A70FA7B13465B0013445B00054A1344AC
:1069E0006421184600F000FF00BF1037BD4680BD8F
:1069F0006847FF1F7416FF1F80B485B000AF0346C1
:106A0000FB710023FB73FA79084913465B001344BA
:106A10005B000B4402331B78002B01D10123FB7375
:106A2000FB7B18461437BD4680BC70477416FF1FA9
:106A300080B500AFFFF796FB00BF80BD80B582B088
:106A400000AF0023FB71FFF751F80346FB71FB79A0
:106A5000012B01D1FFF798FB00BF0837BD4680BD71
:106A600080B582B000AF0023FB71FFF73FF803460B
:106A7000FB71FB79012B01D1FFF74AFF00BF0837FB
:106A8000BD4680BD80B584B000AF0346FB710023D6
:106A90007B730023FB81FB79022B16D8FA790E4910
:106AA00013465B0013449B000B441B787B73FA79FD
:106AB000094913465B0013449B000B4404331B68D5
:106AC0007A7B104698470346FB81B7F90E3018468B
:106AD0001037BD4680BD00BFB01C030000000000A1
:106AE00080B582B000AF0023FB800023BB800B2069
:106AF000FEF750FE0346BB80BB881846EFF7B4FA9A
:106B00004FF000020E4BEFF743FC02460B461046D7
:106B1000194609A3D3E90023EFF710FB02460B4601
:106B200010461946EFF7CCFD0346FB80FB8818465C
:106B30000837BD4680BD00BF000000000052BC40C9
:106B40000000B04080B582B000AF0023FB8000237E
:106B5000BB800A20FEF71EFE0346BB80BB8818469A
:106B6000EFF782FA4FF000020C4BEFF711FC0246F0
:106B70000B46104619464FF00002094BEFF7DEFABC
:106B800002460B4610461946EFF79AFD0346FB8076
:106B9000FB8818460837BD4680BD00BF0000B040E6
:106BA00000108C400000000080B582B000AF0023D0
:106BB000FB800023BB800520FEF7ECFD0346BB8075
:106BC000BB881846EFF750FA4FF000020E4BEFF774
:106BD000DFFB02460B461046194609A3D3E9002302
:106BE000EFF7ACFA02460B4610461946EFF768FD80
:106BF0000346FB80FB8818460837BD4680BD00BFB2
:106C000000000000004BC9400000B0400000000040
:106C100080B582B000AF0023FB800023BB8006203C
:106C2000FEF7B8FD0346BB80BB881846EFF71CFA99
:106C30004FF000020E4BEFF7ABFB02460B4610463F
:106C4000194609A3D3E90023EFF778FA02460B4669
:106C500010461946EFF734FD0346FB80FB881846C3
:106C60000837BD4680BD00BF0000000000E0754051
:106C70000000B0400000000080B584B000AF0023E9
:106C8000FB814FF00003BB600023FB800920FEF76F
:106C900081FD0346FB81FB891846EFF7E5F90EA35A
:106CA000D3E90023EFF774FB02460B461046194662
:106CB000EFF726FD0346BB600949B868EFF77EFE93
:106CC0000346BB60B868F0F77BF80346FB80FB889F
:106CD00018461037BD4680BDCDCCCCCCCC3C6340F3
:106CE00000007A4480B584B000AF0023FB814FF0F0
:106CF0000003BB600023FB800920FEF74BFD034629
:106D0000FB81FB894FF47A7202FB03F30A4A82FB90
:106D100003129212DB17D31A1846EFF7F7FD03465A
:106D2000BB60B868F0F74CF80346FB80FB88184658
:106D30001037BD4680BD00BF5B82E27E80B483B069
:106D400000AF0346FB80B7F90630002B0CDBFB8855
:106D500003F01F020749B7F906305B09012000FA6A
:106D600002F2403341F8232000BF0C37BD4680BCFF
:106D7000704700BF00E100E080B500AF00210020B7
:106D8000F5F798FC054B1B6803F48023002B03D018
:106D9000024B024A1B68136000BF80BD00F0074031
:106DA00080B500AF00F0C0FB00F01EFE00F01CFA42
:106DB00000F032FB00BF80BD80B500AF0421302061
:106DC000F2F74CFC02213120F2F748FC0021282088
:106DD000F2F744FC03215520F2F740FC0321562032
:106DE000F2F73CFC03215820F2F738FC032159202C
:106DF000F2F734FC5520F2F744FC03461A46144BD4
:106E00001A705620F2F73DFC03461A46114B1A70D1
:106E10005820F2F736FC03461A460F4B1A705920D9
:106E2000F2F72FFC03461A460C4B1A700321572029
:106E3000F2F714FC03215A20F2F710FC0321592029
:106E4000F2F70CFC03213B20F2F708FC00BF80BDE9
:106E50008916FF1F8A16FF1F8B16FF1F8C16FF1F38
:106E600080B500AF302000F043FB312000F040FB44
:106E7000282000F03DFB3B2000F03AFB00BF80BD26
:106E800080B500AF00220A493020F2F77DFB0022D6
:106E900008493120F2F778FB002207492820F2F751
:106EA00073FB002205493B20F2F76EFB00BF80BD5B
:106EB000C16E0400D56E0400216F0400CD6F040084
:106EC00080B500AF00210020F5F76EFC02F0A4FAB7
:106ED00000BF80BD80B500AF01210020F5F764FC44
:106EE0000C4B1A680C4B1B689A4210D0094B1B685C
:106EF00003F00F03002B0AD1064B1B68064A1360F0
:106F0000064B1B680133054A1360F0F701FA00BF16
:106F100080BD00BF1C05FF1F2006FF1F1C06FF1FB2
:106F2000B0B586B006AF3120FFF708FF0120F8F7B3
:106F30000FF81F4BDB6CC3F30B031E4A13601C4B93
:106F4000DB6CC3F30B031C4A1360194BDB6CC3F3FC
:106F50000B031A4A136011F0DFF903461A46184B67
:106F60001A60174B1B68B3F5C87F03D9144B1B6815
:106F7000144A1360114B1B6898B20E4B1B6899B2F0
:106F80000D4B1B689AB20F4B1B689CB20E4B1B68D3
:106F90009BB2042504950025039502250295002542
:106FA000019500932346ECF773FC00BFBD46B0BDCE
:106FB000001004409416FF1F9816FF1F9C16FF1F19
:106FC000A416FF1FA016FF1F9016FF1F80B500AF6D
:106FD0001048F2F779F8034603F48053002B13D0DE
:106FE00010F065FC00220C210A48F2F75CF80A4B0D
:106FF0001B78012B08D1094BE5221A70084B1B782E
:10700000E52B01D100F06EFA0248F2F769F800BFF3
:1070100080BD00BF001001408616FF1F8716FF1FAE
:107020008816FF1F80B500AF124A13490020F5F7FC
:10703000F9FE12490020F6F74DFE114A11490220CF
:10704000F5F7F0FE10490220F6F744FE0F4A10490A
:107050000320F5F7E7FE0F490320F6F73BFE00207B
:10706000F5F7CAFE0220F5F7C7FE0320F5F7C4FEC8
:1070700000BF80BD4C08FF1FF444FF1F9C45FF1F4D
:10708000340AFF1F1C45FF1FFC45FF1F1C0CFF1F80
:107090004445FF1F5C46FF1F80B500AF0020F5F799
:1070A0007FFF0220F5F77CFF0320F5F779FF00BF93
:1070B00080BD80B584B000AFF8600B467A60FB728B
:1070C000F97A00237A68F868F6F7D0FE00BF103727
:1070D000BD4680BD80B483B000AF78600B46FB70C6
:1070E0000F4A7B6852F82320FB7802339B0113443C
:1070F000043300221A600A4A7B6852F823305A6B24
:1071000007497B6851F82310FB7801329B010B443F
:1071100088331A6000BF0C37BD4680BC704700BF83
:107120007413030080B582B000AF78607868F5F71B
:107130004BFF00BF0837BD4680BD80B582B000AFB1
:1071400078607868F5F754FF00BF0837BD4680BD0A
:1071500080B400AF034B1B68034A136000BFBD46F9
:1071600080BC704700F00740A816FF1F80B400AF36
:107170001C4B1B681B4A43F001031360194B1B682F
:10718000184A43F002031360164B1B68154A43F478
:1071900080731360134B1B68124A43F4007313602F
:1071A000104B1B680F4A43F4803313600D4B1B6870
:1071B0000C4A43F4003313600A4B1B68094A43F43A
:1071C00080231360074B1B68064A43F400231360B7
:1071D000044B1B68034A43F48013136000BFBD4691
:1071E00080BC704700F0074080B500AF074B1B68BC
:1071F000064A43F48023136005490020F7F72AFD6F
:1072000004490120F7F726FD00BF80BD00B007400C
:10721000F00F03001810030080B500AF0020F7F74F
:1072200093FD0120F7F790FD00BF80BD80B582B0CF
:1072300000AF0346FB71FB79002B07D10A49002000
:10724000F7F708FD0020F7F7A7FD09E0FB79022B0F
:1072500006D106490020F7F7FDFC0020F7F79CFD5A
:1072600000BF0837BD4680BDF00F0300401003008B
:1072700080B500AF05490120F7F7ECFC2820F2F7B4
:10728000A9F90120F7F788FD00BF80BD18100300A1
:1072900080B500AF0020F7F729FE0346184680BDF1
:1072A00080B582B000AF78600020F7F73DFE03465E
:1072B0001A467B681A8000BF0837BD4680BD0000B3
:1072C00080B584B000AF03460A46FB711346BB711C
:1072D000FB795B09FB73FB7B042B3AD801A252F8C4
:1072E00023F000BFF97204000B7304001D73040047
:1072F0002F73040041730400FB7903F01F03BA7974
:1073000019461648F1F7F7FE24E0FB7903F01F0356
:10731000BA7919461248F1F7EEFE1BE0FB7903F04B
:107320001F03BA7919460F48F1F7E5FE12E0FB7921
:1073300003F01F03BA7919460B48F1F7DCFE09E0A8
:10734000FB7903F01F03BA7919460848F1F7D3FE19
:1073500000E000BF00BF1037BD4680BD00100140F7
:1073600000110140001201400013014000140140CF
:1073700080B584B000AF0346FB71FB79FB72FB79EB
:107380005B09BB7200237B720023FB60BB7A042B7A
:1073900025D801A252F823F0AD730400B77304009E
:1073A000C1730400CB730400D57304001548F1F7D2
:1073B000CDFEF86016E01448F1F7C8FEF86011E061
:1073C0001248F1F7C3FEF8600CE01148F1F7BEFE79
:1073D000F86007E00F48F1F7B9FEF86002E000231B
:1073E000FB6000BFFB7A03F01F03FA6822FA03F385
:1073F000DBB203F001037B727B7A18461037BD467F
:1074000080BD00BF0010014000110140001201408A
:10741000001301400014014080B500AF0648FAF7A0
:1074200075F8FAF733F9FAF767F80346012BF8D144
:1074300000BF00BF80BD00BFC411030080B584B091
:1074400000AF03463960FB800023FB73FB8839687B
:107450001846FAF7A1F90346FB73FAF717F9FAF79A
:107460004BF80346012BF8D1FB7B18461037BD467D
:1074700080BD80B586B000AFBA601A460346FB8176
:107480000B46BB811346FB800023FB75FB88B98943
:10749000F889BA68FAF736F90346FB75FAF7F6F891
:1074A000FAF72AF80346012BF8D1FB7D1846183766
:1074B000BD4680BD80B582B000AF0023074A0121E0
:1074C0000748F1F73DFC00210020F1F75BFC034683
:1074D000FB80FB8818460837BD4680BD2806FF1F85
:1074E000D844FF1F80B500AFFCF762FA00BF80BD33
:1074F00080B582B000AF0346FB80B7F9063018466E
:10750000F2F768F800BF0837BD4680BD80B582B08D
:1075100000AF0346FB80B7F906301846F2F768F86B
:1075200000BF0837BD4680BD80B500AF0249352099
:10753000F1F789FD00BF80BD6C09030080B584B000
:1075400000AF0346FB71FB79FB7300F011F8FB7B86
:10755000002B07D1FB7B054A52F823301946002047
:10756000F7F72EFD00BF1037BD4680BDBC47FF1F9B
:1075700080B500AF0020F7F751FD00BF80BD80B59A
:1075800000AF0020F7F76EFD00BF80BD80B582B070
:1075900000AF0346FB71FB79002B02D1FFF7E8FF38
:1075A00007E0FB79012B04D10020FFF7C7FFFFF7AD
:1075B000E6FF00BF0837BD4680BD80B487B000AF8E
:1075C000F860B96011461A460B46FB8013467B7182
:1075D0007B79012B03D14FF6FF73BB8201E0FB885F
:1075E000BB8200233B6126E0FA683B6913441B78A9
:1075F0009BB21B029AB2BB8A5340BB820023FB752D
:1076000013E0BB8A03F40043002B08DDBB8A5B0058
:107610009BB283F4815383F00103BB8202E0BB8AF7
:107620005B00BB82FB7D0133FB75FB7D072BE8D93B
:107630003B6901333B613A69BB689A42D4D3BB8A48
:1076400018461C37BD4680BC704780B582B000AF7D
:1076500078600B46FB7013463B80F1F7EFFF3B88E9
:10766000002B11D03B884FF6FF7293420CD008E0FC
:107670007B68FA781A707B6801337B603B88013B3A
:107680003B803B88002BF3D1F1F7C0FF00BF0837E8
:10769000BD4680BD80B487B000AFF860B9601346C6
:1076A000FB800123FB75FB88002B1BD0FB884FF66A
:1076B000FF72934216D00023BB820FE0BB8AFA68A8
:1076C00013441A78BB8AB9680B441B789A4202D0DB
:1076D0000023FB7506E0BB8A0133BB82BA8AFB88B4
:1076E0009A42EBD3FB7D18461C37BD4680BC7047E1
:1076F00080B586B000AFF860B9601346FB80F1F743
:107700009DFFFB88002B16D0FB884FF6FF7293423B
:1077100011D00023FB820AE0FB8ABA681A44FB8A74
:10772000F9680B4412781A70FB8A0133FB82FA8ADB
:10773000FB889A42F0D3F1F769FF00BF1837BD46C6
:1077400080BD80B485B000AF78600B46FB7000232D
:107750007B73FB78002B42D0FB78FF2B3FD00023BC
:10776000BB7337E0FA78BB7BD31ADBB2013B7B7388
:107770000023FB7327E0FB7B01335B007A68134433
:107780001A88FB7B5B0079680B441B889A4217D2EE
:10779000FB7B5B007A6813441B887B81FB7B013396
:1077A0005B007A681A44FB7B5B0079680B441288A3
:1077B0001A80FB7B01335B007A6813447A891A8054
:1077C000FB7B0133FB73FA7B7B7B9A42D3D3BB7B7E
:1077D0000133BB73BA7BFB78013B9A42C2DB00BF2B
:1077E0001437BD4680BC704780B485B000AF786068
:1077F0000B467B800023FB730023BB817B88002B1F
:1078000007D07B884FF6FF72934202D07B88BB8102
:1078100002E04FF6FF73BB817B681A787B685B7868
:107820009A4206D07B681A787B685A707B6800227F
:107830009A807B681A787B689B789A4211D07B6823
:107840009B88BA899A4206D97B689B8801339AB291
:107850007B689A8005E07B681A787B689A700123C0
:10786000FB73FB7B18461437BD4680BC704780B461
:1078700087B000AFF8600B467A607B810023FB8203
:107880000023BB827B89013B7B821FE07A8ABB8A13
:10789000D31A9BB25B089AB2BB8A1344FB82FB8A61
:1078A0009B00FA6813441B687A689A4203D2FB8AE9
:1078B0000133BB820AE0FB8A9B00FA6813441B6811
:1078C0007A689A4207D9FB8A013B7B82BA8A7B8A13
:1078D0009A42DBD900E000BFFB8A18461C37BD4640
:1078E00080BC704780B483B000AF0023FB8006E00B
:1078F000FB88354A0021D154FB880133FB80FB888B
:107900005D2BF5D90023FB8006E0FB882F4A002180
:10791000D154FB880133FB80FB885D2BF5D9002314
:10792000FB8006E0FB882A4A0021D154FB88013302
:10793000FB80FB885D2BF5D90023FB8006E0FB88EC
:10794000244A0021D154FB880133FB80FB885D2B46
:10795000F5D90023FB8006E0FB881F4A0021D154A3
:10796000FB880133FB80FB885D2BF5D90023FB806E
:1079700006E0FB88194A0021D154FB880133FB80C3
:10798000FB885D2BF5D90023FB8006E0FB88144AB9
:107990000021D154FB880133FB80FB885D2BF5D996
:1079A0000023FB8006E0FB880E4A0021D154FB88AF
:1079B0000133FB80FB885D2BF5D900BF00BF0C377E
:1079C000BD4680BC704700BFAC1FFF1F0C20FF1FCF
:1079D0006C20FF1FCC20FF1F2C21FF1F8C21FF1FBD
:1079E000EC21FF1F4C22FF1F80B582B000AF0023A7
:1079F000FB71094B5B6909489847074B9B6998479E
:107A0000F9F77AFD0346FB71FB79012BF5D100BF35
:107A100000BF0837BD4680BDD41C0300C41103005D
:107A200080B500AF054B1B689847FFF75BFF062248
:107A300000210348FFF709FE00BF80BDD41C0300EE
:107A4000B422FF1F80B500AFFEF770F80346002B8D
:107A500007D100F05FF8054B5B689847034B9B69C3
:107A6000984700F0C7F800BF80BD00BFD41C0300DA
:107A700080B584B000AF03460A46FB711346BB7164
:107A80000023FB8100233B73BB797B73FB79012BC4
:107A90000BD07B7B012B08D100F0D0F903463B7360
:107AA0003B7B012B01D100237B73FB79012B02D09F
:107AB0007B7B012B25D00023FB81144B00221A7005
:107AC000134B9B6898470AE001F0F8F9104B5B688C
:107AD00098470F4B9B699847FB890133FB810B4B00
:107AE0001B78012B04D0FB8941F26F729342EBD9D2
:107AF000FB79012B03D101F0E1F900F06DFA00F000
:107B000011F900BF1037BD4680BD00BFB422FF1F72
:107B1000D41C030090B583B000AF324B1B6998476B
:107B20000346012B5AD1304B5B881A462F4B9B5C86
:107B3000032B05D12C4B5B880121184600F0A8F8D7
:107B40000023FB8047E0FB88284AD35C042B3FD10D
:107B5000FA88274913465B001344DB000B440433C7
:107B60001868FA88224913465B001344DB000B4473
:107B700008331968FA881E4C13465B001344DB0077
:107B800023441B881A46FFF7B3FD164BDC68FA88BE
:107B9000174913465B001344DB000B4404331A6897
:107BA000FB8811461846A0470346002B0BD1FB88E3
:107BB0000321184600F06CF80B4B4FF4FA529A80F0
:107BC000094B00225A70084AFB88538000BF05E029
:107BD000FB880133FB80FB88072BB4D900BF0C372F
:107BE000BD4690BDD41C0300B422FF1FAC22FF1F72
:107BF000F01F030080B582B000AF0023BB710023EB
:107C0000FB710FE0FB791F4AD35C042B04D0FB7996
:107C10001C4AD35C032B02D10123BB7105E0FB7925
:107C20000133FB71FB79072BECD9174B1B69984784
:107C30000346012B06D1BB79002B03D1134B012244
:107C40005A701AE0114B9B88002B13D00F4B9B8866
:107C5000013B9AB20D4B9A800C4B9B88102B0CD198
:107C60000A4B00225A70094B5B880221184600F02B
:107C70000FF802E0054B01225A7000BF0837BD46DD
:107C800080BD00BFAC22FF1FD41C0300B422FF1F25
:107C900080B483B000AF03460A46FB8013467B7175
:107CA0007B79042B2FD801A252F823F0C17C040069
:107CB000CB7C0400DF7C0400F37C0400FD7C04002A
:107CC000FB88174A0021D15425E0FB88144AD35C75
:107CD000042B1DD0FB88124A0121D15418E0FB88E7
:107CE0000F4AD35C042B15D0FB880D4A0221D154D6
:107CF00010E0FB880A4A0321D1540CE0FB88084AB3
:107D00000421D15407E0FB88054A0021D15402E048
:107D100000BF00E000BF00BF0C37BD4680BC70470D
:107D2000AC22FF1F80B584B000AF0023BB600023EE
:107D30007B6000233B600023FB8174E0FA893E49AD
:107D400013465B001344DB000B4408331B68BB6025
:107D5000FA89394913465B001344DB000B440433B2
:107D60001B681B78E52B0BD0FA89334913465B005F
:107D70001344DB000B4404331B681B78EA2B4FD100
:107D8000FA892D4913465B001344DB000B4404338E
:107D90001968FA89284813465B001344DB00034442
:107DA0001B881A46B868FFF7A3FCFA8922491346D4
:107DB0005B001344DB000B4402331B7803F0010328
:107DC000002B2DD0FA891C4913465B001344DB00BD
:107DD0000B440C331B687B60FA89174913465B0020
:107DE0001344DB000B4410331B683B60FA891249D3
:107DF00013465B001344DB000B441B881A46B9682A
:107E00007868FFF775FCFA890B4913465B00134449
:107E1000DB000B441B881A46B9683868FFF768FC1A
:107E2000FB890133FB81FB89072B87D900BF00BF8A
:107E30001037BD4680BD00BFF01F030080B586B07F
:107E400000AF0023FB750123FB740123BB740123E6
:107E50007B740023FB600023BB6000237B60002356
:107E6000BB820023BB82ABE0BA8A5A4913465B004F
:107E70001344DB000B4402331B7803F00103002B97
:107E800000F09B80BA8A534913465B001344DB0021
:107E90000B4408331B68FB60BA8A4E4913465B00EB
:107EA0001344DB000B440C331B68BB60BA8A49499E
:107EB00013465B001344DB000B4410331B687B60EC
:107EC000BA8A444913465B001344DB000B441B8809
:107ED0001A46B968F868FFF7DDFB0346FB74BA8AF7
:107EE0003C4913465B001344DB000B441B881A46D5
:107EF0007968F868FFF7CEFB0346BB74BA8A354948
:107F000013465B001344DB000B441B881A46796858
:107F1000B868FFF7BFFB03467B74FB7C012B10D1D5
:107F20007B7C002B0DD1BA8A2A4913465B0013448F
:107F3000DB000B441B881A46F9687868FFF7D8FB0A
:107F40003BE0BB7C012B10D17B7C002B0DD1BA8A8E
:107F5000204913465B001344DB000B441B881A4680
:107F6000F968B868FFF7C4FB27E0FB7C002B10D151
:107F70007B7C012B0DD1BA8A164913465B00134452
:107F8000DB000B441B881A46B968F868FFF7B0FBA2
:107F900013E0FB7C002B10D17B7C002B0DD1BB7C34
:107FA000002B0AD1FB6800221A70BB6800221A70ED
:107FB0007B6800221A700123FB75BB8A0133BB82E8
:107FC000BB8A072B7FF650AFFB7D18461837BD469E
:107FD00080BD00BFF01F030090B585B000AF002347
:107FE000FB6000237B7200237B81C5E07A896749AF
:107FF00013465B001344DB000B4402331B7803F091
:108000000203002B00F0B5807A89604913465B00BB
:108010001344DB000B4404331B681B78E52B2ED084
:108020007A895A4913465B001344DB000B4404333E
:108030001B68E5221A707A89544913465B00134481
:10804000DB000B4404331B68581C7A894F491346E4
:108050005B001344DB000B4414331B68591C7A8902
:108060004A4C13465B001344DB0023441B88013B4E
:108070009BB21A46FFF73CFB01237B7245E00123CC
:10808000FB8036E07A89414913465B001344DB00EC
:108090000B4414331A68FB88134419787A893B48D7
:1080A00013465B001344DB00034404331A68FB8867
:1080B00013441B78994219D07A89344913465B00DE
:1080C0001344DB000B4414331A68FB88D1187A89F7
:1080D0002E4813465B001344DB00034404331A6844
:1080E000FB8813440A781A7001237B72FB880133E2
:1080F000FB80F9887A89254813465B001344DB002E
:1081000003441B88013B9942BCD37B7A012B30D1BD
:108110001F4B1B6998470346012B2AD11C4BDC6877
:108120007A891A4913465B001344DB000B4404337D
:108130001A687B8911461846A0470346002B16D1C2
:108140000023FB6000F0BAFE114B5B689847104BB0
:108150009B699847FB680133FB600D4B1B6998478F
:108160000346012B03D0FB680A4A9342EAD9002355
:108170007B727B8901337B817B89072B7FF636AF4E
:1081800000BF00BF1437BD4690BD00BFF01F030005
:10819000D41C03009F86010080B586B000AF034663
:1081A0003960FB80FB88BB8200237B820023FB605D
:1081B0000023FB75BB8A292B3ED8BA8A2149134676
:1081C0005B0013445B000B4404331B787B827A8A88
:1081D0001D4913465B001344DB000B4408331B6846
:1081E000FB60FB681B78E52B03D0FB681B78EA2B50
:1081F00022D17A8A144913465B001344DB000B44F6
:1082000008331968BA8A0F4813465B0013445B00B1
:1082100003441B880B44FB60BA8A0A4913465B007F
:1082200013445B000B4402331B881A46F968386814
:10823000FFF75EFA0123FB75FB7D18461837BD4634
:1082400080BD00BFB0200300F01F030080B586B0E2
:1082500000AF03463960FB80FB887B8200237B757F
:1082600000237B740023FB607B8A292B00F2838030
:108270007A8A434913465B0013445B000B44043382
:108280001B787B747A7C3F4913465B001344DB0008
:108290000B4408331B68FB60FB681B78E52B23D07D
:1082A0007A7C384913465B001344DB000B440833E7
:1082B00019687A8A324813465B0013445B00034412
:1082C0001B880B44FB607A8A2D4913465B001344DC
:1082D0005B000B4402331B881A463968F868FFF7C5
:1082E00007FA01237B7538E07A7C264913465B0048
:1082F0001344DB000B44083319687A8A204813467C
:108300005B0013445B0003441B880B44FB600023A9
:10831000FB8216E0FB8AFA6813441A78FB8A3968F4
:108320000B441B789A4209D0FB8A3A681A44FB8AAC
:10833000F9680B4412781A7001237B75FB8A0133AC
:10834000FB827A8A0E4913465B0013445B000B44A0
:1083500002331B88FA8A9A42DCD37B7D012B0AD137
:108360007B7C9BB2184600F00FF87B7C9BB204210B
:108370001846FFF78DFC00BF1837BD4680BD00BF13
:10838000B0200300F01F030080B586B000AF0346A5
:10839000FB80FB88FB8200233B610023FB60002302
:1083A000BB60FB8A082B47D8FA8A254913465B0035
:1083B0001344DB000B4408331B683B613B69E52237
:1083C0001A70FA8A1E4913465B001344DB000B4403
:1083D00002331B7803F00103002B2DD0FA8A1849D1
:1083E00013465B001344DB000B440C331B68FB603B
:1083F000FA8A134913465B001344DB000B44103325
:108400001B68BB60FA8A0E4913465B001344DB000D
:108410000B441B881A463969F868FFF769F9FA8A2C
:10842000074913465B001344DB000B441B881A46C4
:108430003969B868FFF75CF900BF1837BD4680BDE1
:10844000F01F030080B400AF024B5B781846BD46B6
:1084500080BC7047B422FF1F80B485B000AF0346D4
:108460000A46FB711346BB71BB79BB73FB79FB7387
:10847000BB7BFB7B0C2B02D1034B01221A7000BF8C
:108480001437BD4680BC7047B422FF1F80B485B04E
:1084900000AF0346FB800023FB73FB88002B01D158
:1084A0000123FB80FB88BB81BB897B81BB891B01CE
:1084B000BB817A89094913469B0013449B000B44F6
:1084C0000A331B88BA899A4201D10123FB73FB7BD3
:1084D00018461437BD4680BC704700BFAC2103006E
:1084E00080B500AF6C2200210248FFF7AEF800BF54
:1084F00080BD00BFBC22FF1F80B483B000AF00234B
:10850000FB71084B1B78002B05D1064B5B78002BC9
:1085100001D10123FB71FB7918460C37BD4680BCA5
:10852000704700BFBC22FF1F80B400AF074B9B7891
:1085300043F00203DAB2054B9A70044B0022A3F811
:108540006A2000BFBD4680BC704700BFBC22FF1F31
:1085500080B584B000AF03463960FB800123FB7314
:10856000264B1B78002B43D1244B5B78002B3FD14B
:10857000FB881846FFF78AFF0346012B38D11F4BB3
:108580009B7843F00103DAB21C4B9A701B4AFB88BC
:10859000A2F86830194BB3F868301946184A0B46F0
:1085A0009B000B449B0013440C331B88BB81B9898F
:1085B000012300223868FFF700F803467B81BB895E
:1085C0001A4639680F48FFF793F87B891B0A9AB25D
:1085D000BB89D1B2094A13440A46DA70BB89013318
:1085E0007A89D1B2054A13440A46DA700023FB7334
:1085F000FB7B18461037BD4680BD00BFBC22FF1F65
:10860000AC210300BF22FF1F80B400AF154B9B7845
:1086100003F00203002B0AD0124B9B7823F00203D5
:10862000DAB2104B9A700F4B01221A7016E00D4B04
:108630009B7803F00103002B0AD00A4B9B7823F0B0
:108640000103DAB2074B9A70064B02221A7005E05A
:10865000044B00221A70034B00225A7000BFBD4623
:1086600080BC7047BC22FF1F80B400AF064B0022C5
:108670001A70054B00225A70034B0022A3F86A209F
:1086800000BFBD4680BC7047BC22FF1F80B500AF55
:10869000134B5B78052B0AD1114BB3F86A300133C9
:1086A0009AB20F4BA3F86A200D4B00225A700C4B64
:1086B0005B78002B12D10A4BB3F86A30072B07D82E
:1086C000074B01225A70064B002283F8632005E015
:1086D00001210C20FFF7C0FEFFF7C6FF00BF80BDE1
:1086E000BC22FF1F80B400AF054B5B78042B02D087
:1086F000034B02225A7000BFBD4680BC704700BFCA
:10870000BC22FF1F80B584B000AF0023BB81944B17
:1087100093F86430022B00F0C280022B00F3158125
:10872000002B02D0012B24D00FE18D4BB3F86A301F
:1087300019468C4A0B469B000B449B0013440C3398
:108740001B880233BB81864BB3F86A301946854AD1
:108750000B469B000B449B0013440A331888BB89CB
:10876000814A0021FEF785FE7D4B012283F86420BB
:10877000F1E0F8F7B3FE0346FB72FB7A002B40F002
:108780008680774BB3F86A301946764A0B469B00D1
:108790000B449B0013440C331B88BB81B989012314
:1087A00000227148FEF709FF03463B81BB896C4AF2
:1087B0001344DB78FB80FB881B02FB80BB89013301
:1087C000674A1344DB789AB2FB881344FB803A89EA
:1087D000FB889A4217D1624BB3F86A301946614A56
:1087E0000B469B000B449B0013441B68BA895E49EF
:1087F0001846FEF77DFF5A4B05225A70584B00224F
:1088000083F86420A6E00023FB810EE0FB89544A34
:108810001344DB78002B05D0FB89514A1344DB78E5
:10882000FF2B07D1FB890133FB81FA89BB899A426F
:10883000ECD300E000BFFA89BB899A4222D1484BB1
:1088400005225A70464B002283F86420444BB3F84B
:108850006A301946434A0B469B000B449B00134465
:1088600018683F4BB3F86A3019463E4A0B469B00E6
:108870000B449B00134404331B68BA891946FEF766
:1088800037FF67E0364B022283F8642062E0FB7A10
:10889000012B5FD1324B022283F864205AE0304B27
:1088A00093F86330022B08D82D4B93F863300133D3
:1088B000DAB22B4B83F8632042E0294B002283F885
:1088C0006320274BB3F86A301946264A0B469B00B3
:1088D0000B449B00134408331B7803F00103002B67
:1088E00003D01F4B03225A702AE01D4B05225A70F9
:1088F0001B4BB3F86A3019461A4A0B469B000B44CF
:108900009B0013440C331B88BB81154BB3F86A30B2
:108910001946144A0B469B000B449B0013441868ED
:108920000F4BB3F86A3019460E4A0B469B000B44B6
:108930009B00134404331B68BA891946FEF7D8FE1E
:10894000074B002283F8642005E0054B002283F8E2
:10895000642000E000BF00BF1037BD4680BD00BFEF
:10896000BC22FF1FAC210300BF22FF1F80B582B0D5
:1089700000AF0023FB80414B93F86630022B3FD0C1
:10898000022B56DC002B02D0012B23D051E03B4BB5
:10899000B3F8683019463A4A0B469B000B449B00DB
:1089A00013440C331B880233FB80344BB3F868301C
:1089B0001946334A0B469B000B449B0013440A3371
:1089C0001B8830491846F8F7E7FE2C4B012283F844
:1089D000662034E0F8F782FD03467B717B79002B3B
:1089E00006D1FFF741FE254B002283F8662025E0E3
:1089F0007B79012B22D1214B022283F866201DE0D6
:108A00001E4B93F86530022B08D81C4B93F8653049
:108A10000133DAB2194B83F8652005E0FFF724FE35
:108A2000164B002283F86520144B002283F8662041
:108A300005E0124B002283F8662000E000BF0F4BD8
:108A40005B78002B15D10D4BB3F8683019460C4AF2
:108A50000B469B000B449B00134408331B7803F028
:108A60000103002B05D0054B04225A70034B022250
:108A70001A7000BF0837BD4680BD00BFBC22FF1F73
:108A8000AC210300BF22FF1F80B582B000AF6A4B4C
:108A900093F86430022B00F08280022B00F3C18037
:108AA000002B02D0012B24D0BBE0634BB3F86A301B
:108AB0001946624A0B469B000B449B0013440C333F
:108AC0001B880233FB805C4BB3F86A3019465B4A63
:108AD0000B469B000B449B0013440A331888FB8809
:108AE000574A0021FEF7C5FC534B012283F864204E
:108AF0009DE0F8F7F3FC03467B717B79002B46D1B0
:108B00004D4BB3F86A3019464C4A0B469B000B4458
:108B10009B0013440C331B88FB80F988012300223F
:108B20004748FEF74AFD03467B80FB88424A1344D0
:108B3000DB783B803B881B023B80FB8801333E4A4D
:108B40001344DB789AB23B8813443B807A883B8895
:108B50009A4217D1384BB3F86A301946374A0B4658
:108B60009B000B449B0013441B68FA883449184649
:108B7000FEF7BEFD304B05225A702F4B002283F8C2
:108B8000642053E02C4B022283F864204EE07B7972
:108B9000012B4BD1284B022283F8642046E0264B60
:108BA00093F86330022B08D8234B93F863300133DA
:108BB000DAB2214B83F863202EE01F4B05225A7056
:108BC0001D4B002283F863201B4BB3F86A30194613
:108BD0001A4A0B469B000B449B0013440C331B8822
:108BE000FB80154BB3F86A301946144A0B469B00BC
:108BF0000B449B00134418680F4BB3F86A301946B6
:108C00000E4A0B469B000B449B00134404331B6825
:108C1000FA881946FEF76CFD074B002283F86420A2
:108C200005E0054B002283F8642000E000BF00BF90
:108C30000837BD4680BD00BFBC22FF1FAC2103002A
:108C4000BF22FF1F80B582B000AF344B93F866306F
:108C5000022B3FD0022B56DC002B02D0012B23D05D
:108C600051E02E4BB3F8683019462D4A0B469B0055
:108C70000B449B0013440C331B880233BB80274BEF
:108C8000B3F868301946264A0B469B000B449B00FC
:108C900013440A331B8823491846FEF7CFFB1F4BAA
:108CA000012283F8662034E0F8F718FC0346FB71D4
:108CB000FB79002B06D1FFF7D7FC184B002283F875
:108CC000662025E0FB79012B22D1144B022283F888
:108CD00066201DE0114B93F86530022B08D80F4B2E
:108CE00093F865300133DAB20C4B83F8652005E068
:108CF000FFF7BAFC094B002283F86520074B0022DE
:108D000083F8662005E0054B002283F8662000E02A
:108D100000BF00BF0837BD4680BD00BFBC22FF1F9B
:108D2000AC210300BF22FF1F80B500AF1C4B1B7896
:108D3000022B0CD0022B0DDC002B02D0012B03D018
:108D400008E0FFF761FC09E0FFF7A0FC06E0FFF791
:108D5000C9FC03E0124B00221A7000BF104B5B7875
:108D6000013B032B16D801A252F823F07D8D04009D
:108D7000838D0400898D04008F8D0400FFF7C2FCF1
:108D80000CE0FFF7F3FD09E0FFF77EFE06E0FFF7DA
:108D900059FF03E0024B00225A7000BF00BF80BDA4
:108DA000BC22FF1F80B500AFFEF784FBFEF7D0F9B1
:108DB000FEF7DCF9FEF764F8FDF7F2FF1149002039
:108DC000F3F7E2FB104A00210020F3F729FC0F4AD9
:108DD00001210020F3F724FCFEF724F90C490020C0
:108DE000F3F7C4F9FDF7C8FF00F05AF800F056F9A0
:108DF000084A09490020FAF745FA00F0D5FA00BF01
:108E000080BD00BFEC0F0300D40F0300E00F030090
:108E1000CC0F03004C0EFF1FB446FF1F80B500AF00
:108E2000FEF7FEFD00210020FEF722FEFCF778FC95
:108E3000FCF792FFFCF798FFFDF7FAFDFDF70AF843
:108E4000FDF70EF8FDF774F900BF80BD80B500AFE7
:108E5000002003F0F1FC012003F0EEFC00BF80BD18
:108E600080B500AF0FF05CFB00BF80BD80B500AFE8
:108E7000F0F7E4FBFDF7A0FFFDF7F2FFF0F7C6FB0C
:108E800000BF80BD80B500AFFFF78CFFFFF7C6FFC6
:108E9000FFF7DCFFFFF7E4FFFFF7E8FF00BF80BD4F
:108EA00080B500AF082200210348FEF7CEFB012069
:108EB000FEF76CFB00BF80BD2823FF1F80B500AF0D
:108EC000FEF75DFB00BF80BD80B500AFFBF7F2FF92
:108ED00000BF80BD80B500AFFBF7F4FF00BF80BDD1
:108EE00080B483B000AF0346FB71FB799AB2034BA9
:108EF0001A8000BF0C37BD4680BC70473223FF1F6D
:108F000080B400AF034B1B88DBB21846BD4680BC63
:108F1000704700BF3223FF1F80B582B000AF00F062
:108F200023FA0346FB71FB79042B02D100F06CF8A5
:108F300005E0054B1B88012B01D100F037F800BF7D
:108F40000837BD4680BD00BF3223FF1F80B500AF8C
:108F5000FEF7A2F8FEF760F9FEF70AFB0020F3F730
:108F600037F90020F3F72EFB0020FAF7DDF9012096
:108F7000F1F710FB0020F4F717FF0220F4F714FFBD
:108F80000320F4F711FF0020F4F70AF80220F4F7A9
:108F900007F80320F4F704F8F0F7CCFB0220FEF703
:108FA000CCF80320FEF7C9F800BF80BD80B500AF44
:108FB000134B1B88FF2B05D8114B1B8801339AB22A
:108FC0000F4B1A800E4B1B88012B04D8FBF74AFF6E
:108FD000FBF790FF11E00A4B1B88032B02D1FBF734
:108FE000A1FF0AE0064B1B88042B06D0044B1B880C
:108FF000062B02D1034B02221A8000BF80BD00BFA6
:109000003023FF1F3223FF1F80B500AF214B1B8889
:10901000B3F5007F05D21F4B1B8801339AB21D4B5D
:109020001A801C4B1B88B3F5857F09D3FBF722FF01
:10903000FBF790FFFBF786FF174B04221A8026E010
:10904000144B1B88B3F5847F02D3FBF75BFF1EE054
:10905000104B1B88B3F5837F02D3FBF76BFF16E041
:109060000C4B1B88B3F5827F02D3FBF713FF0EE096
:10907000084B1B88B3F5817F02D3FBF72BFF06E07B
:10908000044B1B88B3F5807F01D9FBF773FF00BF4A
:1090900080BD00BF3023FF1F3223FF1F80B500AF0C
:1090A0000C2200210648FEF7D0FA062200210548CE
:1090B000FEF7CBFA034B01229A7000BF80BD00BFC0
:1090C0003423FF1F4023FF1F80B500AFFCF71EFDB8
:1090D0000346012B07D000F009F800F025F8FFF750
:1090E0001BFF00F04BF900BF80BD000080B500AF52
:1090F0000C4B01221A700B4B9B78012B04D164217D
:109100000848FEF771FB03E005210648FEF76CFBFB
:1091100000F08CFC0346012B02D1024B00229A7016
:1091200000BF80BD4023FF1F80B582B000AF7A1D15
:10913000BB1D194600200AF061F9754B1B78052B01
:1091400000F2D78001A252F823F000BF659104001D
:109150000B920400BD91040041920400A792040008
:10916000D7920400FFF7B0FE0120FFF7B9FE684B6D
:109170001B89632B1BD8664B1B8901339AB2644B46
:109180001A81BB79012B05D100F0F8F80346012BB9
:1091900040F0B18000F026FC0346012B00F0AB80CC
:1091A0005B4B00221A815A4B01221A70A3E0584BE4
:1091B00000221A81564B02221A709CE0544B5B88A5
:1091C000632B18D8524B5B8801339AB2504B5A80AC
:1091D000BB79012B05D100F0D1F80346012B40F0FB
:1091E0008C8000F0FFFB0346012B00F08680484B8B
:1091F00001221A7081E0464B00225A80444B002223
:109200005A60434B03221A7077E0424B9B78002B45
:1092100007D0BB79012B72D100F0B0F80346002BC8
:109220006DD13B4B00225A60394B03221A7000F07B
:10923000F7FA0346012B62D1354B01221A705EE02A
:10924000334B5B6849F63F42934204D8304B5B682E
:1092500001332F4A5360BB79012B04D100F08EF803
:109260000346012B07D100F0BDFB0346012B02D0C2
:10927000274B01221A7000F04FF80346FB71FB796F
:10928000012B03D1224B5B68632B05D8204B5B6815
:1092900049F63F42934234D91D4B00225A601C4B81
:1092A00004221A702DE01A4B5B68022B05D8184B6C
:1092B0005B680133164A536025E0FFF721FE034641
:1092C000042B20D1FFF706FE114B00225A60104BF1
:1092D00005221A7017E00E4B5B88632B06D80C4BE7
:1092E0005B8801339AB20A4B5A800DE0FEF7FAF818
:1092F0000AE000BF08E000BF06E000BF04E000BFD6
:1093000002E000BF00E000BF00BF0837BD4680BDDF
:109310003423FF1F4023FF1F80B582B000AF01231D
:10932000FB710023BB7114E0BB790E4ADB001344D0
:109330005B68984703467B71BB790A4ADB0013449C
:109340005B787A799A4201D00023FB71BB790133B3
:10935000BB71BB79012BE7D9FB7918460837BD46AD
:1093600080BD00BF4C22030080B400AF024B1B78CD
:109370001846BD4680BC70473423FF1F80B400AF41
:10938000084B1B88C72B07D8064B1B8801339AB2A2
:10939000044B1A80012300E000231846BD4680BC20
:1093A000704700BFA023FF1F80B400AF104B002206
:1093B0001A70104B00221A700F4B00221A700F4BBC
:1093C00000221A700E4B00221A700E4B00221A70E7
:1093D0000D4B01221A700D4B03221A700C4B052203
:1093E0001A700C4B07221A7000BFBD4680BC704734
:1093F0004623FF1F4723FF1F4823FF1F4923FF1F4B
:109400004A23FF1F4B23FF1F4C23FF1F4D23FF1F2A
:109410004E23FF1F4F23FF1F80B400AF2E4B1B783E
:10942000DBB20133DAB22C4B1A702B4B1B78DBB258
:109430000A2B02D1284B00221A70274B1B78DBB273
:10944000082B35D801A252F823F000BF7194040014
:10945000B194040081940400B1940400B194040018
:1094600091940400B1940400B1940400A194040008
:109470001A4B1B78DBB20133DAB2184B1A7018E0C2
:10948000174B1B78DBB20133DAB2154B1A7010E0C0
:10949000144B1B78DBB20133DAB2124B1A7008E0BE
:1094A000114B1B78DBB20133DAB20F4B1A7000E0BC
:1094B00000BF094B1B78DBB203F00103DBB2002BCA
:1094C00006D10A4B1B78DBB20133DAB2074B1A70B4
:1094D00000BFBD4680BC70474623FF1F4723FF1FC8
:1094E0004823FF1F4923FF1F4A23FF1F4B23FF1F52
:1094F00080B582B000AF6A4B1B78DBB2002B16D070
:10950000674B1B78DBB2013BDAB2654B1A70654BD7
:109510001B78FB7100F0E4F8624B1B78DAB2FB7940
:10952000D31ABB71BB79012B01D900F0CDF85E4B8A
:109530001B78DBB2002B16D05B4B1B78DBB2013BF8
:10954000DAB2594B1A70574B1B78FB7100F0D4F804
:10955000544B1B78DAB2FB79D31ABB71BB79022B5F
:1095600001D900F0B1F8514B1B78DBB2002B23D0AE
:109570004E4B1B78DBB2013BDAB24C4B1A70494BB5
:109580001B78FB714A4B1B78012B05D100F0C2F808
:10959000474B02221A7004E000F0C6F8444B012247
:1095A0001A70404B1B78DAB2FB79D31ABB71BB79C6
:1095B000022B01D900F088F83E4B1B78DBB2002B60
:1095C0005BD03C4B1B78DBB2013BDAB2394B1A70F3
:1095D000344B1B78FB71384B1B78032B12D1364B65
:1095E00004221A70354B1B78052B05D100F0A6F824
:1095F000324B06221A7035E000F0A8F82F4B0522F6
:109600001A702FE02C4B03221A702D4B1B78072B5E
:1096100005D100F0A1F82A4B08221A7022E0284B4D
:109620001B78082B05D100F0B1F8254B09221A70E0
:1096300018E0234B1B78092B05D100F0ADF8204B27
:109640000A221A700EE01E4B1B780A2B05D100F07F
:10965000A9F81B4B0B221A7004E000F0A9F8184B74
:1096600007221A700F4B1B78DAB2FB79D31ABB7141
:10967000BB79012B01D900F027F8124B1B78DBB224
:10968000002B08D00F4B1B78DBB2013BDAB20D4B3D
:109690001A7000F01FF800BF0837BD4680BD00BF3C
:1096A0004723FF1F4623FF1F4823FF1F4923FF1F98
:1096B0004C23FF1F4A23FF1F4D23FF1F4E23FF1F75
:1096C0004F23FF1F4B23FF1F80B400AF00BFBD46D9
:1096D00080BC704780B500AFFCF76AF800BF80BD62
:1096E00080B500AF0EF098FE0EF036FFFCF742FB9F
:1096F00013F04AFC00BF80BD80B500AF03F0C0F896
:10970000FFF7E2FCFDF79AF9FBF74CFFFCF716FDBB
:1097100000BF80BD80B500AF03F0DAF8FAF70EFAAB
:10972000FDF79EF900BF80BD80B500AFFEF78AF956
:1097300003F0D4F8FCF79AFB00BF80BD80B500AF02
:10974000FFF7BCFB03F0D2F800BF80BD80B400AFD0
:1097500000BFBD4680BC704780B500AF0A4B1B6898
:1097600003F00103084A1360074B1B6803F0010371
:10977000002B01D1EDF704FE034B1B680133024AB5
:10978000136000BF80BD00BF5023FF1F80B400AF37
:1097900000BFBD4680BC704780B400AF00BFBD466F
:1097A00080BC704780B400AF00BFBD4680BC70472E
:1097B00080B400AF00BFBD4680BC704780B483B0AA
:1097C00000AF0346FB71044AFB79137000BF0C37EE
:1097D000BD4680BC704700BF9523FF1F80B400AF1B
:1097E000024B1B781846BD4680BC70479523FF1F6F
:1097F00080B582B000AF0346FB71FB79002B01D02E
:10980000012200E00022054B1A70044B1B78184619
:1098100003F0B2F900BF0837BD4680BD5723FF1FD4
:1098200080B400AF024B1B781846BD4680BC704721
:109830005723FF1F80B483B000AF0346FB71044A77
:10984000FB79137000BF0C37BD4680BC704700BF6A
:109850009823FF1F80B483B000AF0346FB71044A16
:10986000FB79137000BF0C37BD4680BC704700BF4A
:109870009923FF1F80B400AF034B01221A7000BF71
:10988000BD4680BC704700BF9723FF1F80B400AF68
:10989000034B00221A7000BFBD4680BC704700BF5A
:1098A0009723FF1F80B400AF024B1B881846BD46AC
:1098B00080BC70479A23FF1F80B400AF024B1B7817
:1098C0001846BD4680BC70479623FF1F80B400AF8A
:1098D000024B1B781846BD4680BC70479823FF1F7B
:1098E00080B400AF024B1B781846BD4680BC704761
:1098F0009923FF1F80B500AF2B4B1B78012B19D18B
:109900002A4B1B78002B0AD0294B1B78AA2B48D056
:1099100000200AF08DF8264BAA221A7041E0244B51
:109920001B78AA2B3DD100200AF0DEF8204B002244
:109930001A7036E01F4B1B78002B06D01D4B0022FF
:109940001A701D4B4FF47A721A801B4B1B88002B28
:1099500005D0194B1B88013B9AB2174B1A80164B46
:109960001B88002B03D1154B1B78002B0ED00F4BFF
:109970001B78002B0AD0124B1B78022B12D0002030
:109980000AF056F80A4BAA221A700BE0084B1B7813
:10999000AA2B07D100200AF0A7F8054B00221A7065
:1099A00000E000BF80BD00BF5723FF1F9723FF1FAC
:1099B0009C23FF1F9523FF1F9A23FF1F7323FF1F65
:1099C0008027FF1F80B483B000AF0346FB71044AB9
:1099D000FB79137000BF0C37BD4680BC704700BFD9
:1099E0005423FF1F80B400AF024B1B781846BD46BE
:1099F00080BC70475423FF1F80B483B000AF034680
:109A0000FB71044AFB79137000BF0C37BD4680BC64
:109A1000704700BF5623FF1F80B400AF024B1B7876
:109A20001846BD4680BC70475623FF1F80B582B0E4
:109A300000AF0023FB71094B1B78002B07D102F00C
:109A4000FBFF0346012B02D10123FB7101E0002340
:109A5000FB71FB7918460837BD4680BD5623FF1FB2
:109A600080B500AFFFF7D8FF0346012B40F05B81C4
:109A7000AE4B1B78012B14D1AC4B00221A70EFF7C0
:109A8000DDFD06F017FF03461A46A94B1A80A94BC5
:109A90001B79C3F34013DBB21A46A74B1A70EFF7DA
:109AA000B5FDA24B5B78012B0ED1A04B00225A7062
:109AB000EFF7C4FDA14B5B79C3F38103DBB21A4618
:109AC0009F4B1A70EFF7A2FD984B9B78012B16D194
:109AD000964B00229A70EFF7B1FD9A4B1B78C3F3B7
:109AE000C203DBB21A46984B1A70964B1B78C3F32D
:109AF0008003DBB21A46954B1A70EFF787FD8B4B4C
:109B00001B79012B0BD1894B00221A71EFF796FDBF
:109B100006F0B2FE03468E4A1360EFF777FD834BE3
:109B2000DB78012B3AD1814B0022DA70EFF786FD0A
:109B3000884B9B78C3F30403DBB21A46864B1A703A
:109B4000844BDB78C3F30403DBB21A46834B1A70F1
:109B5000804B1B79C3F30503DBB21A46804B1A70A6
:109B60007C4B5B78C3F30303DBB21A467D4B1A7060
:109B7000784B5B79C3F30503DBB21A467A4B1A7054
:109B8000744B5B79C3F38013DBB21A46774B1A70C0
:109B9000704B1A78764B1A70EFF738FD634B5B7990
:109BA000012B0ED1614B00225A71EFF747FD714B2B
:109BB0001B78C3F30313DBB21A466F4B1A70EFF72F
:109BC00025FD5A4B9B79012B0ED1584B00229A71DF
:109BD000EFF734FD694B5B79C3F30313DBB21A462D
:109BE000674B1A70EFF712FD504BDB79012B7AD1DE
:109BF0004E4B0022DA71EFF721FD624B5B78C3F325
:109C00000103DBB21A46604B1A705E4B1B79C3F33B
:109C10000213DBB21A465D4B1A705A4B9B78C3F3A2
:109C20000103DBB21A465A4B1A70564B1B79C3F329
:109C30008103DBB21A46574B1A70524B1B78C3F3A1
:109C40008113DBB21A46544B1A704E4B1B78C3F388
:109C50000303DBB21A46514B1A704A4B1B79C3F30C
:109C60000103DBB21A464E4B1A70464B5A794D4BE4
:109C70001A70444BDB78C3F30103DBB21A464A4B3C
:109C80001A70404BDB78C3F38403DBB21A46474BB0
:109C90001A703C4B1B78C3F30113DBB21A46444BDA
:109CA0001A70384B9B78C3F38403DBB21A46414BDE
:109CB0001A70344B5B78C3F38403DBB21A463E4B15
:109CC0001A70304B9B79C3F38113DBB21A463B4BBE
:109CD0001A702C4B9B79C3F30113DBB21A46384B35
:109CE0001A70EFF793FC374BDB79002B05D1334B20
:109CF00000221A70324B00221A70324B5B78002B14
:109D000002D10F4B00221A702E4B1B79002B03D16E
:109D10000F4B6FF07F421A602A4BDB78002B02D189
:109D2000124B01221A7000BF80BD00BF6823FF1FC5
:109D30007023FF1FA438FF1F7223FF1F9C38FF1FD3
:109D40007323FF1FAC38FF1F7423FF1F7523FF1FF2
:109D50007823FF1FB438FF1F7C23FF1F7D23FF1FC5
:109D60007E23FF1F7F23FF1F8023FF1F8123FF1FF1
:109D70008223FF1FE438FF1F8323FF1FE838FF1FE4
:109D80008423FF1FBC38FF1F8523FF1F8623FF1F6F
:109D90008723FF1F8823FF1F8923FF1F8A23FF1F9D
:109DA0008B23FF1F8C23FF1F8D23FF1F8E23FF1F7D
:109DB0008F23FF1F9023FF1F9123FF1F9223FF1F5D
:109DC0009323FF1F6023FF1F80B400AF084B1B7855
:109DD0000133DAB2064B1A70054B1B78042B02D9FB
:109DE000034B05221A7000BFBD4680BC704700BF00
:109DF0005523FF1F80B400AF034B00221A7000BF31
:109E0000BD4680BC704700BF5523FF1F80B483B0A0
:109E100000AF0346FB71FB79034A0121D15400BF17
:109E20000C37BD4680BC70476823FF1F80B483B0E9
:109E300000AF03460A46FB711346BB71FB79044928
:109E4000BA79CA5400BF0C37BD4680BC704700BF0A
:109E50006023FF1F80B483B000AF0346FB71FB7922
:109E6000034AD35C18460C37BD4680BC704700BF20
:109E70006023FF1F80B483B000AF494B01221A70EA
:109E8000484B00221A70484B00221A70474B0022A0
:109E90001A80474B00221A70464B00221A70464B1C
:109EA00000221A70454B00221A70454B00221A609E
:109EB000444B00221A70444B00221A70434B00227C
:109EC0001A70434B00221A70424B00221A70424B08
:109ED00000221A70414B00221A70414B02221A7064
:109EE000404B00221A70404B00221A703F4B002258
:109EF0001A703F4B00221A703E4B00221A703E4BE4
:109F000000221A703D4B00221A703D4B00221A703D
:109F10003C4B00221A703C4B00221A703B4B002233
:109F20001A703B4B00221A703A4B00221A703A4BBF
:109F300000221A70394B00221A70394B00221A7015
:109F40000023FB710EE0FB79364A0121D154FB79E5
:109F5000354A0021D154FB79344A0021D154FB7990
:109F60000133FB71FB79072BEDD9314B00221A70BD
:109F7000304B00221A70304B00221A802F4B0022E7
:109F80001A702F4B00221A702E4B00221A702E4B83
:109F900000221A7000BF0C37BD4680BC704700BF5E
:109FA0005623FF1F5423FF1F5523FF1F7023FF1F3E
:109FB0007223FF1F7323FF1F7423FF1F7523FF1FCF
:109FC0007823FF1F7C23FF1F7D23FF1F7E23FF1F9E
:109FD0007F23FF1F8023FF1F8123FF1F8223FF1F7B
:109FE0008323FF1F8423FF1F8523FF1F8623FF1F5B
:109FF0008723FF1F8823FF1F8923FF1F8A23FF1F3B
:10A000008B23FF1F8C23FF1F8D23FF1F8E23FF1F1A
:10A010008F23FF1F9023FF1F9123FF1F9223FF1FFA
:10A020009323FF1F6023FF1F6823FF1F5823FF1F79
:10A030009423FF1F9523FF1F9A23FF1F9623FF1FC3
:10A040009723FF1F9823FF1F9923FF1F80B500AFA1
:10A05000FFF706FDFFF74EFC00F00AF8034B1B78F4
:10A06000002B01D1FFF7FCFC00BF80BD7827FF1F4C
:10A0700080B483B000AF0023FB71074B1B78042B27
:10A0800002D90123FB7101E00023FB71FB79184623
:10A090000C37BD4680BC70475523FF1F80B400AF0E
:10A0A000024B1B881846BD4680BC70477023FF1FBB
:10A0B00080B400AF024B1B781846BD4680BC704789
:10A0C0007223FF1F80B400AF024B1B781846BD46B9
:10A0D00080BC70477323FF1F80B400AF024B1B7816
:10A0E0001846BD4680BC70477423FF1F80B400AF84
:10A0F000024B1B781846BD4680BC70477523FF1F76
:10A1000080B400AF024B1B681846BD4680BC704748
:10A110007823FF1F80B400AF024B1B781846BD4662
:10A1200080BC70477C23FF1F80B400AF024B1B78BC
:10A130001846BD4680BC70477D23FF1F80B400AF2A
:10A14000024B1B781846BD4680BC70477E23FF1F1C
:10A1500080B400AF024B1B781846BD4680BC7047E8
:10A160007F23FF1F80B400AF024B1B781846BD460B
:10A1700080BC70478023FF1F80B400AF024B1B7868
:10A180001846BD4680BC70478223FF1F80B400AFD5
:10A19000024B1B781846BD4680BC70478323FF1FC7
:10A1A00080B400AF024B1B781846BD4680BC704798
:10A1B0008623FF1F80B400AF024B1B781846BD46B4
:10A1C00080BC70478923FF1F80B400AF024B1B780F
:10A1D0001846BD4680BC70478A23FF1F80B400AF7D
:10A1E000024B1B781846BD4680BC70478C23FF1F6E
:10A1F00080B400AF024B1B781846BD4680BC704748
:10A200008D23FF1F80B400AF024B1B781846BD465C
:10A2100080BC70478F23FF1F80B400AF024B1B78B8
:10A220001846BD4680BC70479023FF1F80B400AF26
:10A23000024B1B781846BD4680BC70479123FF1F18
:10A2400080B483B000AF0023FB7109E0094B012209
:10A25000DA71FB79084A0021D154FB790133FB7193
:10A26000FB79072BF2D900BF00BF0C37BD4680BC7D
:10A27000704700BF6023FF1F6823FF1F80B584B0B5
:10A2800000AF78600123FB737B685B6806331B8833
:10A290009BB29B109BB2C3F30A03BB817B685B68D4
:10A2A0001B78DBB203F00F03FB72BB89B3F5806F41
:10A2B00045D3BB89B3F5A06F41D2FB7A082B3BD1C4
:10A2C0007B689B6801331B78DBB223F01903DBB298
:10A2D000002B31D17B689B6802331B78DBB2002BEB
:10A2E0002AD17B689B6803331B78DBB2002B23D118
:10A2F0007B689B6804331B78DBB2002B1CD17B6826
:10A300009B6805331B78DBB203F07F03DBB2002BC5
:10A3100012D17B689B6806331B78DBB2002B0BD114
:10A320000123FB730120FFF795FA7B689B681B787C
:10A33000DAB2244B1A703FE00023FB733CE0BB8988
:10A3400040F27772934204D0BB8940F2DF729342AD
:10A350002DD11D4B1B78022B02D10023FB732BE068
:10A360007B689B681B78DBB2022B06D17B689B68FD
:10A3700001331B78DBB2112B16D07B689B681B78EE
:10A38000DBB2022B0DD17B689B6801331B78DBB2FB
:10A39000102B06D17B689B6802331B78DBB2022B43
:10A3A00002D00120FFF70AFA0123FB7304E0074BF8
:10A3B00000221A800123FB73FB7B18461037BD4631
:10A3C00080BD00BF9F23FF1F8027FF1FA023FF1F0B
:10A3D00080B582B000AF0346FB80FFF70BFD094B51
:10A3E0000A221A70EFF72AF9074BDB78DBB223F069
:10A3F0002003DAB2044BDA70EFF708F900BF083730
:10A40000BD4680BDFC38FF1F083AFF1F80B582B0F3
:10A4100000AF0346FB80FFF7EDFC094B0A221A70E0
:10A42000EFF70CF9074B9B78DBB223F02003DAB28D
:10A43000044B9A70EFF7EAF800BF0837BD4680BDBD
:10A44000FC38FF1F083AFF1F80B582B000AF0346FB
:10A45000FB80FFF7CFFC094B0A221A70EFF7EEF8EA
:10A46000074B5B78DBB223F02003DAB2044B5A705F
:10A47000EFF7CCF800BF0837BD4680BDFC38FF1FA2
:10A48000083AFF1F80B582B000AF0346FB80FFF79C
:10A49000B1FC0B4B0A221A700020FFF7DBF9EFF733
:10A4A000CDF8084B1B78DBB223F02003DAB2054B62
:10A4B0001A70EFF7ABF800BF0837BD4680BD00BF8C
:10A4C000FC38FF1F083AFF1F80B584B000AF3B1D6A
:10A4D00083E80700EFF7B2F8FFF7F8F90346002B1F
:10A4E00007D0304BDB7843F00103DAB22D4BDA7042
:10A4F00006E02C4BDB7823F00103DAB2294BDA704B
:10A50000FFF7EEF90346002B07D0264BDB7943F02B
:10A510000203DAB2234BDA7106E0224BDB7923F037
:10A520000203DAB21F4BDA71FFF7BCF90346002BC6
:10A5300007D01C4BDB7943F00403DAB2194BDA7114
:10A5400006E0184BDB7923F00403DAB2154BDA711D
:10A55000154B5B7903F00C03DBB2002B07D0114BDA
:10A56000DB7943F00103DAB20E4BDA7106E00D4BF2
:10A57000DB7923F00103DAB20A4BDA71EFF746F820
:10A58000EFF75CF8094B1B78DBB243F02003DAB23B
:10A59000064B1A70EFF73AF8012318461037BD46FC
:10A5A00080BD00BFCC38FF1F9C38FF1F083AFF1F3B
:10A5B00080B588B000AF3B1D83E807000023FB7720
:10A5C0001B4A07F1140392E8030018600433198052
:10A5D00007F11D0207F11E031946002008F00EFFC7
:10A5E0000346002B0AD1BB7F052B02D10023FB754C
:10A5F00004E0BB7F042B01D18023FB750D4B1B783E
:10A600007B760023FB770BE0FA7FFB7F023320325F
:10A610003A4412F80C1C084AD154FB7F0133FB77F3
:10A62000FB7F052BF0D9012318462037BD4680BD9E
:10A630001C0903009F23FF1FF038FF1F80B584B063
:10A6400000AF3B1D83E80700EEF7F8FF074B5B7890
:10A65000DBB243F02003DAB2044B5A70EEF7D6FFB8
:10A66000012318461037BD4680BD00BF083AFF1FC2
:10A6700080B584B000AF3B1D83E80700EEF7DEFF36
:10A68000074B9B78DBB243F02003DAB2044B9A709D
:10A69000EEF7BCFF012318461037BD4680BD00BF52
:10A6A000083AFF1F80B586B000AF3B1D83E8070066
:10A6B000244BDB78FB75FB7D03F00303BB75224B5A
:10A6C0001B78012B02D1BB7D022B03D01F4B1B78C3
:10A6D000002B09D01D4B1B78032B05D81B4B1B7877
:10A6E0000133DAB2194B1A70BB7D012B02D1174B23
:10A6F00000221A70144ABB7D1370144B1B78032B75
:10A700000FD90023BB75104ABB7D1370EEF796FF7F
:10A710000C4BDB7823F00303DAB20A4BDA70EEF766
:10A7200075FFEEF78BFF0A4BDB78DBB243F02003BB
:10A73000DAB2074BDA70EEF769FF012318461837D3
:10A74000BD4680BDC438FF1FA223FF1FA323FF1FE8
:10A75000083AFF1F80B400AF034B01221A7000BFFC
:10A76000BD4680BC704700BF9D23FF1F80B400AF73
:10A77000034B00221A7000BFBD4680BC704700BF6B
:10A780009D23FF1F80B483B000AF0346FB71044AD2
:10A79000FB79137000BF0C37BD4680BC704700BF0B
:10A7A0009E23FF1F80B500AF0020FFF70BF909F0D3
:10A7B0008BFE00BF80BD80B500AF0120FFF702F91E
:10A7C000FFF702FB00BF80BD80B400AF00BFBD46F5
:10A7D00080BC704780B400AF00BFBD4680BC7047EE
:10A7E00080B500AF0020FFF7EDF8FFF703FB00BFD7
:10A7F00080BD80B400AF00BFBD4680BC704780B450
:10A8000085B000AF0346FB71FB79002B02D1012319
:10A81000FB7302E00023FB7300BFFB7B1846143779
:10A82000BD4680BC704780B400AF00BFBD4680BC51
:10A83000704780B400AF00BFBD4680BC704780B594
:10A8400000AF0120FFF7D8F8FFF784FF00BF80BDFD
:10A8500080B500AF0120FFF7CFF800BF80BD80B505
:10A8600000AF0020FFF7C8F80020FEF7E3FFFFF776
:10A870007DFF00BF80BD80B582B000AF0346FB7195
:10A880000B46BB7113467B71BB79012B0FD17B79D2
:10A89000052B0CD1FEF7EEFF0120FFF773FFFFF74A
:10A8A0001FF80346012B02D10120FEF7C3FF7B797D
:10A8B000012B01D1FEF7EAFF7B79022B07D1FEF7CE
:10A8C0008DFF0346002B02D0002004F05FFE00BF86
:10A8D0000837BD4680BD80B582B000AF0346FB801F
:10A8E00001210020FFF7A2FA0020FFF78FFA00BF36
:10A8F0000837BD4680BD80B582B000AF0346FB80FF
:10A9000001210120FFF792FA0120FFF77FFA00BF33
:10A910000837BD4680BD80B582B000AF0346FB80DE
:10A9200001210220FFF782FA0220FFF76FFA00BF31
:10A930000837BD4680BD80B582B000AF0346FB80BE
:10A9400001210320FFF772FA0320FFF75FFA00BF2F
:10A950000837BD4680BD80B582B000AF0346FB809E
:10A9600001210420FFF762FA0420FFF74FFA00BF2D
:10A970000837BD4680BD80B582B000AF0346FB807E
:10A9800001210520FFF752FA0520FFF73FFA00BF2B
:10A990000837BD4680BD80B582B000AF0346FB805E
:10A9A00001210620FFF742FA0620FFF72FFA00BF29
:10A9B0000837BD4680BD80B582B000AF0346FB803E
:10A9C00001210720FFF732FA0720FFF71FFA00BF27
:10A9D0000837BD4680BD80B500AF00210020FFF7DD
:10A9E00025FA00BF80BD000080B500AF0021012026
:10A9F000FFF71CFA034A53796FF38303537100BFC7
:10AA000080BD00BF9C38FF1F80B500AF0021022031
:10AA1000FFF70CFA00BF80BD80B500AF0021032016
:10AA2000FFF704FA00BF80BD80B500AF002104200D
:10AA3000FFF7FCF900BF80BD80B500AF0021052005
:10AA4000FFF7F4F900BF80BD80B500AF00210620FC
:10AA5000FFF7ECF900BF80BD80B500AF00210720F3
:10AA6000FFF7E4F900BF80BD80B584B000AF786027
:10AA70007B685B6806331B889BB29B109BB2C3F359
:10AA80000A03BB817B689B681B78DBB2302B1BD130
:10AA9000BB8940F2DF72934202D10023FB7315E0C1
:10AAA000BB8940F2777293420BD1104B1B8840F266
:10AAB000DF72934202D140F27773BB810123FB73B3
:10AAC00004E00123FB7301E00123FB73074ABB8908
:10AAD0001380BB891A4640F27F7100200CF040FBC6
:10AAE000FB7B18461037BD4680BD00BFA423FF1F67
:10AAF00080B485B000AF0346FB710023FB73FB7984
:10AB0000772B02D10123FB7307E0FB79DF2B02D106
:10AB10000223FB7301E00023FB73FB7B1846143711
:10AB2000BD4680BC7047000080B584B000AF78603F
:10AB30007B6801331B781B021AB27B6802331B78D7
:10AB40001BB213431BB2FB8109E0174B1B88013377
:10AB50009AB2154B1A80FAF795F9FAF703FA124BE5
:10AB60001B88B3F5967FF0D30F4B00221A807B68C9
:10AB70001B78012B0DD1FB89B3F57A6F02D94FF405
:10AB80007A63FB81FB891A46022100200FF070FADC
:10AB900004E00022032100200FF06AFA0023184687
:10ABA0001037BD4680BD00BFA623FF1F80B582B011
:10ABB00000AF78607B681B78012B14D17B68013370
:10ABC0001B78642B05D96422022102200FF050FA71
:10ABD0000EE07B6801331B789BB21A4602210220EB
:10ABE0000FF046FA04E00022032102200FF040FAA1
:10ABF0007B6802331B78012B14D17B6803331B78ED
:10AC0000642B05D96422022106200FF031FA0EE0F0
:10AC10007B6803331B789BB21A46022106200FF093
:10AC200027FA04E00022032101200FF021FA7B68BB
:10AC300004331B78012B14D17B6805331B78642BFC
:10AC400005D96422022103200FF012FA0EE07B687E
:10AC500005331B789BB21A46022103200FF008FA35
:10AC600004E00022032103200FF002FA002318461B
:10AC70000837BD4680BD80B582B000AF78607B6884
:10AC80001B78012B09D17B6801331B789BB21A46D4
:10AC9000022100200FF052FA04E0002203210020DC
:10ACA0000FF04CFA002318460837BD4680BD80B52A
:10ACB00082B000AF78607B681B78012B14D17B6871
:10ACC00001331B78642B05D96422022104200FF084
:10ACD000CFF90EE07B6801331B789BB21A46022144
:10ACE00004200FF0C5F904E00022032104200FF036
:10ACF000BFF9002318460837BD4680BD80B582B035
:10AD000000AF78607B681B78012B14D17B6801331E
:10AD10001B78642B05D96422022106200FF0A8F9C4
:10AD20000EE07B6801331B789BB21A460221062095
:10AD30000FF09EF904E00022032106200FF098F99D
:10AD40007B6802331B78012B14D17B6803331B789B
:10AD5000642B05D96422022105200FF089F90EE049
:10AD60007B6803331B789BB21A46022105200FF043
:10AD70007FF904E00022032105200FF079F9002378
:10AD800018460837BD4680BD80B584B000AF034685
:10AD90000A46FB711346BB800023FB60BA88FB792F
:10ADA0001146184603F0C6FBF860FB68002B12D072
:10ADB000FA790B4913465B001344DB000B44103354
:10ADC0001B79C3F30203DBB2012B04D140F27F7184
:10ADD00000200CF0E9F9FB6818461037BD4680BD2D
:10ADE000383AFF1F80B584B000AF03460A46FB71B6
:10ADF0001346BB80FA79104913465B001344DB000D
:10AE00000B4410331B79C3F30203DBB2FB73BA8824
:10AE1000FB791146184603F00BFCFB7B012B06D196
:10AE200040F2777240F27F7100200CF099F900BF78
:10AE30001037BD4680BD00BF383AFF1F80B584B0D3
:10AE400000AF78607868F8F701FF0346FB73FB7B7F
:10AE500018461037BD4680BD80B584B000AF78601D
:10AE60007868F8F7A1FE0346FB73FB7B18461037A2
:10AE7000BD4680BD80B584B000AF78607868F8F7D3
:10AE800037FF0346FB73FB7B18461037BD4680BD7A
:10AE900080B584B000AF78607868F8F769FF034642
:10AEA000FB73FB7B18461037BD4680BD80B584B070
:10AEB00000AF78607868F8F79BFF0346FB73FB7B75
:10AEC00018461037BD4680BD80B584B000AF7860AD
:10AED0007868F9F725F80346FB73FB7B18461037B3
:10AEE000BD4680BD80B584B000AF78607868F9F762
:10AEF00021F80346FB73FB7B18461037BD4680BD27
:10AF000080B584B000AF78607868F9F7F1F803464F
:10AF1000FB73FB7B18461037BD4680BD80B584B0FF
:10AF200000AF78607868F9F735F90346FB73FB7B6F
:10AF300018461037BD4680BD80B584B000AF78603C
:10AF40007868F9F743F90346FB73FB7B1846103723
:10AF5000BD4680BD80B584B000AF78607868F9F7F1
:10AF600051F90346FB73FB7B18461037BD4680BD85
:10AF700080B584B000AF78607868F9F75FF9034670
:10AF8000FB73FB7B18461037BD4680BD80B584B08F
:10AF900000AF78607868F9F76FF90346FB73FB7BC5
:10AFA00018461037BD4680BD80B584B000AF7860CC
:10AFB0007868F9F77FF90346FB73FB7B1846103777
:10AFC000BD4680BD80B584B000AF78607868F9F781
:10AFD0007FF90346FB73FB7B18461037BD4680BDE7
:10AFE00080B584B000AF78607868F9F79DF90346C2
:10AFF000FB73FB7B18461037BD4680BD80B584B01F
:10B0000000AF78607868F9F7ABF90346FB73FB7B18
:10B0100018461037BD4680BD80B584B000AF78605B
:10B020007868F9F7B9F90346FB73FB7B18461037CC
:10B03000BD4680BD80B584B000AF78607868F9F710
:10B04000C7F90346FB73FB7B18461037BD4680BD2E
:10B0500080B584B000AF78607868F9F7C6F9034628
:10B06000FB73FB7B18461037BD4680BD80B584B0AE
:10B0700000AF78607868F9F7C5F90346FB73FB7B8E
:10B0800018461037BD4680BD80B584B000AF7860EB
:10B090007868F9F70BFA0346FB73FB7B1846103709
:10B0A000BD4680BD80B584B000AF78607868F9F7A0
:10B0B000D3FB0346FB73FB7B18461037BD4680BDB0
:10B0C00080B584B000AF78607868F9F735FC034646
:10B0D000FB73FB7B18461037BD4680BD80B584B03E
:10B0E00000AF78607868F9F7ABFD0346FB73FB7B34
:10B0F00018461037BD4680BD80B584B000AF78607B
:10B100007868F9F7B9FD0346FB73FB7B18461037E7
:10B11000BD4680BD80B584B000AF78607868F9F72F
:10B12000B5FD0346FB73FB7B18461037BD4680BD5B
:10B1300080B584B000AF78607868F9F7B5FD034654
:10B14000FB73FB7B18461037BD4680BD80B584B0CD
:10B1500000AF78607868F9F715FE0346FB73FB7B58
:10B1600018461037BD4680BD80B400AF00BFBD4655
:10B1700080BC704780B584B000AF0023FB73A04B48
:10B1800001221A70FFF7F0FFF8F770FCF8F78EFF56
:10B190000023FB7302E1FB7B9A4A1B011344073334
:10B1A0001B789BB23A4611461846FCF7F5FF03465A
:10B1B000BB73BB7B012B40F0AF80FA7B38789249A0
:10B1C00013465B001344DB000B4402461A70FB7805
:10B1D0001A04BB781B0213437A781146FA7B194391
:10B1E000894813465B001344DB00034404331960B1
:10B1F000FA7B3879844913465B001344DB000B4427
:10B20000083302461A70BB791B021AB27B791BB253
:10B2100013431BB2FA7B98B27B4913465B0013447D
:10B22000DB000B440A3302461A80FA7BF879764930
:10B2300013465B001344DB000B440C3302461A70C8
:10B24000FA7B387A704913465B001344DB000B44E9
:10B250000D3302461A70FA7B787A6B4913465B000D
:10B260001344DB000B440E3302461A70FA7BB87AA3
:10B27000654913465B001344DB000B440F33024661
:10B280001A70FA7BF87A604913465B001344DB00BE
:10B290000B44103302461A70FA7B387B5A49134626
:10B2A0005B001344DB000B44113302461A70FA7B37
:10B2B000554913465B001344DB000B441B785BB21B
:10B2C0001B115BB2DAB2FB7B02F00802D1B24F4A2B
:10B2D000DB0013440A461A71FA7B4B4913465B00A4
:10B2E0001344DB000B441A78FB7B02F07F02D1B2DF
:10B2F000474A02F81310FA7B434913465B00134494
:10B30000DB000B441B789B11DAB2FB7B02F00102DD
:10B31000D1B2404AD1540AE0FB7B3C4ADB001344E3
:10B3200000221A71FB7B3A4A002102F81310FB7BC2
:10B33000394A0021D154FB7B344A002122F83310D2
:10B34000FB7B324ADB00134400229A70FB7B2F4ABE
:10B35000DB0013440022DA70FB7B2D4A5B001344B0
:10B3600000225A70FB7B2D4A0021D154FA7BFB7BD3
:10B37000244912010A440F321178294AD154FB7B27
:10B38000224ADB00134400225A71FB7B1F4ADB0078
:10B39000134400229A71FB7B0133FB73FB7B122B5E
:10B3A0007FF6F9AE0023FB7307E0FB7B1D4A00210B
:10B3B00022F81310FB7B0133FB73FB7B042BF4D9C6
:10B3C000194B00221A70184B00225A70174B022298
:10B3D0001A70174B00221A70164B00221A70164B67
:10B3E00000221A60154B00221A70154B01221A70A8
:10B3F000144B00221A7000BF1037BD4680BD00BF3D
:10B400009426FF1FB42203007C24FF1FA823FF1FE4
:10B410004024FF1F4426FF1F5826FF1F6C26FF1FD6
:10B420008026FF1F6C24FF1F6824FF1F9326FF1F29
:10B430007724FF1F7624FF1F7824FF1F4627FF1F56
:10B440004727FF1F4827FF1F80B500AF00F0D2F944
:10B4500000F02EFC0CF056FD01F0A8F800BF80BDF6
:10B4600080B500AF00F066F900F0DEF801F004F8F6
:10B4700001F06EF801F032F8F9F7B2FA00BF80BDC2
:10B4800080B582B000AF0346FB71FB79122B00F24E
:10B49000BA80FB795E4A1B0113440E331B787F2B65
:10B4A00000F0B180FB795B4A5B0013445B78012BB1
:10B4B00040F0A980FB79584ADB0013449B78002BAD
:10B4C00040F0A180FB79544ADB0013441B7903F060
:10B4D0000803002B00F09180FB794F4ADB001344F6
:10B4E0001B7903F00103002B40F08780FB794A4A67
:10B4F000DB0013445B79002B79D1FB79454A12F8C4
:10B5000013200132D1B2434A02F81310FB79414AA9
:10B5100012F81320FB793E491B010B440E331B78B4
:10B520009A420ED2FB79FA793A4911F813003B4955
:10B5300013465B001344DB000B44163302461A70BB
:10B5400051E0FB79334A12F81320FB7930491B0193
:10B550000B440E331B789A4245D9FA792F4913468A
:10B560005B001344DB000B4415331B780133D8B266
:10B570002A4913465B001344DB000B441533024693
:10B580001A70FB79FA7922491B010B440E331878A3
:10B59000224913465B001344DB000B44163302467A
:10B5A0001A70FB791B4A002102F81310FB791A4A22
:10B5B000DB0013441A79FB7922F00802D1B2164A53
:10B5C000DB0013440A461A71FA79144913465B00EA
:10B5D0001344DB000B4400221A7000F0D3FBFB790C
:10B5E0000F4A0021D154FB790E4A0121D154FB7935
:10B5F000094ADB00134400225A71FB79054A5B00BB
:10B60000134400225A7000BF0837BD4680BD00BFFA
:10B61000B42203004024FF1FA823FF1F7C24FF1F28
:10B620004426FF1F6C26FF1F80B483B000AF0023A9
:10B63000FB716BE03A4B1B781A46FB7922FA03F355
:10B6400003F00103002B42D0354B5B781A46FB799F
:10B6500022FA03F303F00103002B54D1FB79314AA2
:10B6600032F81320FB793049CB5C9BB29A4224D349
:10B670002B4B5A78FB79012101FA03F3DBB2134318
:10B68000DAB2274B5A70FB79002B3CD10023BB71F7
:10B6900008E0BB79254A5B00134401225A70BB794C
:10B6A0000133BB71BB79122BF3D9214B1B7843F0CB
:10B6B0000103DAB21E4B1A7025E0FB79194A32F801
:10B6C0001320013291B2174A22F813101BE0FB79C4
:10B6D000144A002122F81310114B5A78FB790121EA
:10B6E00001FA03F3DBB2DB43DBB21340DAB20C4BFB
:10B6F0005A70FB79002B06D10D4B1B7823F0010308
:10B70000DAB20B4B1A70FB790133FB71FB79042B16
:10B7100090D900BF00BF0C37BD4680BC704700BF4A
:10B720006824FF1F6C24FF1F702203004024FF1FAA
:10B730009326FF1F80B582B000AF0023FB7100236A
:10B74000BB7148E0BB79284A52F82330002B3FD028
:10B75000BB79254A52F8233098470346012B0BD179
:10B76000224B1A78BB79012101FA03F3DBB21343B0
:10B77000DAB21E4B1A702BE01C4B1A78BB790121F0
:10B7800001FA03F3DBB2DB43DBB21340DAB2174B4F
:10B790001A70BB79002B1BD10023FB7115E0FB79DC
:10B7A000134ADB0013449B79012B05D1FB79104A26
:10B7B000DB00134401225A71FB790D4ADB0013446C
:10B7C00000229A71FB790133FB71FB79122BE6D9C8
:10B7D000BB790133BB71BB79042BB3D900BF00BF68
:10B7E0000837BD4680BD00BF5C2203006824FF1FF0
:10B7F000A823FF1F80B582B000AF0023FB711A4B56
:10B800001B78002B29D00023FB711FE0FB79174A1E
:10B81000D35C012B17D1164B1B78012B13D1FB796D
:10B82000184600F027F80346012B03D1FB79184690
:10B8300000F0A4F8FB791846FFF722FEFB790121FE
:10B84000184600F061F9FB790133FB71FB79122B8B
:10B85000DCD9054B00221A7002E0034BAA221A70B1
:10B8600000BF0837BD4680BDC047FF1F8026FF1FB1
:10B870009426FF1F80B584B000AF0346FB71002300
:10B88000FB73FB79122B6CD8FB79384A1B011344EC
:10B890000D331A78364B1B781340DAB2FB793349F3
:10B8A0001B010B440D331B789A425AD1314B5B7804
:10B8B0001946FB792D4A1B0113440A331B880B40A0
:10B8C000FA792A4912010A440A321288934248D16D
:10B8D000FB79264A1B0113441B68002B3FD0FB79E0
:10B8E000224A1B0113441B6898470346012B18D0BA
:10B8F000FB79214ADB001344DB78012B2FD1FB7944
:10B900001D4ADB0013440022DA70FB791A4ADB007F
:10B91000134404229A70FB79174A002122F833104D
:10B920001DE0FB79144ADB001344DB78002B16D1B1
:10B93000FB79114ADB00134401229A71FB790E4A0C
:10B94000DB0013440122DA70FB790B4ADB0013445D
:10B9500005229A70FB79084A002122F8331001234E
:10B96000FB73FB7B18461037BD4680BDB422030035
:10B970009326FF1F6824FF1FA823FF1F80B582B0F6
:10B9800000AF0346FB71FB79122B00F2AD80FB790F
:10B99000574ADB0013449B78042B42D1FB79544A6D
:10B9A00032F833301846FB79524A1B0113440833EE
:10B9B0001B781946504A0B465B000B449B0013440E
:10B9C00004331B68984222D3FB79494ADB001344B5
:10B9D00000229A70FB79464A002122F83310FB7945
:10B9E000434ADB0013441A79FB7922F00102D1B2F9
:10B9F0003F4ADB0013440A461A71FB793F4A002193
:10BA0000D154FB793E4A002102F813106CE0FB7917
:10BA1000374A32F83320013291B2354A22F83310D6
:10BA200062E0FB79324ADB0013449B78052B5BD143
:10BA3000FB792F4A32F83320FB792E491B010B4446
:10BA400008331B7818462C4903465B0003449B00CF
:10BA50000B4408331B889A423DD3FB79244ADB0010
:10BA6000134400229A70FB79214A002122F83310F6
:10BA7000FB791F4ADB0013441A79FB7942F001027B
:10BA8000D1B21B4ADB0013440A461A71FB79184AEB
:10BA9000DB0013441A79FB7942F00802D1B2144A50
:10BAA000DB0013440A461A71FB79144AD35C002B5D
:10BAB00007D1FB79184600F013F9FB790F4A0121F1
:10BAC000D154FB790E4A002102F81310FB790D4A7C
:10BAD0000121D15408E0FB79054A32F833200132C4
:10BAE00091B2034A22F8331000BF0837BD4680BD2B
:10BAF000A823FF1FB4220300782203004426FF1F5F
:10BB00004024FF1F6C26FF1F80B588B000AF03469E
:10BB10000A46FB711346BB71FB79122B00F2BA8007
:10BB2000BB79002B00F0B680FB795C4AD35C012B1B
:10BB300040F0B080FA795A4913465B001344DB00A9
:10BB40000B440A331B88FB83FA79554913465B0083
:10BB50001344DB000B4404331B68BB61FB79514A7F
:10BB6000DB0013441B7903F00803002B1FD0FA7984
:10BB70004B4913465B001344DB000B4480221A70D0
:10BB8000FA79474913465B001344DB000B441978EC
:10BB9000FB79454A12F81330FA790B43D8B2404981
:10BBA00013465B001344DB000B4402461A70FA791B
:10BBB0003B4913465B001344DB000B441B783B728C
:10BBC000BB69DBB27B72BB691B0ADBB2BB72BB69B0
:10BBD0001B0CDBB2FB72FA79314913465B0013444C
:10BBE000DB000B4408331B783B73FB8BDBB27B73AE
:10BBF000FB8B1B0A9BB2DBB2BB73FA792849134655
:10BC00005B001344DB000B440C331B78FB73FA79A5
:10BC1000234913465B001344DB000B440D331B78B0
:10BC20003B74FA791E4913465B001344DB000B4456
:10BC30000E331B787B74FA79194913465B00134461
:10BC4000DB000B440F331B78BB74FA79144913469D
:10BC50005B001344DB000B4410331B78FB74FA7950
:10BC60000F4913465B001344DB000B4411331B7870
:10BC70003B75FB790D4A1B01134407331B789BB2BC
:10BC800007F1080211461846FCF7E0FAFB79034A6F
:10BC90000021D15400BF2037BD4680BD6C26FF1F58
:10BCA0007C24FF1FA823FF1F4024FF1FB422030092
:10BCB00080B582B000AF0023FB7107E0FB79012162
:10BCC0001846FFF721FFFB790133FB71FB79122B3B
:10BCD000F4D900BF00BF0837BD4680BD000000009A
:10BCE00090B587B000AF0346FB71FEF709FA034633
:10BCF000BB600320F9F740FD03461846EAF7B4F9A4
:10BD00001DA3D3E90023EAF743FB02460B46104686
:10BD10001946EAF7D5FC0346DBB23B73FEF7BEF9E2
:10BD20000346FB810BF026FC03463B740BF014FC2E
:10BD300003467B740BF009FC0346BB740BF0FEFB5F
:10BD40000346FB740BF00FFC03463B750BF019FC2C
:10BD50000346DBB27B75FA79094913465B0013444D
:10BD6000DB000B441C1D07F108030FCB84E80F0018
:10BD700000BF1C37BD4690BD9A99999999992E405C
:10BD80007C24FF1F80B483B000AF0023FB7160E010
:10BD9000FA79344913465B001344DB000B44043347
:10BDA00000221A60FA792F4913465B001344DB0026
:10BDB0000B44083300221A70FA792A4913465B00B3
:10BDC0001344DB000B440A3300221A80FA79254918
:10BDD00013465B001344DB000B440C3300221A7043
:10BDE000FA79204913465B001344DB000B440D3302
:10BDF00000221A70FA791B4913465B001344DB00DA
:10BE00000B440E3300221A70FA79164913465B0070
:10BE10001344DB000B440F3300221A70FA791149E6
:10BE200013465B001344DB000B44103300221A70EE
:10BE3000FA790C4913465B001344DB000B441133C1
:10BE400000221A70FB79084A0021D154FB79013392
:10BE5000FB71FB79122B9BD900BF00BF0C37BD468D
:10BE600080BC70477C24FF1F4426FF1F80B483B032
:10BE700000AF78607B6809221A70002318460C37DF
:10BE8000BD4680BC7047000080B485B000AF7860CC
:10BE90000B46FB700023BB810023FB7317E0FB7B89
:10BEA000114ADB0013441A79FB781340DBB2002BF4
:10BEB0000AD0BB899BB219460C4AFB7B5354BB8901
:10BEC0009BB201339BB2BB81FB7B0133FB73FB7BDA
:10BED000132BE4D9BB899AB27B681A8000231846D9
:10BEE0001437BD4680BC7047A823FF1F5826FF1F8C
:10BEF00080B487B000AFF860B9601346FB80FB8860
:10BF0000134AD35CFB75FB7D124A1B0113440433B7
:10BF10001B881B023B61FB7D0E4A1B011344063349
:10BF20001B781A463B6913433B61FB683A691A6008
:10BF3000FB7D094ADB0013441B7903F00903DAB2E5
:10BF4000BB681A70002318461C37BD4680BC70477A
:10BF50005826FF1FB4220300A823FF1F80B586B018
:10BF600000AFF860B9607A60B968F86800F08EF8E0
:10BF70000346BB82BB8A4FF6FF7293420CD0BB8A4A
:10BF8000094ADB0013441B7903F00903DAB27B682A
:10BF90001A700023FB7501E00123FB75FB7D184639
:10BFA0001837BD4680BD00BFA823FF1F80B487B0EF
:10BFB00000AFF860B9601346FB71FB790F4A1B01B3
:10BFC000134404331B881B027B61FB790B4A1B0162
:10BFD000134406331B781A467B6913437B61FB6865
:10BFE0007A691A60FB79064ADB0013441A79BB6848
:10BFF0001A7000BF1C37BD4680BC7047B4220300D6
:10C00000A823FF1F80B584B000AF78607B686FF015
:10C010007F4293422BD10023FB7322E0FB7B174A24
:10C02000DB00134400221A71FB7B144ADB0013442B
:10C030000022DA70FB7B124A002102F81310FA7B0F
:10C04000104913465B001344DB000B4400221A70B6
:10C05000FFF798FEFB7B0C4A0121D154FB7B013397
:10C06000FB73FB7B122BD9D90023BB7301E00123A7
:10C07000BB73BB7B18461037BD4680BDA823FF1F8E
:10C080004024FF1F7C24FF1F6C26FF1F80B485B057
:10C0900000AF786039604FF6FF73BB810023FB81EE
:10C0A0001AE0FB89114A1B01134404331B881B024D
:10C0B000FA890E4912010A440632127813440C4AD6
:10C0C00013600B4B1B687A689A4202D1FB89BB81D3
:10C0D00005E0FB890133FB81FB89132BE1D9BB8987
:10C0E00018461437BD4680BC704700BFB422030019
:10C0F0004C27FF1F80B400AF054B00221A70054B80
:10C1000001221A7000231846BD4680BC704700BF4C
:10C110007624FF1F9426FF1F80B400AF054B012239
:10C120001A70054B00221A7000231846BD4680BCC9
:10C13000704700BF7624FF1F9426FF1F80B483B092
:10C1400000AF0023FB71074B5B781F2B02D101234B
:10C15000FB7101E00023FB71FB7918460C37BD46EB
:10C1600080BC70476824FF1F80B400AF024B1B786F
:10C170001846BD4680BC70479426FF1F80B48DB022
:10C1800000AFF860B9607A60FB681B0EDBB23B76EB
:10C19000FB681B0CDBB27B76FB681B0ADBB2BB7651
:10C1A000FB68DBB2FB763B7E83F00303DBB287F8F0
:10C1B00024307B7E83F07403DB43DBB287F82530C9
:10C1C000BB7E83F06903DBB287F82630FB7E83F009
:10C1D0005603DB43DBB287F82730FB7EDB09DBB29B
:10C1E0005AB2FB7E5B115BB203F002035BB21343F6
:10C1F0005AB2FB7EDB105BB203F004035BB2134365
:10C200005AB2FB7E5B105BB203F008035BB21343D0
:10C210005AB2FB7E5B005BB203F010035BB21343C8
:10C220005AB2FB7EDB005BB203F020035BB2134328
:10C230005AB2FB7E5B015BB203F040035BB2134377
:10C240005AB2FB7EDB015BB213435BB2DBB287F811
:10C250002030BB7EDB09DBB25AB2BB7E5B115BB226
:10C2600003F002035BB213435AB2BB7EDB105BB236
:10C2700003F004035BB213435AB2BB7E5B105BB2A4
:10C2800003F008035BB213435AB2BB7E5B005BB2A0
:10C2900003F010035BB213435AB2BB7EDB005BB208
:10C2A00003F020035BB213435AB2BB7E5B015BB267
:10C2B00003F040035BB213435AB2BB7EDB015BB2B7
:10C2C00013435BB2DBB287F821307B7EDB09DBB244
:10C2D0005AB27B7E5B115BB203F002035BB2134385
:10C2E0005AB27B7EDB105BB203F004035BB21343F4
:10C2F0005AB27B7E5B105BB203F008035BB2134360
:10C300005AB27B7E5B005BB203F010035BB2134357
:10C310005AB27B7EDB005BB203F020035BB21343B7
:10C320005AB27B7E5B015BB203F040035BB2134306
:10C330005AB27B7EDB015BB213435BB2DBB287F8A0
:10C3400022303B7EDB09DBB25AB23B7E5B115BB233
:10C3500003F002035BB213435AB23B7EDB105BB2C5
:10C3600003F004035BB213435AB23B7E5B105BB233
:10C3700003F008035BB213435AB23B7E5B005BB22F
:10C3800003F010035BB213435AB23B7EDB005BB297
:10C3900003F020035BB213435AB23B7E5B015BB2F6
:10C3A00003F040035BB213435AB23B7EDB015BB246
:10C3B00013435BB2DBB287F8233097F8203083F069
:10C3C0000303DBB23B7797F8213083F07403DB4340
:10C3D000DBB27B7797F8223083F06903DBB2BB775F
:10C3E00097F8233083F05603DB43DBB2FB7797F8F3
:10C3F00027301A4697F826301B029BB21A4397F84B
:10C4000025301B0403F47F0313431A4697F82430A6
:10C410001B061343FB62FB7F1A46BB7F1B029BB2CA
:10C420001A437B7F1B0403F47F0313431A463B7FAD
:10C430001B061343BB62FA6ABB6A1A447B681A6024
:10C44000002318463437BD4680BC704780B584B0A1
:10C4500000AF0346FB710023FB60064B1B6807F12E
:10C460000C0200211846FFF789FEFB6818461037BA
:10C47000BD4680BD7027FF1F80B500AF0020FDF7CF
:10C48000E9FC0346002B0DD10220FDF7E3FC034637
:10C49000002B07D10E4B1B78012B03D10D4B012232
:10C4A0001A7012E00B4B00221A700B4B1B780133F1
:10C4B000DAB2094B1A70084B1B78642B05D9044B70
:10C4C00000221A70044B42221A7000BF80BD00BFC8
:10C4D0004727FF1F4627FF1F4827FF1F80B582B051
:10C4E00000AF184B1B78012B07D1FDF795FA0346D7
:10C4F000012B02D10123FB711FE00BF00AF8034668
:10C50000012B02D10123FB7117E0FDF7C7FD0346A4
:10C510001846EAF7FFF903460B491846EAF74EFAC0
:10C5200003460A491846EAF7F1FB0346002B02D0FE
:10C530000123FB7101E00023FB71FB7918460837EA
:10C54000BD4680BD4627FF1F6666663D0000404031
:10C5500080B582B000AF0AF0E3FF0346BB71124B17
:10C560001B78012B07D1FDF757FA0346012B02D1A7
:10C570000123FB7112E00AF0DAFF0346012B02D11E
:10C580000123FB710AE0BB79032B02D0BB79012B9D
:10C5900002D10123FB7101E00023FB71FB791846F6
:10C5A0000837BD4680BD00BF4627FF1F80B590B04D
:10C5B00000AF1323BB86002387F83D30002387F8A4
:10C5C0003C3000237B8707F133031846FFF74EFC0E
:10C5D0000023FB8755E0FB8F0133824A1B01134484
:10C5E0000F331B78012B49D1FB8FDAB2F91D07F10C
:10C5F00008031846FFF7DAFCBB681A0CFB8FD1B2B0
:10C60000794A02F83310BB681A0AFB8FD1B2764A16
:10C61000DB0013440A465A70BA68FB8FD1B2724AE3
:10C62000DB0013440A469A70FB8FF9796E4ADB00EF
:10C6300013440A46DA70FB8F6C4AD25CFB799A424B
:10C640000CD0012387F83C30FB8F7B87FB8F684A37
:10C650000121D154FB8FF979644AD154FB79002B25
:10C660000CD097F83D305B0040333B44FA8F23F801
:10C67000342C97F83D30013387F83D30FB8F013380
:10C68000FB87FA8FBB8E9A42A5D397F83C30002BDC
:10C690007BD0584B01221A707B8F534A12F83330EB
:10C6A00018460BF08DF87B8F4F4ADB0013445B7804
:10C6B00018460BF09FF87B8F4B4ADB0013449B78A6
:10C6C00018460BF08AF87B8F474ADB001344DB786F
:10C6D00018460BF09CF8002387F839300023FB86BE
:10C6E0000023FB8711E0FA8F7B8F9A420AD0FB8FE1
:10C6F0003F4AD35C002B05D0012387F83930FB8FEC
:10C70000FB8606E0FB8F0133FB87FA8FBB8E9A42D4
:10C71000E9D397F83930002B23D0FB8E324A12F838
:10C72000333018460BF080F8FB8E2F4ADB001344A1
:10C730005B7818460BF092F8FB8E2B4ADB00134413
:10C740009B7818460BF07DF8FB8E274ADB001344DC
:10C75000DB7818460BF08FF8FB8E254A0021D15468
:10C760000BE000200BF060F800200BF077F80020C1
:10C770000BF067F800200BF07EF87B8F1C4A00213D
:10C78000D1541D4B32221A8028E01B4B1B88002BF2
:10C7900006D0194B1B88013B9AB2174B1A801DE03B
:10C7A00000200BF00DF800200BF024F800200BF017
:10C7B00014F800200BF02BF800200BF035F80020C7
:10C7C0000BF04CF800200BF03CF800200BF053F875
:10C7D0000A4B00221A80084B32221A804037BD468D
:10C7E00080BD00BFB42203009826FF1F5027FF1F03
:10C7F0003027FF1F6327FF1F4427FF1F6427FF1FEA
:10C8000080B500AFFDF736FBFEF7B4FC00BF80BD7E
:10C8100080B500AF07F0ECF8FFF7F2FFFDF72AFB59
:10C82000034B00221A70034BFA221A7000BF80BD1E
:10C830006627FF1F6727FF1F80B582B000AF034642
:10C84000FB71FB79002B02D0012B08D00AE00A4AC9
:10C850000A490120EDF7EEFCFFF7DAFF05E0FFF7EC
:10C86000CFFF02E0FFF7D4FF00BF00F069F800BF80
:10C870000837BD4680BD00BF840F03002C06FF1F94
:10C8800080B500AF00F08CF901F09AFCFDF7DEFBFB
:10C89000FFF754FC0346002B03D10C4B00221A7007
:10C8A00011E0FFF74BFC0346012B0CD1074B1B7823
:10C8B000002B08D107F0B2FB07F034FBFDF7C0FCFA
:10C8C000024B01221A7000BF80BD00BF6827FF1F06
:10C8D00080B500AF01F083FC00BF80BD80B500AF24
:10C8E000FEF7B2FD00F09AF800BF80BD80B500AF42
:10C8F000FEF7B6FD0C4B1B78002B12D10B4B1B78AF
:10C90000013BDAB2094B1A70084B1B78002B08D197
:10C91000054B01221A70064B1B78012B01D1F7F74A
:10C9200047F800BF80BD00BF6627FF1F6727FF1FB6
:10C930006927FF1F80B400AF00BFBD4680BC7047B1
:10C9400080B500AF002210495620ECF71DFE0022F2
:10C950000E495820ECF718FE00220C495920ECF73C
:10C9600013FE00220A495520ECF70EFE5620ECF784
:10C9700031FE5820ECF72EFE5920ECF72BFE552007
:10C98000ECF728FE00BF80BD35C90400491B050037
:10C990003D1B050080B485B000AF1D4B1A681D4BD0
:10C9A000A3FB0213D21A520813441B0CFB60184B52
:10C9B0001B68184AA2FB0312991A49080A44120C70
:10C9C000154901FB02F29B1ABB60BB6844F2A71237
:10C9D00003FB02F2FB6840F6143101FB03F3D31AA8
:10C9E0007B600B4A7B681360094B1A680323A3FB27
:10C9F0000213D11A49080B44990F0B46DB075B1A47
:10CA0000D31A3B603B6818461437BD4680BC70475C
:10CA1000C447FF1FBD169C061DF3010080B400AF84
:10CA2000044B1B680133034A136000BFBD4680BC42
:10CA3000704700BFC447FF1F80B400AF024B1B7894
:10CA40001846BD4680BC70476A27FF1F80B400AF00
:10CA500000BFBD4680BC704780B500AF0848ECF70A
:10CA60003FFB00220C210648ECF71DFB03220C21A2
:10CA70000448ECF707FB3B20FAF748FD00BF80BDF8
:10CA8000001001400020014080B500AF01220C21C0
:10CA90000748ECF7F7FA0748ECF722FB0A220C21CB
:10CAA0000448ECF700FB3B20FAF722FD00BF80BDF5
:10CAB000002001400010014080B500AF4FF400613C
:10CAC0000548ECF729FB02210448ECF725FB044B51
:10CAD00000221A7000BF80BD001001400014014008
:10CAE0006A27FF1F80B500AF4FF400610548ECF7DF
:10CAF00020FB02210448ECF71CFB044B01221A70B6
:10CB000000BF80BD00100140001401406A27FF1FD4
:10CB100080B582B000AFF8F7F9FF0346FB71FB79EF
:10CB2000012B09D10B4B1B78012B01D0FFF7DAFF4A
:10CB3000094B01221A7008E0074B1B78002B04D028
:10CB4000FFF7BAFF044B00221A7000BF0837BD463A
:10CB500080BD00BF6A27FF1F6B27FF1F80B400AF97
:10CB600000BFBD4680BC704780B400AF01231846AB
:10CB7000BD4680BC7047000080B483B000AF034660
:10CB8000FB71FB79002B01D0012200E00022034B56
:10CB90001A7000BF0C37BD4680BC70476C27FF1F62
:10CBA00080B500AF044B1B78012B02D0FFF7B0FF1C
:10CBB00000E000BF80BD00BF6C27FF1F80B483B0C2
:10CBC00000AF03460A46FB711346BB80FEE780B404
:10CBD00083B000AF0346FB7100BF0C37BD4680BC7D
:10CBE0007047000080B582B000AF0346FB71114B67
:10CBF0001B68114A934219D1FB79002B16D10D4BBA
:10CC000000221A600D4B00221A6005E000BF0B4B9A
:10CC10001B680133094A1360084B1B6842F20F720C
:10CC20009342F3D9FCF792F9E2F7EAFF00BF083725
:10CC3000BD4680BD7427FF1F935438557C27FF1FC6
:10CC400080B582B000AF786039607B68012B1ED15F
:10CC50003B68042B1BD1FFF74DFA02F031FF0E4B5E
:10CC60001B78012B09D1002007F0D5FC07F094F9BF
:10CC700007F058F9084B00221A70084B1B78012B5B
:10CC800005D1002007F0C7FC044B00221A7000BF3A
:10CC90000837BD4680BD00BF7827FF1F7927FF1FDB
:10CCA00080B483B000AF7860396000BF0C37BD46F8
:10CCB00080BC704780B582B000AF7860FFF70EFC93
:10CCC0000346012B07D1FFF743FC0346012B02D19A
:10CCD00002F04AFB05E0222002F0CAF803F010F847
:10CCE00000BF00BF0837BD4680BD80B582B000AF31
:10CCF0007860FFF7F3FB0346012B07D1FFF728FC11
:10CD00000346012B02D102F02FFB05E0222002F0A6
:10CD1000AFF802F0F5FF00BF00BF0837BD4680BD89
:10CD200080B584B000AF78607B681B681B781B04FB
:10CD3000FB607B681B6801331B781B02FA68134396
:10CD4000FB607B681B6802331B781A46FB68134341
:10CD5000FB60F868FFF756F90346002B11D17B689A
:10CD600000229A817B689B68FF221A707B689B680F
:10CD70000133FF221A707B689B680233FF221A700E
:10CD800002E0312002F074F8FFF7A8FB0346012B04
:10CD900004D1FFF7DDFB0346012B02D0222002F075
:10CDA00067F802F0E1FA00BF1037BD4680BD80B5DC
:10CDB00084B000AF78607B681B681B78FB73FB7BDB
:10CDC000092B08D0FB7B012B05D0FB7B082B02D065
:10CDD000FB7BFF2B26D107F10E031846FFF746F821
:10CDE0007B6804229A817B689B6809221A707B68A1
:10CDF0009B68013300221A70FA7B07F10C0311467D
:10CE00001846FFF741F8BB891B0A9AB27B689B68FA
:10CE10000233D2B21A70BA897B689B680333D2B2EC
:10CE20001A7002E0312002F023F802F09DFA00BFF0
:10CE30001037BD4680BD80B586B000AF78607B6896
:10CE40001B681B78FB74FB7C092B08D0FB7C012B37
:10CE500005D0FB7C082B02D0FB7CFF2B56D107F1C1
:10CE600012031846FFF702F80123FB827B68FA8A57
:10CE70009A817B689A68FB8A013B1344BA7C1A70DA
:10CE8000FB7C03F00903DAB207F1100311461846E0
:10CE9000FEF7FAFF0023BB8233E0BA8A07F10B01E9
:10CEA00007F10C031846FFF723F8FB68190C7B68A1
:10CEB0009A68FB8A1344CAB21A70FB68190A7B6825
:10CEC0009A68FB8A01331344CAB21A70F9687B6806
:10CED0009A68FB8A02331344CAB21A70FB7A002B99
:10CEE00006D07B689A68FB8A03331344FA7A1A7077
:10CEF000FB8A0433FB827B68FA8A9A81BB8A0133FE
:10CF0000BB823B8ABA8A9A42C7D302E0312001F041
:10CF1000AFFF02F029FA00BF1837BD4680BD000000
:10CF200080B588B000AF78600023FB777B681B6812
:10CF30001B781B04BB617B681B6801331B781B02D9
:10CF4000BA691343BB617B681B6802331B781A46BE
:10CF5000BB691343BB6107F10F031A460021B8698F
:10CF6000FEF7FCFF0346FB77FB7F002B40F0F080D1
:10CF70007B681B6803331B78012B06D07B681B681A
:10CF800003331B78FF2B40F0E3800021B869FFF7E3
:10CF90007DF80346FB827B6804229A817B681A68CD
:10CFA0007B689B6812781A707B681A687B689B683C
:10CFB000013352781A707B681A687B689B68023369
:10CFC00092781A70FB7B03F00903002B05D07B6875
:10CFD0009B680333FA7B1A7004E07B689B68033319
:10CFE00000221A70FB7B03F00903002B00F0B380D2
:10CFF000FA8A5C4913465B001344DB000B440A3396
:10D000001B88BB82FA8A574913465B001344DB0036
:10D010000B4404331B683B617B6814229A817B6854
:10D020009B68043301221A707B689B6805330122D8
:10D030001A707B689B680633F1221A707B689B68C4
:10D040000733F8221A703B691A0C7B689B68083317
:10D05000D2B21A703B691A0A7B689B680933D2B254
:10D060001A707B689B680A333A69D2B21A70FA8ADE
:10D070007B689B6803F10B013A4813465B0013443D
:10D08000DB00034408331B780B70BB8A1B0A9AB27F
:10D090007B689B680C33D2B21A707B689B680D3337
:10D0A000BA8AD2B21A70FA8A7B689B6803F10E01C1
:10D0B0002C4813465B001344DB0003440C331B78FD
:10D0C0000B70FA8A7B689B6803F10F0125481346B1
:10D0D0005B001344DB0003440D331B780B70FA8AAA
:10D0E0007B689B6803F110011E4813465B001344E4
:10D0F000DB0003440E331B780B70FA8A7B689B6855
:10D1000003F11101174813465B001344DB0003448D
:10D110000F331B780B70FA8A7B689B6803F112014E
:10D12000104813465B001344DB00034410331B78A4
:10D130000B70FA8A7B689B6803F113010948134658
:10D140005B001344DB00034411331B780B7002E0D7
:10D15000312001F08DFE02F007F900BF2037BD46F7
:10D1600080BD00BF7C24FF1F80B586B000AF786013
:10D170001323BB8207F113031846FEF777FE012342
:10D18000FB827B68FA8A9A817B689A68FB8A013BFA
:10D190001344FA7C1A7049E0BB8A013B284A1B0100
:10D1A00013440F331B78012B3DD1BB8ADBB2013B0B
:10D1B000DAB207F10B0107F10C031846FEF7F6FE91
:10D1C000FB68190C7B689A68FB8A1344CAB21A7010
:10D1D000FB68190A7B689A68FB8A01331344CAB258
:10D1E0001A70F9687B689A68FB8A02331344CAB2E2
:10D1F0001A70FB7A03F00903002B07D07B689A684A
:10D20000FB8A03331344FA7A1A7006E07B689A6843
:10D21000FB8A0333134400221A70FB8A0433FB8217
:10D220007B68FA8A9A81BB8A013BBB82BB8A002B4E
:10D23000B2D102F099F800BF1837BD4680BD00BFDB
:10D24000B422030080B584B000AF78607868FDF741
:10D250006FFF0346FB73FB7B002B03D0FB7B184661
:10D2600001F006FE02F080F800BF1037BD4680BD19
:10D2700080B584B000AF78607868FDF767FF03463B
:10D28000FB73FB7B002B03D0FB7B184601F0F0FD0A
:10D2900002F06AF800BF1037BD4680BD80B584B08B
:10D2A00000AF78607B681B681846FDF7C7FD034632
:10D2B000FB73FB7B012B05D17B6800229A8102F076
:10D2C00053F814E0FB7B312B05D1312001F0D0FD68
:10D2D00002F04AF80BE0FB7B722B05D1722001F0C3
:10D2E000C7FD02F041F802E0034801F0B3FD00BFC2
:10D2F0001037BD4680BD00BF9DD2040080B584B00C
:10D3000000AF78607B681B681846FDF7A5FD0346F3
:10D31000FB73FB7B012B05D17B6800229A8102F015
:10D3200023F814E0FB7B312B05D1312001F0A0FD67
:10D3300002F01AF80BE0FB7B722B05D1722001F092
:10D3400097FD02F011F802E0034801F083FD00BFF1
:10D350001037BD4680BD00BFFDD2040080B584B04B
:10D3600000AF78607B681B681846FDF783FD0346B5
:10D37000FB73FB7B012B05D17B6800229A8101F0B6
:10D38000F3FF14E0FB7B312B05D1312001F070FD60
:10D3900001F0EAFF0BE0FB7B722B05D1722001F05C
:10D3A00067FD01F0E1FF02E0034801F053FD00BF1B
:10D3B0001037BD4680BD00BF5DD3040080B584B08A
:10D3C00000AF78607B681B681846FDF761FD034677
:10D3D000FB73FB7B012B05D17B6800229A8101F056
:10D3E000C3FF14E0FB7B312B05D1312001F040FD60
:10D3F00001F0BAFF0BE0FB7B722B05D1722001F02C
:10D4000037FD01F0B1FF02E0034801F023FD00BF4A
:10D410001037BD4680BD00BFBDD3040080B584B0C9
:10D4200000AF78607B681B681846FDF73FFD034638
:10D43000FB73FB7B012B05D17B6800229A8101F0F5
:10D4400093FF07E0FB7B222B04D1222001F010FD8B
:10D4500001F08AFF00BF1037BD4680BD80B584B0A3
:10D4600000AF78607B681B681846FDF72DFD03460A
:10D47000FB73FB7B012B05D17B6800229A8101F0B5
:10D4800073FF07E0FB7B312B04D1312001F0F0FC6E
:10D4900001F06AFF00BF1037BD4680BD80B584B083
:10D4A00000AF78607B681B681846FDF71BFD0346DC
:10D4B000FB73FB7B012B05D17B6800229A8101F075
:10D4C00053FF14E0FB7B312B05D1312001F0D0FC60
:10D4D00001F04AFF0BE0FB7B722B05D1722001F0BB
:10D4E000C7FC01F041FF02E0034801F0B3FC00BFBC
:10D4F0001037BD4680BD00BF9DD4040080B582B00A
:10D5000000AF786001F030FF00BF0837BD4680BD36
:10D5100080B582B000AF78607B681B681B78FF2BFA
:10D520000DD07B689B681846FDF7FEFA7B681A6889
:10D530007B689A607B689A887B689A8102E03120D8
:10D5400001F096FC01F010FF00BF0837BD4680BD1A
:10D5500080B582B000AF786001F006FF00BF0837E9
:10D56000BD4680BD80B582B000AF78607B681B6827
:10D570001B78FF2B0DD07B689B681846FDF716FBC8
:10D580007B681A687B689A607B689A887B689A8156
:10D5900002E0312001F06CFC01F0E6FE00BF08372C
:10D5A000BD4680BD80B582B000AF786001F0DCFE82
:10D5B00000BF0837BD4680BD80B582B000AF78603F
:10D5C0007B681B681B78FF2B0DD07B689B68184617
:10D5D000FDF751FB7B681A687B689A607B689A88C4
:10D5E0007B689A8102E0312001F042FC01F0BCFE30
:10D5F00000BF0837BD4680BD80B582B000AF7860FF
:10D6000001F0B2FE00BF0837BD4680BD80B582B0D4
:10D6100000AF78607B681B681B78FF2B0DD07B68A0
:10D620009B681846FDF743FB7B681A687B689A6025
:10D630007B689A887B689A8102E0312001F018FCAF
:10D6400001F092FE00BF0837BD4680BD80B582B0B4
:10D6500000AF786001F088FE00BF0837BD4680BD8E
:10D6600080B582B000AF78607B681B681B78FF2BA9
:10D670000DD07B689B681846FDF740FB7B681A68F5
:10D680007B689A607B689A887B689A8102E0312087
:10D6900001F0EEFB01F068FE00BF0837BD4680BD1B
:10D6A00080B584B000AF7860FEF724FD0346FB73BD
:10D6B000FB7B002B03D0FB7B184601F0D9FB01F06C
:10D6C00053FE00BF1037BD4680BD80B584B000AFAB
:10D6D0007860FEF721FD0346FB73FB7B002B03D034
:10D6E000FB7B184601F0C4FB01F03EFE00BF103783
:10D6F000BD4680BD80B500AFFEF7F0FE0346012BAE
:10D7000004D1FEF725FF0346012B03D0222001F0B0
:10D71000AFFB00BF00BF80BD80B500AFFEF7DEFEEF
:10D720000346012B04D1FEF713FF0346012B03D060
:10D73000222001F09DFB00BF00BF80BD80B500AF7F
:10D74000FEF7CCFE0346012B04D1FEF701FF034692
:10D75000012B03D0222001F08BFB00BF00BF80BD56
:10D7600080B582B000AF0346FB71FB79012B01D17C
:10D77000F6F71EF900BF0837BD4680BD80B582B000
:10D7800000AF0346FB71FB79012B01D1F6F710F9CD
:10D7900000BF0837BD4680BD80B400AF00BFBD46A6
:10D7A00080BC704780B400AF00BFBD4680BC7047EE
:10D7B00080B582B000AF78607B685B78C3F3030309
:10D7C000DBB2002B03D00F2B00F00981F6E07B6861
:10D7D0001B7803F00C03DBB2042B39D17B681B7878
:10D7E00003F03003DBB2102B32D17B681B7823F0BF
:10D7F0003F03DBB2402B07D106F0CEFB06F092FBD5
:10D800007A4B00221A70D8E07B681B7823F03F0324
:10D81000DBB2C02B0AD1002006F0FDFE06F0BCFBF7
:10D8200006F080FB714B00221A70C6E07B681B7803
:10D8300023F03F03DBB2802B06D1002006F0EBFE85
:10D840006A4B00221A70B8E0312001F011FBB4E0FD
:10D850007B681B7803F00C03DBB2002B39D17B68AB
:10D860001B7803F03003DBB2002B32D17B681B78CE
:10D8700023F03F03DBB2402B07D106F0E5FB06F0B7
:10D88000CDFB5A4B01221A7097E07B681B7823F07E
:10D890003F03DBB2C02B0AD1002006F0CCFE06F01D
:10D8A000D3FB06F0BBFB514B01221A7085E07B686D
:10D8B0001B7823F03F03DBB2802B06D1002006F05B
:10D8C000BAFE4B4B01221A7077E0312001F0D0FAFA
:10D8D00073E07B681B7803F00C03DBB2042B39D1B7
:10D8E0007B681B7803F03003DBB2002B32D17B68FE
:10D8F0001B7823F03F03DBB2402B07D106F0A4FBDB
:10D9000006F010FB394B01221A7056E07B681B7839
:10D9100023F03F03DBB2C02B0AD1002006F08BFEC0
:10D9200006F092FB06F0FEFA304B01221A7044E03A
:10D930007B681B7823F03F03DBB2802B06D10020ED
:10D9400006F079FE294B01221A7036E0312001F0F1
:10D950008FFA32E07B681B7823F03F03DBB2402B69
:10D9600007D106F05BFB06F017FB204B01221A7073
:10D9700036E07B681B7823F03F03DBB2C02B0AD173
:10D98000002006F048FE06F049FB06F005FB174BA9
:10D9900001221A7024E07B681B7823F03F03DBB27E
:10D9A000802B06D1002006F036FE104B01221A70A3
:10D9B00016E0312001F05CFA12E011E07B685B7840
:10D9C000C3F30303DBB2012B05D17A68937843F0EC
:10D9D0000F03937004E0312001F04AFA00E000BF29
:10D9E00001F0C2FC00BF0837BD4680BD7827FF1F8D
:10D9F0007927FF1F80B483B000AF78607B685B78C5
:10DA0000C3F30303DBB2002B0DD00F2B0DD07B68CB
:10DA10005B78C3F30303DBB2012B08D0002B08DDD6
:10DA2000023B012B05E000BF04E000BF02E000BFA5
:10DA300000E000BF00BF0C37BD4680BC704780B41B
:10DA400083B000AF78607B681B78C3F3810300BFAD
:10DA50000C37BD4680BC704780B584B000AF78609D
:10DA600039607B68012B07D1204B1B78032B03D136
:10DA70001F4B4FF47A721A807B68022B2FD1032040
:10DA8000F7F77AFE0346FB81FB8940F26952934225
:10DA90001FD9FB8940F6A51293421AD8FEF71EFD46
:10DAA0000346012B0AD1FEF753FD0346012B05D196
:10DAB000104B114A1A6001F071F804E0222001F0C5
:10DAC000D7F902F01DF90B4B0B4A1A6001F066F80A
:10DAD00007E0222001F0CCF901F046FC01E002F061
:10DAE0000FF900BF1037BD4680BD00BF6938FF1F6A
:10DAF0006A38FF1F7427FF1F9354385580B485B0D0
:10DB000000AF786039600423FB600BE0FB68013BE9
:10DB1000FB607A68FB6813443A68D2B21A703B68BB
:10DB20001B0A3B60FB68002BF0D100BF00BF14371D
:10DB3000BD4680BC7047000080B58CB000AF7860F7
:10DB400007F110032022002118460FF0A1FA00234C
:10DB5000FB60FEF71FFF03460D4A13600C4B1B686A
:10DB6000002B04D00A4B1B68B3F1FF3F02D1084BD6
:10DB700002221A607B689B68054A126811461846A3
:10DB8000FFF7BCFF02F0AEF900BF3037BD4680BDE5
:10DB90007027FF1F80B584B000AF78607B680022DB
:10DBA0001A717B681B68DBB21846FEF74FFC034610
:10DBB000154A13607B689B681B781A067B689B6814
:10DBC00001331B781B041A437B689B6802331B7864
:10DBD0001B0213437A689268033212781A430A4B85
:10DBE0001B689A4203D07B6801221A7105E000206D
:10DBF00002F0EAF8044B00221A6002F0D5F900BFE7
:10DC00001037BD4680BD00BF7824FF1F80B584B0AB
:10DC100000AF78607B689B681846FDF771F9034692
:10DC2000FB73FB7B002B03D17B680F229A8103E0FF
:10DC3000FB7B184601F01CF901F096FB00BF103782
:10DC4000BD4680BD80B584B000AF78607B689B68BE
:10DC50001846FDF763F90346FB73FB7B002B03D1EA
:10DC60007B6804229A8103E0FB7B184601F000F9EF
:10DC700001F07AFB00BF1037BD4680BD80B584B08F
:10DC800000AF78607B689B681846FDF755F903463E
:10DC9000FB73FB7B002B03D17B6804229A8103E09A
:10DCA000FB7B184601F0E4F801F05EFB00BF103783
:10DCB000BD4680BD80B584B000AF78607B689B684E
:10DCC0001846FDF747F90346FB73FB7B002B03D196
:10DCD0007B6804229A8103E0FB7B184601F0C8F8B8
:10DCE00001F042FB00BF1037BD4680BD80B584B057
:10DCF00000AF78607B689B681846FDF739F90346EA
:10DD0000FB73FB7B002B03D17B6804229A8103E029
:10DD1000FB7B184601F0ACF801F026FB00BF103782
:10DD2000BD4680BD80B584B000AF78607B689B68DD
:10DD30001846FDF72BF90346FB73FB7B002B03D141
:10DD40007B6804229A8103E0FB7B184601F090F87F
:10DD500001F00AFB00BF1037BD4680BD80B584B01E
:10DD600000AF78607B689B681846FDF71DF9034695
:10DD7000FB73FB7B002B03D17B6807229A8103E0B6
:10DD8000FB7B184601F074F801F0EEFA00BF103783
:10DD9000BD4680BD80B584B000AF78607B689B686D
:10DDA0001846FDF70FF90346FB73FB7B002B03D1ED
:10DDB0007B6815229A8103E0FB7B184601F058F836
:10DDC00001F0D2FA00BF1037BD4680BD80B584B0E7
:10DDD00000AF78607B689B681846FDF701F9034641
:10DDE000FB73FB7B002B03D17B6814229A8103E039
:10DDF000FB7B184601F03CF801F0B6FA00BF103783
:10DE0000BD4680BD80B584B000AF78607B689B68FC
:10DE10001846FDF7F3F80346FB73FB7B002B03D199
:10DE20007B680F229A8103E0FB7B184601F020F803
:10DE300001F09AFA00BF1037BD4680BD80B584B0AE
:10DE400000AF78607B689B681846FDF7E5F80346ED
:10DE5000FB73FB7B002B03D17B6807229A8103E0D5
:10DE6000FB7B184601F004F801F07EFA00BF103782
:10DE7000BD4680BD80B584B000AF78607B689B688C
:10DE80001846FDF7D7F80346FB73FB7B002B03D145
:10DE90007B680D229A8103E0FB7B184600F0E8FFC7
:10DEA00001F062FA00BF1037BD4680BD80B584B076
:10DEB00000AF78607B689B681846FDF7C9F8034699
:10DEC000FB73FB7B002B03D17B6802229A8103E06A
:10DED000FB7B184600F0CCFF01F046FA00BF10377C
:10DEE000BD4680BD80B582B000AF78607B689B681E
:10DEF000FF221A707B6803229A8101F035FA00BF75
:10DF00000837BD4680BD80B582B000AF78607B68C1
:10DF10009B68FF221A707B6809229A8101F024FA1B
:10DF200000BF0837BD4680BD80B582B000AF7860C5
:10DF30007B689B68FF221A707B6806229A8101F039
:10DF400013FA00BF0837BD4680BD80B582B000AF70
:10DF500078607B689B68FF221A707B6805229A8133
:10DF600001F002FA00BF0837BD4680BD80B582B01F
:10DF700000AF78607B689B68FF221A707B6806227E
:10DF80009A8101F0F1F900BF0837BD4680BD80B528
:10DF900084B000AF78607B689B681846FDF766F830
:10DFA0000346FB73FB7B002B03D17B680A229A811B
:10DFB00003E0FB7B184600F05BFF01F0D5F900BFE2
:10DFC0001037BD4680BD80B584B000AF78607B68F7
:10DFD0009B681846FDF758F80346FB73FB7B002B44
:10DFE00003D17B686C229A8103E0FB7B184600F02A
:10DFF0003FFF01F0B9F900BF1037BD4680BD80B5C5
:10E0000084B000AF78607B689B681846FDF74AF8DB
:10E010000346FB73FB7B002B03D17B680C229A81A8
:10E0200003E0FB7B184600F023FF01F09DF900BFE1
:10E030001037BD4680BD80B584B000AF78607B6886
:10E040009B681846FDF73CF80346FB73FB7B002BEF
:10E0500003D17B681F229A8103E0FB7B184600F006
:10E0600007FF01F081F900BF1037BD4680BD80B5C4
:10E0700084B000AF78607B689B681846FDF72EF887
:10E080000346FB73FB7B002B03D17B685A229A81EA
:10E0900003E0FB7B184600F0EBFE01F065F900BFE2
:10E0A0001037BD4680BD80B584B000AF78607B6816
:10E0B0009B681846FDF720F80346FB73FB7B002B9B
:10E0C00003D17B68C8229A8103E0FB7B184600F0ED
:10E0D000CFFE01F049F900BF1037BD4680BD80B5C5
:10E0E00084B000AF78607B689B681846FDF712F833
:10E0F0000346FB73FB7B002B03D17B6814229A81C0
:10E1000003E0FB7B184600F0B3FE01F02DF900BFE1
:10E110001037BD4680BD80B582B000AF7860FEF795
:10E12000DDF90346012B0ED1FEF712FA0346012B4F
:10E1300009D17B689B6800221A707B6801229A8152
:10E1400001F012F905E0222000F092FE01F0D8FD66
:10E1500000BF00BF0837BD4680BD80B500AF0020BE
:10E1600004F0A8FC00BF80BD80B500AF05F0E0F969
:10E1700002F0C0FE05F042FE002006F0FFF900208C
:10E1800005F06EF8002006F09BFA06F0C5FB0020B3
:10E1900001F0E8F900BF80BD80B500AF002002F0BB
:10E1A000B7FD05F031FE002006F0E8F9002005F08B
:10E1B00057F8002006F084FAFCF735FB00BF80BD5D
:10E1C00080B500AF06F062F805F0DAFF002006F037
:10E1D0008FFA08F07FFE08F0F7FD00BF80BD80B524
:10E1E00000AF05F0DBFAFFF7B8FF01F063FA00BFFC
:10E1F00080BD000080B500AF054B01221A70FCF70E
:10E20000E3FA05F0C9FE05F08DFE00BF80BD00BF3A
:10E21000E839FF1F80B500AF05F016FF05F0FEFEE0
:10E22000034B00221A70FCF7D5FA00BF80BD00BF77
:10E23000E839FF1F80B500AF054B00221A70FCF7CC
:10E24000CFFA05F031FF05F015FF00BF80BD00BF1C
:10E25000E839FF1F80B500AF05F078FF05F03EFFFD
:10E26000034B01221A70FCF7C4FA00BF80BD00BF47
:10E27000E839FF1F80B500AF05F016FF05F0FAFE84
:10E28000FCF799FA00BF80BD80B500AF05F05EFFD6
:10E2900005F024FFFCF786FA00BF80BD80B582B090
:10E2A00000AF0346FB71002006F081F900231846F9
:10E2B0000837BD4680BD80B500AF002006F067F985
:10E2C00000BF80BD80B582B000AF0346FB71002067
:10E2D00006F07DF900BF0837BD4680BD80B500AFB0
:10E2E000FCF7A7FA00BF80BD80B500AFFCF7A7FA26
:10E2F00000BF80BD80B500AFFCF7AAFA00BF80BDAB
:10E3000080B500AFFCF7ABFA00BF80BD80B500AFB1
:10E31000FEF7D2FB00BF80BD80B500AFFEF7CCFB9F
:10E3200000BF80BD80B500AFFEF7DCFB00BF80BD45
:10E3300080B500AFFEF712FC00BF80BD80B500AF16
:10E34000FEF784FB00BF80BD80B500AFFEF784FB05
:10E3500000BF80BD80B500AFFEF796FB00BF80BD5B
:10E3600080B500AFFEF700FC0346002B01D100236F
:10E3700000E00123184680BD80B582B000AF0023C5
:10E38000FB7100233B6016E02E4A3B6813441B7868
:10E39000FF2B0DD0FB790133FB712A4A3B681344F4
:10E3A0001B780D2B04D940F658010220FEF706FC1D
:10E3B0003B6801333B603B68452BE5D9FB790E2B6D
:10E3C00004D040F65D010320FEF7F8FB00233B601C
:10E3D0000EE01D4A3B68DB0013445B79272B04D910
:10E3E00040F665010420FEF7E9FB3B6801333B6022
:10E3F0003B680D2BEDD9144A3B68DB0013445B7975
:10E40000282B04D04FF407610420FEF7D7FB00232C
:10E410003B600FE00D4A3B681B0113440C331B6843
:10E42000002B04D140F679010620FEF7C7FB3B68BC
:10E4300001333B603B68272BECD900BF00BF083796
:10E44000BD4680BD28260300702603000C2703006C
:10E4500080B400AF00BFBD4680BC704780B500AF40
:10E4600000F048F800BF80BD80B582B000AFF0205A
:10E4700008F030FF0346FB71FB79FF2B10D1F02031
:10E4800007F000FD03461A46174B1A70164B1B780F
:10E49000FF2B0FD0144B1B78184608F04DFF09E0F6
:10E4A000114B1B78FA799A4204D040F6D101002032
:10E4B000FEF784FB0C4B1B78FF2B04D140F6D401F4
:10E4C0000020FEF77BFB094BFF22DA73074B084A5B
:10E4D0005A61064B064A9A61044B00225A7300BFE8
:10E4E0000837BD4680BD00BFC427FF1FC827FF1FD8
:10E4F000E827FF1F80B582B000AF01237B6007E0F3
:10E500007B68013B7B60074A7B68002142F823104F
:10E510007B68002BF4D1FFF7A7FF00BF0837BD468B
:10E5200080BD00BFE427FF1F80B400AF00BFBD4621
:10E5300080BC704780B584B000AF03460A46FB71CB
:10E540001346BB800023FB60374BDB7BFF2B66D180
:10E55000354B0022DA73BB88B3F5805F08D3FB79B3
:10E560000321184608F0C2FD2F4BFF22DA7356E054
:10E570002D4B01229A70FB79184608F045FD0346A1
:10E580001A46294B9A72284B9A7A274B5A70264A78
:10E59000FB799373FA79254913465B001344DB003A
:10E5A0000B4410331B79C3F30203DBB2022B10D1EF
:10E5B000FB79184608F008FD0346FB72FB7A012B35
:10E5C00003D1194B00221A7317E0174B01221A735B
:10E5D00013E0FA79154913465B001344DB000B4442
:10E5E00010331B79C3F3C203DBB2042B14BF012326
:10E5F0000023DBB2DAB20C4B1A730B4ABB881382CE
:10E60000094800F0F1F90346BB72BB7A002B03D135
:10E61000054B5B69FB6002E0034BFF22DA73FB688A
:10E6200018461037BD4680BDC827FF1F383AFF1F68
:10E6300080B582B000AF03460A46FB711346BB802B
:10E64000144B9B7BFA799A4204D040F63321402048
:10E65000FEF7B4FAFB79184608F0ECFC03461A46BC
:10E660000C4B1A810B4B9B7B0B4A127811461846B8
:10E6700008F0B4FD074B0022DA720021054800F0D3
:10E68000DFF9FB79184608F0EBFC00BF0837BD4600
:10E6900080BD00BFC827FF1FC427FF1F80B582B001
:10E6A00000AF03460A46FB711346BB71084B9B7BC8
:10E6B000FA799A4204D040F6AC214020FEF77EFA67
:10E6C0000321034800F0BCF900BF0837BD4680BDF8
:10E6D000C827FF1F80B584B000AF78607B689B7847
:10E6E000012B04D04FF42D614220FEF767FA7B68BE
:10E6F0009B7AFB737B68DA7A7B689A727B68FA7B19
:10E70000DA7200BF1037BD4680BD000080B586B00C
:10E7100000AF78607B689B78012B04D040F6F32132
:10E720004220FEF74BFA284B1B78FB757B68FA7D7D
:10E730009A73FB7D9B00254A13443B613B691B6830
:10E74000002B1ED0EAF77AFF3B691B68002B16D01E
:10E75000FB7D1E4A52F82330FB60FB7D1B497A6823
:10E7600041F82320FB7D0321184600F05BF8FB7D78
:10E770001649FA6841F82320EAF748FF20E0EAF753
:10E7800045FFFB7D11497A6841F823207B685A7860
:10E79000FB7D1146184608F0C9FC7B6899697B68C7
:10E7A0001A8AFB7D184607F0B9FB0346FB72FB7A19
:10E7B000002B05D0FA7AFB7D1146184600F032F89E
:10E7C0001837BD4680BD00BFC427FF1FE427FF1FC9
:10E7D00080B485B000AF78607B689B89FB600CE0FB
:10E7E000FB68013BFB607B689A68FB681A447B68A6
:10E7F0005968FB680B4412781A70FB68002BEFD144
:10E8000000BF00BF1437BD4680BC704780B582B0E2
:10E8100000AF78607868FFF7DBFF00231846083701
:10E82000BD4680BD80B584B000AF03460A46FB718B
:10E830001346BB71FB79124A52F823309B7BFA795D
:10E840009A4204D040F6EA314120FEF7B7F9BB798D
:10E85000002B01D0032300E00023FB73FB79084A5F
:10E8600052F82330FA7B1146184600F01FF9FB7965
:10E87000034A002142F8231000BF1037BD4680BD77
:10E88000E427FF1F80B584B000AF03460A46FB7142
:10E890001346BB710023FB73FB790A4A52F82330FD
:10E8A0009B7BFA799A4201D00123FB73BA79FB79F9
:10E8B00011461846FFF7B6FFFB7B18461037BD46DA
:10E8C00080BD00BFE427FF1F80B582B000AF786035
:10E8D0007B689B78012B04D040F649414220FEF72B
:10E8E0006DF97B68FF22DA7300BF0837BD4680BD33
:10E8F00080B500AF034B00225A7300F06EF800BFE2
:10E9000080BD00BFE837FF1F80B400AF114B00226D
:10E910001A70104A53786FF3C30353700D4A53783B
:10E920006FF3020353700C4B00221A710A4A537999
:10E930006FF382035371084A53796FF301035371E4
:10E94000064B7F221A70054B78229A7000BFBD4695
:10E9500080BC70470838FF1F0C38FF1F0438FF1FAA
:10E9600080B500AF074B01221A60074A53796FF355
:10E9700082035371044B1B681846FFF7A5FF00BFC5
:10E9800080BD00BF1C38FF1F0C38FF1F80B485B04E
:10E9900000AF78600023FB607B681B7B012B10D1EC
:10E9A0007B685B691B783E2B0BD17B685B6901330D
:10E9B0001B78802B05D17B681B8A022B01D1012398
:10E9C000FB60FB6818461437BD4680BC704780B5B5
:10E9D00000AFFFF743FD00BF80BD80B500AFFFF77C
:10E9E00089FD00BF80BD000080B485B000AF7860B5
:10E9F0000123FB73104B5B7903F00403DBB2002BA4
:10EA000014D10D4A537943F0040353710A4B1B7917
:10EA100043F00103DAB2084B1A71074A7B681360AE
:10EA20007B685A78054B1A700023FB73FB7B1846F2
:10EA30001437BD4680BC70470C38FF1F1438FF1FC9
:10EA400080B584B000AF78600B46FB70154B1B7926
:10EA500023F00103DAB2134B1A71FB78002B1CD19F
:10EA6000104B1B687A689A4217D17868FFF78EFFBF
:10EA7000F860FB68002B10D10B4B7A68103307CA83
:10EA800083E807007868FFF725FE064B1B7943F003
:10EA90000203DAB2034B1A7101E0FFF761FF10378E
:10EAA000BD4680BD0C38FF1F3038FF1F80B584B0D5
:10EAB00000AF78600B46FB707B685B7B013B082BEB
:10EAC00039D801A252F823F0EDEA0400EDEA04007F
:10EAD000EDEA040037EB04001FEB0400F5EA040044
:10EAE00037EB0400F5EA0400F5EA0400FB78184669
:10EAF00000F01AFD7B685B7B092B0AD1FB78002BA9
:10EB000014BF01230023DBB2BB73BB7B1846FEF7A7
:10EB10005EF80D4A53796FF3820353710CE0FB7872
:10EB2000002B14BF01230023DBB2FB73FB7B1846D1
:10EB3000FEF758F800E000BF7B6800225A7300BF60
:10EB40001037BD4680BD00BF0C38FF1F80B500AF39
:10EB5000094B1B68094A9A61074B1B6803221A82FA
:10EB6000054B1B681846FFF7D1FD054B40F2F31229
:10EB70001A8000BF80BD00BF0C38FF1F0438FF1F84
:10EB80001838FF1F80B400AF034B00221A8000BF6B
:10EB9000BD4680BC704700BF1838FF1F80B500AF6E
:10EBA0000D4B9B7BC3F38103DBB21A460A4B9B7B65
:10EBB000C3F30103DBB21340002B04D140F6E6712E
:10EBC0002420FDF7FBFF054A5379012161F301037E
:10EBD000537100BF80BD00BF3038FF1F0C38FF1FCE
:10EBE00080B400AF044B00221A60044B00221A804C
:10EBF00000BFBD4680BC70471C38FF1F1A38FF1F7E
:10EC000080B500AF00F002F800BF80BD80B400AF57
:10EC1000074A1378012161F302031370044A137841
:10EC2000012161F3C403137000BFBD4680BC70476F
:10EC30002038FF1F80B582B000AF78607B68002B62
:10EC400004D141F298011320FDF7B8FF0F4B1B7858
:10EC5000C3F30203DBB21946786800F0DBF80B4B14
:10EC60001B78C3F30203DBB219467868FDF7E8FFAF
:10EC70007B6803F00703D9B2044A137861F30203F7
:10EC8000137000BF0837BD4680BD00BF2038FF1F8E
:10EC900080B400AF044B1B78C3F3C103DBB218464A
:10ECA000BD4680BC704700BF2038FF1F80B582B0D2
:10ECB00000AF78607B68002B04D141F2A8011320DB
:10ECC000FDF77CFF0A4B1B78C3F3C103DBB2194687
:10ECD0007868FDF7E5FF7B6803F00303D9B2044AC7
:10ECE000137861F3C403137000BF0837BD4680BDBD
:10ECF0002038FF1F80B483B000AF78607B681B783A
:10ED0000C3F30203DBB21A460F4B1B78C3F30203B3
:10ED1000DBB21340002B01D17E2310E07B681B780F
:10ED2000C3F3C103DBB21A46074B1B78C3F3C1031D
:10ED3000DBB21340002B01D1332300E0002318463F
:10ED40000C37BD4680BC70472038FF1F80B584B0AB
:10ED500000AF7860234A7B681B01134408331B789B
:10ED6000062B3BD01F4A7B681B01134408331B78DA
:10ED7000DB001D4A1344FB60EAF760FC1B4B1B7869
:10ED8000C3F30203DBB21A46FB681B78C3F302032A
:10ED9000DBB21340002B08D0FB6804331B78C3F3AD
:10EDA0000203DBB21846FFF745FF104B1B78C3F395
:10EDB000C103DBB21A46FB681B78C3F3C103DBB2A5
:10EDC0001340002B08D0FB6804331B78C3F3C10346
:10EDD000DBB21846FFF76AFFEAF718FC00BF1037EE
:10EDE000BD4680BD0C270300F82503002038FF1F17
:10EDF00080B485B000AFF860B9607A60BB68322239
:10EE00001A807B684FF4FA721A8000BF1437BD462F
:10EE100080BC704780B582B000AF7860396000F088
:10EE2000EBFF3B68012B07D17B68012B0CD0084B13
:10EE30004FF4FA721A8007E07B68012B04D1044B6F
:10EE400000221A8000F03CFE00BF0837BD4680BD9E
:10EE50001A38FF1F80B483B000AF7860034A7B6824
:10EE6000136000BF0C37BD4680BC70475038FF1F91
:10EE700080B483B000AF0346FB71064B1B78002BB8
:10EE800002D1044AFB79137000BF0C37BD4680BC29
:10EE9000704700BF4C38FF1F80B483B000AF78606C
:10EEA0007B689B7803F02003DBB2002B05D07B68E6
:10EEB0005B78C3F30303DBB20BE07B685B78C3F3DF
:10EEC0000303DBB21A467B685B78C3F30313DBB240
:10EED000134418460C37BD4680BC704780B584B0DB
:10EEE00000AF786039600023FB607B689B7803F09B
:10EEF0002003DBB2002B05D17B685B78C3F30303EF
:10EF0000DBB2FB603968786800F008F80246FB68FD
:10EF1000134418461037BD4680BD000080B584B04C
:10EF200000AF786039607868FFF7B6FFF8603B683B
:10EF30009AB27B685B799BB2D31A9BB21A46FB6884
:10EF400002FB03F3FB607B689B791A46FB68134462
:10EF5000024A134418461037BD4680BD8C29030071
:10EF600080B58AB000AFF860B9607A60B868FFF722
:10EF700093FF786128233B627B6800221A6000239C
:10EF8000FB61BB689B797B6246E00023BB61FA684A
:10EF9000BB6913441A78796ABB690B442A49CB5C74
:10EFA0009A4201D1012300E000233B61BB69013398
:10EFB000BB61BB685B78C3F30303DBB21A46BB6972
:10EFC000934202D23B69002BE1D13B69002B06D072
:10EFD000BB685B791A46FB6913443B6225E0BB6959
:10EFE000013BBB617B681B68BA699A4202D97B68A6
:10EFF000BA691A60FA68BB6913441A78796ABB69FE
:10F000000B441149CB5C9A420ED3FB690133FB617F
:10F010007A6A7B6913447B62BB6808339B791A4622
:10F020007B6A9342B1D300E000BF7B681B68022279
:10F0300002FA03F3DBB21A467B681A603B6A184691
:10F040002837BD4680BD00BF8C29030080B485B041
:10F0500000AF0346FB710F23FB730023BB60FB79FA
:10F0600003F04003002B0ED1FB79852B0BD897F9C9
:10F070000730002B01DA4023BB60FA79BB68D31A52
:10F08000044AD35CFB73FB7B18461437BD4680BC37
:10F09000704700BF2826030080B400AF034B002256
:10F0A0001A6000BFBD4680BC704700BF5038FF1FCC
:10F0B00080B586B000AFA24B1B685B697B61A14A3B
:10F0C00053786FF3C30353709F4A937B012161F31D
:10F0D000830393739A4B04221A717B691B78184639
:10F0E000FFF7B4FF03461A46984B1A70974B1B78EC
:10F0F0000E2B00F21B81954B1B78DB00944A1344C6
:10F100003B613B699B78C3F38103D9B28E4A937B01
:10F1100061F3830393733B69DB78C3F30203DBB2D0
:10F120001A468C4B1B78C3F30203DBB21340002B4F
:10F1300000F0F680844B9A883B691B799BB29A4217
:10F14000C0F0E88000237B607B6901337B613B6911
:10F150009B78C3F30013DBB2FB60FB68DB01FB6051
:10F160007B691B781A46FB681340002B01D00121F4
:10F1700000E00021744A937B61F3041393737B696D
:10F180001A78FB68DBB2DB43DBB21340DAB27B698F
:10F190001A703B695B7803F00F03DBB2002B0AD0D7
:10F1A0003B1D1A4639697869FFF7DAFE0346DAB281
:10F1B000694B1A7003E03B695A79674B1A70664BCA
:10F1C0001B78272B00F29580634B1B781B01634A49
:10F1D0001344BB60BB689B78C3F38103D9B25A4A1E
:10F1E000937B61F383039373BB689B78C3F3010341
:10F1F000DBB21A46544B9B7BC3F30103DBB21340D3
:10F20000002B70D0BB681B88002B05D0BB681A8808
:10F210004D4B9B889A4260D1BB6804331846FFF778
:10F2200069FD03461A464E4B1A704D4B1B78002B56
:10F2300042D1444A537843F008035370484B1B783B
:10F24000002B77D1BB685B7A1A46464B53F82230C5
:10F250009847434B1B78002B6CD13B695B78C3F319
:10F260000303DBB21A467B691344374A13603B69D8
:10F270005B78C3F30313DBB21A467B691344324A4B
:10F280009360314B9A883B695B78C3F30303DBB22D
:10F290009BB2D31A9BB2013B9AB22B4B9A802A4B5A
:10F2A00000229A81BB68DB681846FFF7D3FDBB6874
:10F2B000DB682548984740E0294B1B787E2B09D115
:10F2C0003B699B7803F04003DBB2002B02D1244B57
:10F2D00031221A7000F020FD2CE0214B13221A700D
:10F2E00000F01AFD27E01E4B22221A7000F014FDD8
:10F2F00021E03B691B781A467B681340002B03D042
:10F30000174B31221A7002E0154B12221A7000F0CE
:10F3100003FD10E0124B13221A7000F0FDFC0AE00E
:10F320000F4B7F221A7000F0F7FC04E00C4B112207
:10F330001A7000E000BF00F017F81837BD4680BD16
:10F340000C38FF1F0838FF1F3038FF1F2838FF1FF9
:10F35000702603002038FF1F2C38FF1F0C270300E6
:10F360004C38FF1FE826030080B500AF0F4B5B78D9
:10F37000C3F30203DBB2032B0CD0032B0DDC002BF9
:10F3800002D0012B03D008E000F012F80BE000F0EF
:10F39000F7FF08E000F0B8FF05E041F28D411620CC
:10F3A000FDF70CFC00BF00BF80BD00BF0838FF1F89
:10F3B00080B582B000AF554B1B79042B04D041F2CD
:10F3C000A9410E20FDF7FAFB504B1B7903F0040313
:10F3D000002B00F098804E4A53786FF3020353706D
:10F3E0000020FFF737FD4B4B9B7BC3F38103DBB260
:10F3F0001A46484B9B7BC3F30103DBB21340002B3F
:10F400007ED0424B1B685B697B60434B1B78002BB3
:10F410002DD0404B9B7BC3F30103DBB203F002030F
:10F42000002B10D03C4B1B787F2B0EDC7E2B06DA9A
:10F43000122B02DC112B02DA07E0312B05D1002060
:10F4400000F072F85FE000BF00E000BF7B680133AE
:10F450007A6812781A707B687F221A707B68023390
:10F460002D4A12781A702B4B03229A8144E0294BC3
:10F470009B7B03F01003DBB2002B39D17B681B7838
:10F480004033DAB27B681A707B6801337B60234BB0
:10F490001B780E2B04D941F210510920FDF78EFB89
:10F4A0001E4B1B781E4ADB0013445B78C3F3031327
:10F4B000DBB23B60194B1B78DB00194A1344194A35
:10F4C000127811461846FFF709FD01463B689BB2CA
:10F4D0001A46786808F001F83B6801333B600D4B31
:10F4E0009A893B689BB213449AB20A4B9A8103E013
:10F4F000002000F019F806E0044B10221A7102E017
:10F50000002000F011F80837BD4680BD0C38FF1F01
:10F510000838FF1F3038FF1F4C38FF1F2838FF1FE7
:10F52000702603002C38FF1F80B582B000AF034661
:10F53000FB71094AFB791370084B00221A80084BB3
:10F5400040221A710020FFF785FCFFF709FA00BF7F
:10F550000837BD4680BD00BF0838FF1F1838FF1FA1
:10F560000C38FF1F80B582B000AF0346FB71FEF779
:10F5700003FFFFF72CFA00F0E3FBFB79184600F0DD
:10F5800005F800BF0837BD4680BD000080B582B0D9
:10F5900000AF0346FB71FFF7ABF9FFF721FBFFF765
:10F5A0002FFB094B00221A6000F026FCFEF750FFEB
:10F5B000FFF7AAF9FFF7E6FAFFF76EFD00F0D2FEBB
:10F5C00000BF0837BD4680BD2438FF1F80B500AF9F
:10F5D000174B1B7903F00C03002B01D000F02EF821
:10F5E000134B5B7903F00403DBB2002B1BD1114BEF
:10F5F0001B88002B17D0104B1B68012B06D10E4B1C
:10F6000000221A600B4B4FF4FA721A80094B1B88C8
:10F61000013B9AB2074B1A80064B1B88002B02D184
:10F620000020FFF793FB00F0A5FB00BF80BD00BFEB
:10F630000C38FF1F1A38FF1F1C38FF1F80B500AFA2
:10F64000194B1B88002B2CD0184B5B7903F003035C
:10F65000DBB2012B19D1154B1B685B7B002B10D142
:10F66000124B1B6805225A73104A53796FF301033A
:10F6700053710F4A937B6FF304139373FFF766FA8A
:10F680000FE0094B01221A800BE0074B1B88013B5E
:10F690009AB2054B1A80044B1B88002B01D100F055
:10F6A00025F900BF80BD00BF1838FF1F0C38FF1FB1
:10F6B0003038FF1F80B582B000AF00F037F8FFF799
:10F6C00085FF0023FB804FF4E173BB8000F072FBE9
:10F6D00003461A46144B1B789A4220D000F06AFB6E
:10F6E00003461A46104B1A700F490620F8F7AEFD74
:10F6F000F8F7A8F90CE0F8F7A5F9F9F7DFFB00BF78
:10F7000000BFFB880133FB80FA88BB889A4205D88A
:10F71000F8F798FE0346002BEDD000E000BF00BFD5
:10F720000837BD4680BD00BF6838FF1F80B500AFF9
:10F73000044B1B79002B01D000F006F8FEF7F4FE15
:10F7400000BF80BD0C38FF1F80B582B000AF5C4B9E
:10F750001B7903F04003002B3DD0E9F76FFF584BB6
:10F760001B7923F04003DAB2554B1A71E9F74EFFCB
:10F770000123FB71534B1B78002B01D00423FB7139
:10F78000514B1B78002B07D0FB7923F00103FB7151
:10F79000FB7943F00203FB714A4B5B7803F00803EB
:10F7A000DBB2002B0DD0494B1B78494A1B01134497
:10F7B0000A331B781A46474B53F82230FA79104621
:10F7C0009847FB7903F00103002B04D03F4B1B78D3
:10F7D0001846FFF7BBFA3A4B1B79022B27D1384B5F
:10F7E00004221A71364B1B681B7B012B06D13A4A47
:10F7F000937B022161F30103937305E0364A937B07
:10F80000012161F3010393732D4B1B685B691A7827
:10F81000324B5A70324B04221A80294B1B681A8AC9
:10F820002D4B9A80284B00221A70FFF741FC244B85
:10F830001B7903F03C03002B15D02A4B1B68002BCF
:10F840000FD0204B5B7803F00703DBB2012B04D110
:10F85000244B1B682448984703E0224B1B681E4832
:10F86000984700F0CFFD164B1B79102B24D1144B79
:10F870001B685B7B002B1FD1194B00221A80104B99
:10F8800020221A710E4B1B68134A92891A820E4B62
:10F890001B78002B01D1012200E00322084B1B68DA
:10F8A0005A73074B1A68064B1B6852699A61044BDE
:10F8B0001B681846FEF72AFF00BF0837BD4680BD0B
:10F8C0000C38FF1F0838FF1F4C38FF1F2C38FF1F54
:10F8D0000C270300F82603003038FF1F0438FF1FF1
:10F8E0001838FF1F5038FF1F7038FF1F80B500AF5A
:10F8F000164B9B7BC3F38103DBB21A46134B9B7BF6
:10F90000C3F30103DBB21340002B17D00F4A937BE4
:10F910006FF3041393730E4B1B685B7B002B06D1B4
:10F920000B4B1B6804225A73FFF710F90BE0094BCD
:10F930001B8801339AB2074B1A8004E041F63B0161
:10F940001120FDF73BF900BF80BD00BF3038FF1F1D
:10F950000C38FF1F1838FF1F80B582B000AF7860E9
:10F960000121786800F08AF900BF0837BD4680BDE4
:10F9700080B582B000AF78600221786800F07EF92F
:10F9800000BF0837BD4680BD80B582B000AF78604B
:10F990000421786800F072F900BF0837BD4680BDC9
:10F9A00080B582B000AF78600221786800F050FA2C
:10F9B00000BF0837BD4680BD80B582B000AF78601B
:10F9C0000221786800F0B4FA00BF0837BD4680BD58
:10F9D00080B582B000AF78607968052000F090F8BB
:10F9E00000BF0837BD4680BD80B582B000AF7860EB
:10F9F0007968042000F084F800BF0837BD4680BD58
:10FA000080B582B000AF78607968012000F078F8A6
:10FA100000BF0837BD4680BD80B582B000AF7860BA
:10FA20007968002000F06CF800BF0837BD4680BD43
:10FA300080B400AF00BFBD4680BC704780B483B0C7
:10FA400000AF0346FB7100BF0C37BD4680BC70475A
:10FA500080B582B000AF7860FFF786FC00BF083742
:10FA6000BD4680BD80B485B000AF78600B46FB70AA
:10FA70000023FB60FB78012B05D0FB78022B02D022
:10FA8000FB78032B15D1FB7803F00303D9B27A6816
:10FA9000137861F387131370FB781B09DBB203F053
:10FAA0000F03D9B27A68537861F3030353700123CB
:10FAB000FB60FB6818461437BD4680BC70470000E9
:10FAC00080B500AF0D4A53786FF3030353700B4AB0
:10FAD0001378012161F305131370084A137801218B
:10FAE00061F383031370054A137843F0C003137066
:10FAF000012000F059F800BF80BD00BF5438FF1F3F
:10FB000080B584B000AF03463960FB710023FB73FE
:10FB1000234B1B68002B26D1214B01221A603B6826
:10FB20001B681B7819461F48FFF79CFFB860BB682D
:10FB3000002B01D13123FB73FB7B002B13D1FB790D
:10FB400003F00303D9B2174A137861F30513137056
:10FB5000FB799B08DBB203F00303D9B2114A137897
:10FB600061F383031370FCF7B9FC0346002B04D048
:10FB7000FCF7EEFC0346002B01D12223FB73FB7B39
:10FB8000002B03D10748FDF713FE05E0FB7B184669
:10FB9000FFF76EF9FFF7E8FB00BF1037BD4680BDE9
:10FBA0002438FF1F5438FF1F80B582B000AF0346D2
:10FBB000FB71FB7903F00103002B2DD01A4B5B780E
:10FBC000C3F30303DBB2002B02D00F2B06D008E0F7
:10FBD00000F02EF81448FDF70DFF0FE000F028F8B4
:10FBE0000CE0114B9B7803F00F03DBB20F2B02D01C
:10FBF00000F01EF802E00C48FDF7FCFE0A4B1B78F3
:10FC0000C3F30113DBB203F00103002B02D0FDF7B5
:10FC1000C9FD01E0FDF7C0FD044B00221A6000BFE2
:10FC20000837BD4680BD00BF5438FF1F2438FF1F72
:10FC300080B500AF104B1B78C3F30113DBB203F0A8
:10FC40000103002B0AD00C4B1B78C3F38113DBB2EA
:10FC5000DB43DBB2184601F07DFE07E0064B1B7864
:10FC6000C3F38113DBB2184601F05EFE0248FDF7D4
:10FC7000E6FE00BF80BD00BF5438FF1F80B584B0D2
:10FC800000AF786039601C4B1B68002B27D11A4BE2
:10FC900001221A607B689B68FB607B6804229A8162
:10FCA00007F1080207F10A0319463868FFF7A0F8C0
:10FCB0007B891B0A9BB2DAB2FB681A707A89FB68EF
:10FCC0000133D2B21A703B891B0A9AB2FB68023325
:10FCD000D2B21A703A89FB680333D2B21A70074B5A
:10FCE0001B78C3F30203DBB219463868FDF7B4FE94
:10FCF00000BF1037BD4680BD2438FF1F2038FF1FCE
:10FD000080B500AF034B00221A60FFF72DFB00BF48
:10FD100080BD00BF2438FF1F80B400AF064B1B68B6
:10FD20005B691B78272B02D1044B00221A6000BFAD
:10FD3000BD4680BC704700BF0C38FF1F5838FF1FFE
:10FD400080B500AF08490620F8F726FA064B1A7866
:10FD5000064B1A70054B1B78022B03D9044B4FF44A
:10FD60007A721A8000BF80BD6938FF1F6838FF1F94
:10FD70006A38FF1F80B483B000AF0C4B1B88002B88
:10FD80000ED00A4B1B88013B9AB2084B1A80074BD6
:10FD90001B88002B04D10223FB71054AFB791370E9
:10FDA00000BF0C37BD4680BC704700BF6A38FF1FDC
:10FDB0006938FF1F80B400AF024B1B781846BD4660
:10FDC00080BC70476938FF1F80B483B000AF034622
:10FDD000FB71074AFB791370FB79022B03D9054BA2
:10FDE0004FF47A721A8000BF0C37BD4680BC704752
:10FDF0006938FF1F6A38FF1F80B400AF044B002230
:10FE00001A60044B00221A6000BFBD4680BC7047D8
:10FE10005838FF1F5C38FF1F80B582B000AF786094
:10FE20000348FDF789FE00BF0837BD4680BD00BF0F
:10FE30005C38FF1F80B582B000AF78600348FDF7E3
:10FE4000A9FE00BF0837BD4680BD00BF5C38FF1F5C
:10FE500080B582B000AF786039601C4B04225A71C3
:10FE60001A4B1B4A9A60194A3B681360194B1B884E
:10FE7000002B05D0184B37221A70FFF775FA21E0D6
:10FE8000164B1B68002B02D000F02CF81AE0FEF78E
:10FE9000FFFE02463B6893420BD10C4B9B680B4A1A
:10FEA000527992B21146184607F0E3FA00F01AF8B8
:10FEB00008E00A4B01221A600948FEF7CBFF03480D
:10FEC000FDF73AFE0837BD4680BD00BF5C38FF1F16
:10FED0006C38FF1F6A38FF1F4C38FF1F5838FF1F50
:10FEE00019FE040080B500AF0C4B1B78002B03D02B
:10FEF0000B4B00221A600DE00A4B5B799AB20A4B59
:10FF00009A81094B9B68074A527992B20749184671
:10FF100007F0C7FAFFF728FA00BF80BD4C38FF1F73
:10FF20005838FF1F5C38FF1F3038FF1F6C38FF1F29
:10FF300080B582B000AF78603960174B1B68002B2A
:10FF400005D1164B24221A70FFF70EFA1FE0124B50
:10FF500000221A60124B1B683A689A4205D00F4B78
:10FF600024221A70FFF700FA11E07B681B680C4A24
:10FF700093607B689B88DAB2094B5A71084A3B68E8
:10FF800013600848FEF766FF0548FDF703FE00BF53
:10FF90000837BD4680BD00BF5838FF1F4C38FF1FD3
:10FFA0005C38FF1F35FE040080B582B000AF144BF3
:10FFB0001B78FB71134B1B78002B1AD1124B1B794A
:10FFC000002B11D0FB790133FB71FB79022B07D990
:10FFD0000C4B36221A700D4B4FF47A721A8005E0E2
:10FFE000084B35221A7001E00023FB71044AFB79AB
:10FFF0001370FFF7B9F900BF0837BD4680BD00BFD9
:020000025000AC
:100000006938FF1F4C38FF1F5C38FF1F6A38FF1F1D
:1000100080B485B000AF78600023FB81FB89002BA2
:1000200006D1064A7B681B01134402331B88FB81FF
:10003000FB8918461437BD4680BC7047CC290300A5
:1000400080B584B000AF78600323FB737B681B79B5
:10005000C3F30103DBB21A46154B9B7BC3F30103C9
:10006000DBB21340002B03D1124B22221A701AE08C
:100070007B681846FEF73EFE03461A460D4B1A7083
:100080000C4B1B78002B0ED00A4B1B787E2B04D117
:100090000123FB73074B31221A70064B1B78332B5D
:1000A00001D10223FB73FB7B18461037BD4680BD90
:1000B0003038FF1F4C38FF1F80B584B000AF0346B7
:1000C000FB80FB88184600F007F8F860FB681846CC
:1000D0001037BD4680BD000080B487B000AF034636
:1000E000FB8000237B6118233B613B699AB27B69EB
:1000F0009BB213449BB25B089BB2FB60134AFB6844
:100100001B0113441B88FA889A4201D1FB6818E04E
:100110000E4AFB681B0113441B88FA889A4206D2D8
:10012000FB68002B0BD0FB68013B3B6102E0FB68E6
:1001300001337B617A693B699A42D6D900E000BFFE
:10014000192318461C37BD4680BC7047CC290300D4
:1001500080B582B000AF786039607B681B79C3F3EB
:100160000103DBB21A46134B9B7BC3F30103DBB2E3
:100170001340002B03D1104B22221A7015E07B682C
:100180001846FEF7B7FD03461A460B4B1A700A4B8A
:100190001B78002B09D0084B1B787E2B05D13B68C0
:1001A000012B02D1044B31221A7000BF0837BD4623
:1001B00080BD00BF3038FF1F4C38FF1F80B485B0B2
:1001C00000AF03463960FB710123FB60FB79032B11
:1001D00003D8FB79044AD35CFB60FB6818461437EC
:1001E000BD4680BC704700BF5C2B030080B584B067
:1001F00000AF78607B689B88022B72D97B681B6894
:1002000001331B781B021AB27B681B6802331B7810
:100210001BB213431BB29BB2184600F083F8F86080
:10022000FB68002B59D1FB68DB00324A13440121E3
:100230001846FFF78DFF304B1B78002B54D17B689D
:100240001B681B78F9681846FFF7B8FFF860FB6871
:10025000002B3ED1294AFB681B0113441B88002B4D
:1002600008D07B689A882549FB681B010B441B88D2
:100270009A422AD1FB681B01204A1344043300210F
:100280001846FFF765FF1C4B1B78002B2CD11C4B2D
:100290001846FEF7DFFD7B681B68DA1C7B681A6076
:1002A0007B689B68DA1C7B689A607B689B88033B51
:1002B0009AB27B689A80134A5378032161F3020350
:1002C00053700F4B7868984710E00B4B13221A704D
:1002D0000AE0094B12221A7006E0074B31221A700D
:1002E00002E0054B13221A70FFF73EF81037BD46A7
:1002F00080BD00BF602B03004C38FF1F682B03003C
:1003000017E104000838FF1F80B500AF044B9B893C
:1003100003339AB2024B9A81FFF74AF800BF80BDBF
:100320003038FF1F80B485B000AF0346FB80012347
:10033000FB600123BB600BE0BB68013BBB6040F28C
:100340000322FB88934203D1BB68FB600023BB60A0
:10035000BB68002BF0D1FB6818461437BD4680BC43
:100360007047000080B400AF044A93786FF3000335
:10037000937000BFBD4680BC704700BF8C38FF1F24
:1003800080B500AF0020FEF765FD1A4B1B78002BEF
:100390002CD1194B9A89194B9B8913449BB2023378
:1003A0009AB2154B9A81144B9B8940F6FE72934288
:1003B00003D9104B14221A7018E0104B9B680F4A97
:1003C000928913440D4A93600D4B5B780133DAB286
:1003D0000B4B5A700A4B5A78094B1B789A4205D23C
:1003E000074A937843F00103937001E0FEF7E0FFC2
:1003F00080BD00BF4C38FF1F3038FF1F7038FF1F13
:100400008C38FF1F80B582B000AF2E4B5B7803F0B5
:100410000703DBB2012B50D12B4B9B7803F0010378
:10042000DBB2002B49D0284A93786FF30003937016
:10043000254B5B781A46254B9B5C7B60244A7B6886
:100440001B0113441B7AC3F38103D9B2214A937B66
:1004500061F3830393731E4A7B681B0113441B885B
:100460001B0A9AB21B4B9B68D2B21A70184A7B685F
:100470001B0113441A88174B9B680133D2B21A70C0
:10048000144B9B680233134A9360124B9B68124AC9
:100490009360104B00229A810D4A7B681B01134424
:1004A0000C331B681846FEF7D5FC094A7B681B0114
:1004B00013440C331B680748984700BF0837BD46F4
:1004C00080BD00BF0838FF1F8C38FF1F9038FF1F0A
:1004D000CC2903007038FF1F3038FF1F80B584B06F
:1004E00000AF3B4B00229A803A4B9B885B089AB244
:1004F000384B9A80384B00221A70374B00225A70C2
:10050000344B9B88FB603EE0324B1B681B781B0220
:100510001AB2304B1B6801331B781BB213431BB25A
:100520009BB21846FFF7C8FDB860FB68013BFB6053
:10053000284B1B680233274A1360BB68182B22D84C
:10054000B868FFF765FD0346FB80234B1B781A460E
:10055000BB68D9B2214B9954BB681B01204A134494
:1005600004331846FFF76CFD1B4B1B780133DAB2DE
:10057000194B1A70174B9A89FB8813449BB20233AC
:100580009AB2144B9A81FB68002B03D0154B1B7851
:10059000002BB9D0104B1B78002B02D13120FEF775
:1005A00067FC0C4B9B8940F6FE72934205D8094BC1
:1005B0009B8940F6FE72934202D91420FEF758FC44
:1005C000044B00229A8100BF1037BD4680BD00BF9A
:1005D0007038FF1F3038FF1F8C38FF1F9038FF1F07
:1005E000CC2903004C38FF1F80B483B000AF034612
:1005F000FB7100BF0C37BD4680BC7047B0B582B000
:1006000000AF78600020FEF725FC1D4B9B88012B76
:100610002BD91B4B9B8803F00103002B25D1184BD2
:100620009B885B089BB2012B1BD8164A537801218B
:1006300061F302035370144A7B6814461D460FCDC4
:100640000FC495E8070084E80700FFF747FF0F4B4A
:100650001B78002B0DD10E4A937843F00103937061
:100660000AE00A4B13221A7003E0084B13221A7097
:1006700000E000BFFEF79CFE0837BD46B0BD00BFDE
:100680003038FF1F0838FF1F7038FF1F4C38FF1F1E
:100690008C38FF1F80B582B000AF7860E8F7CEFFDE
:1006A000064B1B7843F00103DAB2044B1A70E8F7EB
:1006B000ADFF012318460837BD4680BD043AFF1F31
:1006C00080B582B000AF7860E8F7B8FF064B1B78C2
:1006D00043F00203DAB2044B1A70E8F797FF0123E4
:1006E00018460837BD4680BD043AFF1F80B582B06A
:1006F00000AF7860E8F7A2FF064B1B7843F00403D5
:10070000DAB2044B1A70E8F781FF01231846083764
:10071000BD4680BD043AFF1F80B582B000AF78604F
:10072000E8F78CFF064B1B7843F00803DAB2044B62
:100730001A70E8F76BFF012318460837BD4680BDE5
:10074000043AFF1F80B582B000AF7860E8F776FF0B
:10075000064B1B7843F01003DAB2044B1A70E8F72B
:1007600055FF012318460837BD4680BD043AFF1FD8
:1007700080B582B000AF7860E8F760FF064B1B7869
:1007800043F02003DAB2044B1A70E8F73FFF01236D
:1007900018460837BD4680BD043AFF1F80B582B0B9
:1007A00000AF7860E8F74AFF064B1B7843F0400340
:1007B000DAB2044B1A70E8F729FF0123184608370C
:1007C000BD4680BD043AFF1F80B582B000AF78609F
:1007D000E8F734FF064B1B7863F07F03DAB2044B73
:1007E0001A70E8F713FF012318460837BD4680BD8D
:1007F000043AFF1F80B500AFFAF72EF900BF80BDA5
:1008000080B500AFFAF720F900BF80BD80B500AF1A
:10081000FAF712F900BF80BD80B500AFFAF7FCF817
:1008200000BF80BD80B500AFFAF7FEF800BF80BD05
:1008300080B500AFFAF7E8F800BF80BD80B500AF23
:10084000FAF7D2F800BF80BD80B500AFFAF7C3F861
:1008500000BF80BD80B500AFE8F7F0FE054B1B7808
:10086000DBB223F00F03DAB2024B1A70E8F7CEFEC8
:1008700000BF80BD0839FF1F80B582B000AFE8F728
:10088000DDFE0B4BDB787B60094B9B781B027A68A3
:1008900013437B60064B5B781B047A6813437B60D1
:1008A000E8F7B4FE7B6818460837BD4680BD00BF38
:1008B000B038FF1F80B582B000AFE8F7BFFE0B4B2A
:1008C0005B79FB80094B1B79C3F30403DBB21B028A
:1008D0001AB2B7F9063013431BB2FB80E8F796FE55
:1008E000FB8818460837BD4680BD00BFA438FF1FEF
:1008F00080B582B000AF0346FB71E8F79FFE044A63
:10090000FB791370E8F782FE00BF0837BD4680BD53
:10091000DC38FF1F80B582B000AF0346FB71E8F7FB
:100920008DFE044AFB795370E8F770FE00BF08376C
:10093000BD4680BDDC38FF1F80B582B000AF0346E6
:10094000FB71E8F77BFE044AFB799370E8F75EFEE3
:1009500000BF0837BD4680BDDC38FF1F80B582B0C0
:1009600000AF0346FB71E8F769FE044AFB79D370D8
:10097000E8F74CFE00BF0837BD4680BDDC38FF1FDE
:1009800080B582B000AF0346FB71E8F757FE044A1A
:10099000FB791371E8F73AFE00BF0837BD4680BD0A
:1009A000DC38FF1F80B582B000AF0346FB71E8F76B
:1009B00045FE044AFB795371E8F728FE00BF08376B
:1009C000BD4680BDDC38FF1F80B582B000AF034656
:1009D000FB71E8F733FE044AFB799371E8F716FEE2
:1009E00000BF0837BD4680BDDC38FF1F80B582B030
:1009F00000AF0346FB71E8F721FE044AFB79D3718F
:100A0000E8F704FE00BF0837BD4680BDDC38FF1F95
:100A100080B582B000AF0346FB71E8F70FFEFB79AB
:100A200003F07F03D9B2054A137861F347031370CB
:100A3000E8F7ECFD00BF0837BD4680BDD438FF1F86
:100A400080B582B000AF0346FB71E8F7F7FDFB7994
:100A500003F00303D9B2054A937861F3010393705D
:100A6000E8F7D4FD00BF0837BD4680BDD438FF1F6E
:100A700080B582B000AF0346FB71E8F7DFFDFB797C
:100A800003F00303D9B2054A137861F3010313702D
:100A9000E8F7BCFD00BF0837BD4680BDC438FF1F66
:100AA00080B582B000AF0346FB71E8F7C7FDFB7964
:100AB00003F01F03D9B2054A137861F3860313705C
:100AC000E8F7A4FD00BF0837BD4680BDC438FF1F4E
:100AD00080B582B000AF0346FB71E8F7AFFDFB794C
:100AE00003F00303D9B2054A537861F3010353704D
:100AF000E8F78CFD00BF0837BD4680BDC438FF1F36
:100B000080B582B000AF0346FB71E8F797FDFB7933
:100B100003F01F03D9B2054A537861F3860353707B
:100B2000E8F774FD00BF0837BD4680BDC438FF1F1D
:100B300080B582B000AF0346FB71E8F77FFDFB791B
:100B400003F00303D9B2054A937861F3010393706C
:100B5000E8F75CFD00BF0837BD4680BDC438FF1F05
:100B600080B582B000AF0346FB71E8F767FDFB7903
:100B700003F01F03D9B2054A937861F3860393709B
:100B8000E8F744FD00BF0837BD4680BDC438FF1FED
:100B900080B582B000AF0346FB71E8F74FFDFB79EB
:100BA00003F00303D9B2054AD37861F30103D3708C
:100BB000E8F72CFD00BF0837BD4680BDC438FF1FD5
:100BC00080B582B000AF0346FB71E8F737FDFB79D3
:100BD00003F01F03D9B2054AD37861F38603D370BB
:100BE000E8F714FD00BF0837BD4680BDC438FF1FBD
:100BF00080B582B000AF0346FB71E8F71FFDFB79BB
:100C000003F07F03D9B2054A137961F30603137128
:100C1000E8F7FCFC00BF0837BD4680BDC438FF1FA5
:100C200080B582B000AF0346FB71E8F707FDFB79A2
:100C300003F00F03D9B2054A537961F303035371EB
:100C4000E8F7E4FC00BF0837BD4680BDC438FF1F8D
:100C500080B582B000AF0346FB71E8F7EFFCFB798B
:100C600003F00303D9B2054A937961F383039371C7
:100C7000E8F7CCFC00BF0837BD4680BDC438FF1F75
:100C800080B582B000AF0346FB71E8F7D7FCFB7973
:100C900003F00303D9B2054A937961F30513937105
:100CA000E8F7B4FC00BF0837BD4680BDC438FF1F5D
:100CB00080B582B000AF0346FB71E8F7BFFC044A81
:100CC000FB79D371E8F7A2FC00BF0837BD4680BDB1
:100CD000C438FF1F80B582B000AF0346FB710B46DE
:100CE000BB7113467B717A79B979FB79184602F0AA
:100CF000C1FF00BF0837BD4680BD80B483B000AFE0
:100D00000346FB7100BF0C37BD4680BC7047000036
:100D100080B582B000AF0346FB80054AFB88138094
:100D20000021002000F006F800BF0837BD4680BD56
:100D30007C39FF1F80B588B000AF03460A46FB71BF
:100D40001346BB71664B1B88BB8101237B7507F182
:100D50000C03184600F02EFF0346012B01D00023A0
:100D60007B757B7D012B16D10021002001F062FBF9
:100D700003467B777B7F032B08D10021002001F005
:100D800059FB03467B777B7F012BF6D17B7F012BC1
:100D900001D000237B757B7D012B09D107F10C036A
:100DA000184600F017FF0346012B01D000237B7586
:100DB0007B7D012B6ED10B23FB832AE0FB8B0B3B4E
:100DC0003B83FB8BFB81FB8B464A32F823303B8213
:100DD000454B1B78DBB203F00403042B0BD13B8B98
:100DE000424A32F81330FB82FB8A052B03D8FB8A78
:100DF000184603F02BFB3B8B3C4A4FF6FF7122F861
:100E0000131007F10C03184600F02CFFFB8B013385
:100E1000FB83FB8B0B2BD1D90123FB8318E0FB8BCE
:100E2000FB81FB8B2F4A32F823303B82FB8B013B4B
:100E30007B837B8B2E4A32F813307B8200233B75F9
:100E400007F10C03184600F025FFFB8B0133FB83F1
:100E5000FB8B0A2BE3D90023FB830EE0FB8BFB818A
:100E6000FB8B204A32F823303B8207F10C031846F3
:100E700000F048FFFB8B0133FB83FB8B002BEDD095
:100E800007F10C03184600F0AFFF0346012B01D019
:100E900000237B75BB79002B19D17B7D012B16D1EB
:100EA0000121042001F0C6FA03467B777B7F032BE8
:100EB00008D10121042001F0BDFA03467B777B7F36
:100EC000012BF6D17B7F012B01D000237B7507F12D
:100ED0000C03184600F0A8FF00BF2037BD4680BDB8
:100EE0007C39FF1F582503006439FF1F5439FF1F49
:100EF0005824030080B582B000AF06F0B4FA002396
:100F0000FB8006E0FB88224A0021D154FB88013394
:100F1000FB80FB88002BF5D00023FB8006E0FB88DC
:100F20001C4A0021D154FB880133FB80FB88002B35
:100F3000F5D000F083FF0346012B25D1164B00228C
:100F40001A7000F083FF0346012B1DD1134B0022C2
:100F50001A80134B00221A60124B4FF6FF721A8050
:100F6000114B00221A70114B4FF6FF721A8000F0DD
:100F70001FF80020FFF7CCFE074B1B78DBB243F0D5
:100F80000503DAB2044B1A7000BF0837BD4680BDB6
:100F90005839FF1F0839FF1F6439FF1F8039FF1FB1
:100FA0006C39FF1F0439FF1F6839FF1F0039FF1F0D
:100FB00080B584B000AF284B1B78DBB203F004038C
:100FC000042B37D100F010FD0023FB602CE0234AF6
:100FD000FB6852F823307B607B68002B21D01F23F5
:100FE000BB6016E01E4ABB6852F823207B681340A2
:100FF000002B0BD0FB689BB25B019AB2BB689BB223
:1010000013447B807B88184603F020FABB68013BC1
:10101000BB60BB68002BE5DA104AFB68002142F890
:101020002310FB680133FB60FB68002BCFDD00F071
:10103000F3FC0DE00023FB6007E0084AFB68002199
:1010400042F82310FB680133FB60FB68002BF4DDE2
:1010500000BF1037BD4680BD6439FF1F9039FF1FA8
:10106000342C030080B586B000AF0346FB80FB88BC
:10107000052B3ED8E8F7E2FAFB88FB82FB8A5B0986
:101080009BB23B61FB8A03F01F03FB601B4A3B6979
:1010900052F823201A49FB6851F823301340002BE3
:1010A00011D0164A3B6952F823201549FB6851F8C4
:1010B0002330DB431A4011493B6941F82320FB8868
:1010C000184603F0C3F900237B817B890D4A32F86F
:1010D00013309BB2FA889A4209D17B89094A4FF6AC
:1010E000FE7122F81310FB88184603F0AFF9E8F7F9
:1010F0008DFA00BF1837BD4680BD00BF9039FF1F75
:10110000342C03005439FF1F80B586B000AF03466E
:10111000FB80404B1B78DBB203F00103012B01D0B5
:10112000002372E03C4B1A78FB883C49CB5C1340AF
:10113000DBB2002B01D0022367E00B23BB82BB8A0A
:101140000B3B7B82E8F77AFA324B1B78DBB203F079
:101150000103012B03D0E8F759FA002355E07B8AFD
:101160002F4A32F813309BB24FF6FF7293421AD0D7
:10117000FB883B823B8A5B099BB2FB603B8A03F0A6
:101180001F03BB60274AFB6852F823202649BB682F
:1011900051F823301A432349FB6841F82320E8F72C
:1011A00035FA012331E07B8A1D4A32F813309BB2B5
:1011B0004FF6FF7293420FD11C4ABB8A1C4931F88B
:1011C000233008331B01134402331B889BB203F402
:1011D0007063B3F5006F03D0E8F718FA002314E04A
:1011E0007B8A0F49FA8821F81320E8F70FFAFA886A
:1011F000BB8A1146184600F01DF80346FB75FB7DBF
:10120000052B01D10023FB75FB7D18461837BD4621
:1012100080BD00BF6439FF1F6839FF1F40240300F1
:101220005439FF1F9039FF1F342C03000040034046
:101230005825030090B591B000AF03460A46FB80E5
:101240001346BB80BB88042B03D9BB88053BBB87F7
:1012500002E04FF6FF73BB87FB880B3B7B87FB8865
:10126000BB81FB88504A32F82330FB817B8F3B8265
:1012700007F10C03184600F009FEBB8F002B09D1C3
:10128000BB8F4A4A32F813307B82BB8F484AD35C0B
:101290003B7508E0BB88474A32F813307B82BB8835
:1012A000454AD35C3B7507F10C03184600F0F8FD86
:1012B00007F10C03184600F01FFE07F1280307F1A1
:1012C000180207CA83E807007B8FBA6A3B4941F8D6
:1012D0002320BB88BB85BB88394A52F82330002BBA
:1012E00011D0BB88364A52F8234007F1280393E80F
:1012F0000700A0470346002B05D107F10C03184651
:1013000000F01AFE14E0BB882E4A52F823307B63AB
:101310007B6B002B0BD0E8F791F97B6B7B6207F1BD
:101320000C03184600F064FEE8F770F900E000BF17
:10133000E8F784F97B8F244A32F813309BB2BA88DD
:101340009A420FD1214B1B78DBB203F00103012B32
:1013500008D107F10C03184600F09EFE034687F8FB
:101360003F3014E07B8F184A32F813309BB2BA88B2
:101370009A4203D1052387F83F3002E0002387F823
:101380003F307B8F104A4FF6FF7122F81310E8F7B9
:101390003DF907F10C03184600F0A4FE97F83F3022
:1013A00018464437BD4690BD582503005C39FF1FE1
:1013B0006039FF1FE4230300F02303001039FF1FEF
:1013C00010240300F82303005439FF1F6439FF1F62
:1013D00080B500AF01F002F801F006F80346012BDA
:1013E00001D103F0B9F901F019F800BF80BD000088
:1013F00080B588B000AF03460A46FB801346BB8029
:10140000FB88BB81BB88FB8107F10C03184600F009
:1014100097FE0346002B3CD0294BFB613A69FB69E0
:101420005A607A69FB699A60FB699B68254A136078
:10143000FB694FF6FF729A81FB695B681B78DBB230
:1014400003F00F03082B26DCF869F8F717FF0346B3
:10145000002B22D0FB695B6806331B889AB241F6E9
:10146000FC7313407B837B8B002B05D1F86905F05F
:10147000E3FF0346002B12D07A8B4FF60343134051
:10148000B3F5805F0DD1F86903F016FA0346002B1F
:1014900007E000BF06E000BF04E000BF02E000BFBD
:1014A00000E000BF07F10C03184600F0B3FE07F19F
:1014B0000C03184600F0B7FE00BF2037BD4680BDC4
:1014C0008039FF1F0C39FF1F80B588B000AF03467D
:1014D0000A46FB801346BB80FB88BB81BB88FB812F
:1014E00007F10C03184600F0A7FE0346002B38D086
:1014F000264BFB613A69FB695A607A69FB699A601D
:10150000FB699B68224A1360FB695B681B78DBB24E
:1015100003F00F03082B26DCF869F8F7AFFE03464B
:10152000002B22D0FB88013B7B837B8B194A32F84E
:1015300013307B83FB697A8B9A8100F02DF8034688
:10154000012B14D107F10C03184600F015FF7B8B1B
:10155000184600F089F807F10C03184600F015FF53
:1015600011E000BF04E000BF02E000BF00E000BFE8
:1015700007F10C03184600F0FFFE07F10C031846B4
:1015800000F003FF00BF2037BD4680BD8039FF1F3C
:101590000C39FF1F6C24030080B584B000AF2C4BC6
:1015A000FB60FB689B891A462A4B9B5C1A46FB68CA
:1015B0005B681B78DBB203F00F039A4201DD002366
:1015C00041E0F86802F066FF0346012B01D00023DA
:1015D00039E0FB689B891A461F4B53F82230002BD9
:1015E00010D0FB689A891D4B1A80FB689B891A46AC
:1015F000194B53F82230F86898470346002B01D165
:10160000002320E0FB689B891A46154B53F82230D3
:10161000002B17D0E8F712F8FB689B891A46104B8D
:1016200053F822303B60FB689B687B60FB689B89BA
:101630001A460C4B9B5C3B723B46184600F0AEFED4
:10164000E7F7E4FF012318461037BD4680BD00BF11
:101650008039FF1F4C250300B42403000039FF1F0D
:101660008C2403008024030080B582B000AF0346C1
:10167000FB80FB88074A52F82330002B06D0FB88FA
:10168000044A52F82330FA881046984700BF0837BA
:10169000BD4680BDDC24030080B588B000AF0346A2
:1016A0000A46FB801346BB80FB880B3BFB82FB8A10
:1016B000824A32F81330BB82FB883B81BB887B8136
:1016C000FB8ABB8107F10803184600F015FDBB8AB1
:1016D0004FF6FF72934200F0E480BB8A4FF6FE7231
:1016E000934221D0E7F7AAFFBB8A754AD35C1A461A
:1016F000744B9B5CDAB2BB8A7349CB5CB98A704885
:10170000415C1343DAB26F4B5A54E7F77FFFBB8A51
:101710006E4A52F82330002B06D0BB8A6B4A52F82F
:101720002330BA8A10469847E7F788FF0023FB6109
:10173000AAE0674AFB6952F823303B613B69002B02
:1017400000F09F80E7F762FF3B691B0C1B04002B36
:101750002AD03B6903F07F43002B12D03B6903F092
:101760007043002B06D03B691B0F5A4AD3561C33DB
:10177000BB6143E03B691B0E564AD3561833BB612D
:101780003CE03B6903F47003002B06D03B691B0D62
:10179000504AD3561433BB6130E03B691B0C4D4AB1
:1017A000D3561033BB6129E03B6903F47F43002B20
:1017B00012D03B6903F47043002B06D03B691B0B2E
:1017C000444AD3560C33BB6118E03B691B0A414ABB
:1017D000D3560833BB6111E03B6903F0F003002BE3
:1017E00006D03B691B093B4AD3560433BB6105E075
:1017F000384A3B69134493F90030BB61FB699BB2E3
:101800005B019AB2BB699BB21344BB82E7F716FF38
:101810002F4AFB6952F823202F49BB6951F8233026
:101820001340002B24D02A4AFB6952F823202A496E
:10183000BB6951F82330DB431A402549FB6941F865
:101840002320E7F7E3FEFB8A1C49BA8A21F813201C
:10185000BA8AFB8811461846FFF7ECFC0346FB7377
:10186000FB7B052B1FD1BB8A184602F0EFFD1AE067
:10187000FB8A124A4FF6FF7122F81310E7F7C6FEF3
:1018800012E0FB69013BFB61FB69002BBFF651AF26
:10189000FB8A0A4A4FF6FF7122F81310E7F7B6FEEB
:1018A00002E000BF00E000BF07F10803184600F0A7
:1018B0003DFC00BF2037BD4680BD00BF5439FF1F2F
:1018C000482403000839FF1F502403002824030084
:1018D0009039FF1FB42C0300342C030080B500AFF7
:1018E000E7F7ACFE054B1B78DBB243F00103DAB23D
:1018F000024B1A70E7F78AFE00BF80BD6439FF1FF4
:1019000080B500AFE7F79AFE064B1B78DBB223F0F9
:101910000103DAB2034B1A70E7F778FEFFF748FBD2
:1019200000BF80BD6439FF1F80B582B000AF0346A1
:10193000FB71E7F783FE064B1A78FB791343DAB2A3
:10194000034B1A70E7F762FE00BF0837BD4680BD43
:101950006839FF1F80B582B000AF0346FB71E7F71F
:101960006DFE064B1A78FB791340DAB2034B1A70FE
:10197000E7F74CFE00BF0837BD4680BD6839FF1F42
:1019800080B582B000AF0121012000F053FD034675
:10199000FB71FB79032B08D10121012000F04AFDE6
:1019A0000346FB71FB79012BF6D1FB79184608370A
:1019B000BD4680BD80B582B000AF0121022000F09D
:1019C00039FD0346FB71FB79032B08D1012102206D
:1019D00000F030FD0346FB71FB79012BF6D1FB795A
:1019E00018460837BD4680BD80B500AFE7F726FE34
:1019F000074B1B68002B02D1064800F061FD044B29
:101A00001B680133024A1360E7F700FE00BF80BD88
:101A10006C39FF1F7039FF1F80B500AFE7F70EFE6E
:101A2000084B1B68013B074A1360064B1B68002BE1
:101A300004D1054B93E8070000F060FDE7F7E6FDF1
:101A400000BF80BD6C39FF1F7039FF1F80B584B0A7
:101A500000AF0346FB80FB88053BFB81E7F7EEFD0B
:101A6000FB89144AD35CDBB2002B04D0E7F7CEFD30
:101A70004FF6FF7319E0FB890E4A0121D154FB8810
:101A80000D4AD35C1A460D4B9B5CDAB2FB880C49BD
:101A9000CB5CDB43DBB2F9880748415C1340DAB228
:101AA000064B5A54E7F7B2FDFB8818461037BD467F
:101AB00080BD00BF5839FF1F482403000839FF1FAD
:101AC0005024030080B485B000AF03460A46FB8073
:101AD0001346BB80FB88053BFB81BB889B0099B20A
:101AE000FA8941F6FC730B4099B2044B23F81210AB
:101AF00000BF1437BD4680BC704700BF5C39FF1F74
:101B000080B485B000AF03460A46FB8013467B7164
:101B10007B79082B01D908237B71FB88053BFB816E
:101B2000FB897A7902F00F02D1B2034AD15400BF87
:101B30001437BD4680BC70476039FF1F80B500AFC9
:101B400000F008F800BF80BD80B500AF00F008F8D5
:101B500000BF80BD80B500AFFFF73AFC00BF80BD7D
:101B600080B582B000AF114B3B600023FB7108E0F1
:101B7000FB790133FB710E4B1B8800211846FFF7E0
:101B800037FC3B681B6B03F02003002B02D0FB7972
:101B9000052BEDD93B68186B3B689B6A0022194600
:101BA00000F0DAFE00BF0837BD4680BD00400340AC
:101BB0008825030080B483B000AF7860044B002216
:101BC0001A70012318460C37BD4680BC704700BF11
:101BD0009439FF1F80B487B000AF78601D4B3B6124
:101BE0001D4B9B8DFB813B69FA891A803B695B88A1
:101BF0009BB223F4115323F02F03BB81BB8943F421
:101C0000005343F00303BB813B69BA895A807B6868
:101C10001B881A46114B53F822307B617B6943F0D5
:101C200040037B610E4B1B68002B03D17B6943F49F
:101C300000437B613B697A695A604FF40703BB60DC
:101C40003B69BA685A63012318461C37BD4680BCFD
:101C5000704700BF004003405825030004250300DF
:101C60006C39FF1F80B485B000AF7860084BFB6013
:101C70007B689B88FA6808331B01134402334FF4D6
:101C800000621A80012318461437BD4680BC704795
:101C90000040034080B485B000AF7860164BFB6015
:101CA000164BBB607B68DB881A467B689B881204F6
:101CB000F96808331B010B4404331A607B681B7AF4
:101CC0001BB243F480631AB27B689B8891B2FA68B6
:101CD00008331B01134402330A461A807B689B8831
:101CE0001946BB68064A43F82120012318461437D9
:101CF000BD4680BC704700BF0040034080480340A1
:101D00000000FCDF80B489B000AF7860314BBB616C
:101D1000314B7B61314B3B610023FB774CE0FB7F18
:101D2000072B16D87B681B881A462D4B33F81230C8
:101D30001A46FB7F13442B4A52F8333023F060439A
:101D4000FB60FB685B00FA7F43F040413B6943F86E
:101D500022107B681B881A46214B33F812301A4632
:101D6000FB7F13441F4ADB0013445B6823F060438E
:101D7000FB607B681B881A46194B33F812301A46F1
:101D8000FB7F1344174ADB0013445B68002B09DA1E
:101D9000FB685B00FA7F43F080417B69183243F8AF
:101DA000221006E0FA7FFB6859007B69183243F87D
:101DB0002210FB7F0133FB77FB7F072BAFD9BB6979
:101DC0006FF001029A64012318462437BD4680BC97
:101DD000704700BF004003408040034080480340FC
:101DE000482503000825030080B485B000AF786063
:101DF0000A4BFB600A4B1B68002B08D1094BBB60E8
:101E0000BB6843F02003BB60FB68BA689A62012399
:101E100018461437BD4680BC704700BF00400340E1
:101E20006C39FF1F00FF070080B483B000AF7860FB
:101E3000012318460C37BD4680BC704780B500AF03
:101E400000F0F2FA0123184680BD000080B400AF14
:101E5000094B00221A70094B00221A70084B00220D
:101E60001A70084B00221A70074B00221A700123C7
:101E70001846BD4680BC70479439FF1F9839FF1F34
:101E80009C39FF1FA039FF1FA439FF1F80B483B006
:101E900000AF786000BF0C37BD4680BC70470000C3
:101EA00080B485B000AF7860124BFB607B68DB8844
:101EB0001A467B685B881204F96808331B010B44DF
:101EC00004331A607B681B7A1BB203F06F031BB2EA
:101ED00043F400631BB27B817B685B88FA6808333C
:101EE0001B01134402337A891A8000BF1437BD46A0
:101EF00080BC70470040034080B485B000AF78607C
:101F00000B4BFB607B685B8808331B01FA6813444A
:101F10009A1C7B685A617B689B88DB00054A1A44DF
:101F20007B68DA6000BF1437BD4680BC704700BFD5
:101F3000004003402439FF1F80B487B000AF7860B1
:101F40002A4B7B617B68DA6807F10C03D278D2B246
:101F50001A707B68DA6807F10C0301339278D2B209
:101F60001A707B68DA6807F10C0302335278D2B238
:101F70001A707B68DA6807F10C0303331278D2B267
:101F80001A707B685B88FA6879691B010B44883397
:101F90001A607B68DA6807F10C030433D279D2B295
:101FA0001A707B68DA6807F10C0305339279D2B2B4
:101FB0001A707B68DA6807F10C0306335279D2B2E3
:101FC0001A707B68DA6807F10C0307331279D2B212
:101FD0001A707B685B883A6979691B010B448C3302
:101FE0001A6000BF1C37BD4680BC704700400340EC
:101FF00080B487B000AF7860264B7B617B689A69BC
:1020000007F10C03D2781A707B689A6907F10C0308
:10201000013392781A707B689A6907F10C030233D6
:1020200052781A707B689A6907F10C0303331278AF
:102030001A707B685B88FA6879691B010B448833E6
:102040001A607B689A6907F10C030433D2791A701D
:102050007B689A6907F10C03053392791A707B68E3
:102060009A6907F10C03063352791A707B689A69F2
:1020700007F10C03073312791A707B685B883A69A1
:1020800079691B010B448C331A6000BF1C37BD46B5
:1020900080BC70470040034080B485B000AF7860DA
:1020A0000F4BFB607B685B88FA6808331B011344A5
:1020B00002331B889BB27A685288104643F444630B
:1020C00099B2FA6800F108031B01134402330A466F
:1020D0001A80012318461437BD4680BC704700BFE4
:1020E0000040034080B483B000AF786000BF0C377D
:1020F000BD4680BC7047000080B485B000AF7860FA
:10210000094BFB607B685B881F2B07D87B685B886B
:1021100003F01F0301229A40FB681A6300BF1437C3
:10212000BD4680BC704700BF0040034080B483B010
:1021300000AF786000BF0C37BD4680BC7047000020
:1021400080B487B000AF7860284B7B610123FB74BB
:102150007B685B887A6908331B01134402331B8850
:102160009AB2234B1A807B685B887A6908331B011B
:10217000134404331B681E4A53607B685B887A698A
:102180001B01134488331B68BB607B685B887A69DA
:102190001B0113448C331B68FB60164BFA7A1A70D0
:1021A000154BBA7A1A70154B7A7A1A7007F1080330
:1021B000134A1B781370134BFA7B1A70124BBA7BBD
:1021C0001A70124B7A7B1A70114B3A7B1A707B692A
:1021D00020221A637B68064A5A607B68054A9A6027
:1021E000FB7C18461C37BD4680BC7047004003404E
:1021F0001439FF1F1C39FF1F1D39FF1F1E39FF1F18
:102200001F39FF1F2039FF1F2139FF1F2239FF1FF0
:102210002339FF1F80B483B000AF786000BF0C3754
:10222000BD4680BC704780B483B000AF786000BF0B
:102230000C37BD4680BC704780B586B000AF786073
:102240000123FB750123BB75404B3B61E7F7F6F9B2
:102250007B685B883A6908331B01134402331B888F
:102260009AB23B4B1A803A4B1B8803F48073002BC5
:1022700015D07B685B883A6908331B01134402332D
:102280001B889AB2324B1A800123BB75304B1B88D6
:1022900003F48073002B02D0BB7D002BE9D17B6857
:1022A0005B881F2B07D87B685B8803F01F03012224
:1022B0009A403B691A637B685B883A6908331B0163
:1022C000134404331B68224A53607B685B883A6975
:1022D0001B01134488331B68BB607B685B883A69C9
:1022E0001B0113448C331B68FB601A4BFA7A1A707B
:1022F000194BBA7A1A70194B7A7A1A7007F10803D7
:10230000174A1B781370174BFA7B1A70164BBA7B5F
:102310001A70164B7A7B1A70154B3A7B1A70154B54
:102320009B8D3A6908331B0113441B889AB2084BF2
:102330005A80E7F76BF97B68054A5A607B68054A63
:102340009A60FB7D18461837BD4680BD00400340AB
:102350001439FF1F1C39FF1F1D39FF1F1E39FF1FB6
:102360001F39FF1F2039FF1F2139FF1F2239FF1F8F
:102370002339FF1F5825030080B483B000AF786075
:1023800000BF0C37BD4680BC704780B483B000AF3F
:10239000786000BF0C37BD4680BC704780B485B004
:1023A00000AF78600023FB730DE07B685A68FB7B0D
:1023B0001A447B681968FB7B0B441278D2B21A70FE
:1023C000FB7B0133FB737B681B7AFA7B9A42ECD36D
:1023D00000BF00BF1437BD4680BC704780B400AF5B
:1023E00000BFBD4680BC704780B483B000AF0A4BCD
:1023F0003B600023FB713B681B6A03F00403002B66
:1024000004D03B6806221A620123FB71FB7918464F
:102410000C37BD4680BC70470040034080B400AF1D
:1024200000BFBD4680BC704780B400AF00BFBD4652
:1024300080BC704780B584B000AF03460A46FB718C
:102440001346BB710023FB73FB79042B2FD801A229
:1024500052F823F069240500872405009124050023
:102460009B240500A5240500144B1B78DBB2002B30
:1024700004D100F05DF80346FB7319E000F018F991
:102480000346FB7314E000F0D7F90346FB730FE03B
:1024900000F01CFA0346FB730AE000F087F90346DC
:1024A000FB7305E000F044F90346FB7300E000BF56
:1024B000FB7B18461037BD4680BD00BF9439FF1F17
:1024C00080B485B000AF78600B4BFB60FB689A6A04
:1024D0007B681A60FB6800229A62FB685A687B6816
:1024E0005A60FB685B6823F44042FB685A6000BF97
:1024F0001437BD4680BC70470040034080B487B0AD
:1025000000AF3B1D83E80700084B7B617A687B695D
:102510009A627B695A68BB6803F440431A437B693B
:102520005A6000BF1C37BD4680BC70470040034066
:1025300080B485B000AF0123FB730123BB73584BFC
:10254000BB60584B1B88FB80BB685B889BB21A46FC
:1025500048F61003134048F61002934206D0BB68B9
:102560001B6A03F02003002B40F08E80BB685B8861
:102570009BB21A4648F210031340002B4FD1BB68A0
:102580005B889BB243F480439AB2BB685A80BB68B5
:102590005B889BB243F480539AB2BB685A80BB6895
:1025A0005B889BB21A464DF610131340B3F5B24F39
:1025B00013D00123FB73BB685B889BB21A464DF6B0
:1025C00010131340B3F5B24F02D0FB7B002BF0D1B8
:1025D000FB7B002B01D10023BB73BB685B889BB2E4
:1025E0006FEA43436FEA53439AB2BB685A80BB68B1
:1025F0005B889BB203F01003102B10D00123FB73F8
:10260000BB685B889BB203F01003102B02D0FB7BEE
:10261000002BF3D1FB7B002B01D10023BB73FB8884
:10262000214A52F8233003F40053002B06D0BB6834
:102630005B6843F40052BB685A6005E0BB685B68A6
:1026400023F40052BB685A60BB685B889BB2C3F33B
:102650000E039AB2BB685A80BB685B889BB203F0DA
:102660001003102B10D10123FB73BB685B889BB256
:1026700003F01003102B02D1FB7B002BF3D1FB7B6B
:10268000002B01D10023BB73084B01221A700323D6
:10269000BB73BB7B18461437BD4680BC704700BF78
:1026A000004003407C39FF1F042503009439FF1FBD
:1026B00080B483B000AF0123FB711B4B3B601B4B0D
:1026C0001B78DBB2012B09D13B684FF400725A80B2
:1026D000164B02221A700323FB711FE0134B1B7869
:1026E000DBB2022B18D13B685B889BB203F400730A
:1026F000B3F5007F02D10323FB710FE03B685B88D9
:102700009BB223F080039AB23B685A80074B0022A9
:102710001A700123FB7101E00023FB71FB7918465D
:102720000C37BD4680BC7047004003409439FF1F02
:1027300080B483B000AF0123FB711A4B3B601A4B8E
:102740001B78DBB2002B15D13B685B889BB223F46E
:1027500080539AB23B685A803B685B889BB223F4F3
:1027600080439AB23B685A800F4B01221A700323B0
:10277000FB7110E03B685B889BB21A464DF6101364
:102780001340002B02D00323FB7104E0064B002210
:102790001A700123FB71FB7918460C37BD4680BCCB
:1027A000704700BF004003409839FF1F80B483B0DA
:1027B00000AF0123FB711E4B3B601E4B1B78DBB24D
:1027C000002B1DD13B685B889BB2C3F30E039AB20A
:1027D0003B685A803B685B889BB243F480439AB263
:1027E0003B685A803B685B889BB243F480539AB243
:1027F0003B685A800F4B01221A700323FB7111E0D2
:102800003B685B889BB21A464DF610131340B3F534
:10281000B24F02D00323FB7104E0064B00221A7072
:102820000123FB71FB7918460C37BD4680BC70470D
:10283000004003409C39FF1F80B483B000AF0123E8
:10284000FB71204B3B60204B1B78DBB2002B1FD170
:102850003B685B889BB223F480539AB23B685A80F2
:102860003B685B889BB223F480439AB23B685A80F2
:102870003B685B889BB26FEA43436FEA53439AB26B
:102880003B685A80104B01221A700323FB7112E03F
:102890003B685B889BB21A464DF61013134048F60E
:1028A0001002934202D00323FB7104E0064B002286
:1028B0001A700123FB71FB7918460C37BD4680BCAA
:1028C000704700BF00400340A039FF1F80B483B0B1
:1028D00000AF0123FB711E4B3B601E4B1B78DBB22C
:1028E000002B1DD13B685B889BB2C3F30E039AB2E9
:1028F0003B685A803B685B889BB223F480539AB252
:102900003B685A803B685B889BB223F480439AB251
:102910003B685A800F4B01221A700323FB7110E0B1
:102920003B685B889BB21A464DF610131340002B90
:1029300002D00323FB7104E0064B00221A7001232E
:10294000FB71FB7918460C37BD4680BC704700BF51
:1029500000400340A439FF1F80B586B000AFF86087
:10296000B9601346FB80FA68BB6813407B61FB8843
:102970007B8230E07B691B0A7B617B8A08337B8228
:102980007B69DBB2002BF5D07B6903F00F03002BD2
:102990000CD17B691B097B617B8A04337B8205E058
:1029A0007B695B087B617B8A01337B827B6903F0F7
:1029B0000103002BF4D07B8A184600F015F87B8ABF
:1029C00001337B82FA68BB681A40798AFB88CB1A8C
:1029D00022FA03F37B617B69002BD1D100BF00BFDA
:1029E0001837BD4680BD000080B584B000AF0346F7
:1029F000FB80FB880F4A32F81330FB81FB89002BE8
:102A000008D0FB890A2B05D8FA88FB89114618469D
:102A1000FEF75AFDFB890A2B08D9FB890B2B05D839
:102A2000FA88FB8911461846FEF736FE00BF1037BC
:102A3000BD4680BD8825030080B586B000AF034643
:102A4000FB71E6F7FBFDFB79DB00164A1344FB60E4
:102A5000FA79154913465B001344DB000B4411332C
:102A60001B789BB23B82FA79104913465B001344F2
:102A70005B000B4402331B8807F10C021146184619
:102A800001F0E0FE0346FB75E6F7C0FDFB7D002B81
:102A900003D1FB79064A0121D154FB7D1846183732
:102AA000BD4680BD8427FF1FC4250300B825030051
:102AB000C027FF1F80B584B000AF0346FB71FB79D0
:102AC000844AD35C002B00F07881FA7913465B00CE
:102AD0001344DB00804A1344804A1360FB79804A28
:102AE000D35CFB73FB797F4AD35CFA7B9A423AD082
:102AF000FB797C49FA7BCA54FB7B002B10D1FB7914
:102B0000744AD35C033B022B2CD8FB79764A002114
:102B100022F81310FB79754A002122F8131022E0E5
:102B20006E4B1B685A88FB79013291B26E4A22F8CB
:102B30001310FB79674AD35C042B04D0FB79654AF8
:102B4000D35C052B0FD1FA79694913465B00134416
:102B50005B000B441A88FB79013291B2634A22F878
:102B6000131000E000BFFB79624AD35CBB73FB79B2
:102B7000614AD35C012B11D1FB795F4A0021D1540A
:102B8000FB79584AD35C012B08D1544B1B685A88F7
:102B9000FB79013291B2544A22F81310FB79574A5B
:102BA000D35C012B2DD1FB79544A0021D154FB7900
:102BB000484AD35C012B02D0022B0DD012E0FA79E7
:102BC000454913465B001344DB000B440E331B786E
:102BD000184601F040FD17E0FB790521184600F08A
:102BE000EDF911E0FB793F4AD35C012B0BD13B4B54
:102BF0001B685A88FB79013291B23B4A22F81310C4
:102C000001E000BF00E000BFFB793D4AD35C002B30
:102C100004D0FB790521184600F0D0F9BB7B012BCD
:102C20000AD1FB792B4AD35C032B0FD1FB7904210A
:102C3000184600F0C3F909E0FB79264AD35C042B5F
:102C400004D1FB790321184600F0B8F9FB79264A34
:102C500032F81330002B20D0FB79234A32F81320AE
:102C6000013A91B2204A22F81310FB791E4A32F839
:102C70001330002B11D1FB79164AD35C032B07D0FC
:102C8000164B1A68FB795188174A22F8131004E092
:102C9000FB790221184600F091F9FB79194A32F8C4
:102CA0001330002B36D0FB79164A32F81320013A44
:102CB00091B2144A22F81310FB79124A32F81330F9
:102CC000002B27D1FB790B4AD35C012B1CD10422AA
:102CD0001BE000BF8027FF1FC4250300A839FF1F8A
:102CE000A427FF1FA827FF1FAC27FF1FB827FF1F20
:102CF000B82503009827FF1FC027FF1FBC27FF1F11
:102D00009C27FF1FB427FF1F0322FB79114618469B
:102D100000F054F9FB792B4A32F81330002B13D012
:102D2000FB79284A32F81320013A91B2254A22F859
:102D30001310FB79234A32F81330002B04D1FB79AE
:102D40000121184600F03AF9FB791F4A32F8133096
:102D5000002B32D0FB791C4A32F81320013A91B291
:102D6000194A22F81310FB79174A32F81330002B56
:102D700023D1FB791846FFF75FFE03467B73FB798F
:102D8000124AD35C002B11D07B7B002B06D1FB7940
:102D90000E4AD25C013AD1B20C4AD1540C4B1A689B
:102DA000FB791188084A22F8131006E0084B1A68CC
:102DB000FB795189044A22F8131000BF1037BD4631
:102DC00080BD00BFB027FF1FB827FF1FA027FF1F30
:102DD000A839FF1F90B484B000AF0346FB71FB79A4
:102DE000654A0021D154FB79644A0021D154FB7912
:102DF000634A0021D154FB79624A0021D154FB7906
:102E0000614A0021D154FB79604A002122F8131055
:102E1000FB795F4A002122F81310FB795D4A0021FB
:102E200022F81310FB795C4A002122F81310FB7979
:102E30005A4A0121D154FB79594A0121D154002326
:102E4000FB7312E0FA79FB7B5649D2000A44134423
:102E5000FF221A70FA79FB7B5349D2000A441344CB
:102E6000FF221A70FB7B0133FB73FA794F4913463B
:102E70005B001344DB000B4411331B78FA7B9A424E
:102E8000E0D3FA79494913465B001344DB000B4455
:102E900012331B78FF2B19D0FA79F879F979434C62
:102EA0000B465B000B44DB00234412331B781C46AB
:102EB0003F4913465B0013445B000B44043319780D
:102EC000384AC300134423440A461A70FA79374932
:102ED00013465B001344DB000B4413331B78FF2BBA
:102EE00010D0F979FA79314813465B001344DB00BE
:102EF000034413331B7818462A4ACB001344034477
:102F000000221A70FA79294913465B001344DB004A
:102F10000B4411331978FA79244813465B001344A3
:102F2000DB00034414331B78994217D9FA791F49FF
:102F300013465B001344DB000B4411331978FA7914
:102F40001A4813465B001344DB00034414331A7819
:102F5000FB798A1AD1B2174AD15403E0FB79154A9A
:102F60000021D154FB79144A0121D15400BF1037FC
:102F7000BD4690BC704700BF9827FF1F9C27FF1FCE
:102F8000BC27FF1FA027FF1FC027FF1FAC27FF1F65
:102F9000B027FF1FB427FF1FB827FF1FA827FF1F59
:102FA000A427FF1F8427FF1F8C27FF1FC4250300B2
:102FB000B82503009427FF1F8027FF1F80B584B02A
:102FC00000AF03460A46FB711346BB710023FB7337
:102FD000FB79974AD35CBB73FB799549BA79CA549C
:102FE000BB79013B032B75D801A252F823F000BF37
:102FF000013005001B3005008F300500A3300500AF
:10300000FA798C4913465B001344DB000B440E3302
:103010001B78184601F046FBF1E0FA798549134622
:103020005B001344DB000B440E331B78184601F0A1
:103030002CFB814B1B689A88FB79013291B27F4A45
:1030400022F813107C4B1B68DB7D012B40F0D480F1
:10305000794B1B68DB7CFF2B00F0CE80FB79764A36
:103060001268D27C1146764ADB0013440B441A786E
:10307000FB7971490968C97C084622F01002D1B277
:103080006F4ADB00134403440A461A70B4E0FB792C
:103090006C4A002122F81310FB796B4A0021D154AD
:1030A000ADE0BB7B032B40F0A980FB79674AD35C82
:1030B000012B40F0A380FA79654913465B00134465
:1030C0005B000B441A88FB79013291B25D4A22F809
:1030D000131093E0584B1B68DA88FB79013291B2E8
:1030E0005C4A22F81310FB79584AD35C012B2AD191
:1030F000514B1B689B7D002B17D0FB79564AD35C44
:10310000022B12D1F6F7D8FB0346012B0DD1FB7928
:103110004C4A012122F81310474B1B689A7DFB791A
:10312000013AD1B2484AD1540DE0FA7948491346E0
:103130005B0013445B000B441A88FB79013291B2A7
:10314000404A22F81310BB7B022B40D8FB793B4A44
:10315000002122F81310384B1B685A88FB79013282
:1031600091B23E4A22F81310FA79324913465B00B5
:103170001344DB000B440E331B78184601F078FA39
:103180002D4B1B68DB7D012B21D1FB79324AD35CAF
:10319000022B1CD1284B1B68DB7CFF2B17D0FB7943
:1031A000254A1268D27C1146254ADB0013440B44A1
:1031B0001A78FB7920490968C97C084642F0100258
:1031C000D1B21F4ADB00134403440A461A70BB7B8A
:1031D000022B0CD1FB791B4A32F81330012B06D994
:1031E000FB791D4AD35C022B01D10123FB73FB79D0
:1031F000194A0021D15402E000BF00E000BFFA7973
:103200000C4913465B001344DB000B440E331B7860
:10321000BA79B97B1846FDF75DFDFB7B002B03D027
:10322000FB791846FFF708FC00BF1037BD4680BD8C
:103230008027FF1FC4250300A839FF1FB027FF1FE9
:103240008427FF1FB827FF1FA027FF1FA827FF1FE6
:10325000B8250300B427FF1F9C27FF1FAC27FF1FC3
:1032600080B584B000AF78607B68002B02D1174B2B
:10327000BB6001E07B68BB60BB689B884BF6BE22ED
:1032800093421ED10023FB7316E0FA7B10491346CC
:103290005B001344DB000B440F331B78012B04D17C
:1032A000FB7B1846FFF796FD03E0FB7B094A0021F4
:1032B000D154FB7B0133FB73074B1B78FA7B9A429B
:1032C000E3D300BF1037BD4680BD00BFB02503006B
:1032D000C42503008027FF1FC025030080B485B0EC
:1032E00000AF0346FB71FB79134AD35CFB73134BAE
:1032F0005B78FA799A4202D2FB7BFF2B01D1012342
:1033000015E0FB7B0E4AD35C012B04D0FB7B0C4AFF
:10331000D35C022B0AD1FB7B0A4AD35C002B03D17E
:10332000FB7B084A0121D154002300E00223184608
:103330001437BD4680BC7047DC250300C025030060
:103340008027FF1F9C27FF1F80B485B000AF034676
:10335000FB71FB79124AD35CFB73124B5B78FA79F1
:103360009A4202D2FB7BFF2B01D1012312E0FB7BAF
:103370000D4A0121D154FB7B0C4AD35C002B08D1B0
:10338000FB7B0B4AD35C022B03D8FB7B074A022151
:10339000D154002318461437BD4680BC704700BF87
:1033A000DC250300C02503009827FF1F9C27FF1F73
:1033B0008027FF1F80B485B000AF0346FB71FB7907
:1033C0000B4AD35CFB730B4B5B78FA799A4202D2BF
:1033D000FB7BFF2B01D1012304E0FB7B064A00218C
:1033E000D154002318461437BD4680BC704700BF37
:1033F000DC250300C02503009827FF1F80B487B099
:1034000000AF0346B9607A60FB73FB7B194AD35C5B
:10341000FB75194B5B78FA7B9A4202D2FB7DFF2B3E
:1034200001D1012321E0FB7D144AD35C002B01D1A3
:1034300001231AE0FB7D114AD25CBB681A70FB7D48
:103440000E4AD35C012B03D17B6800221A700BE07B
:10345000FB7D0A4AD35C022B03D17B6801221A70E0
:1034600002E07B6803221A70002318461C37BD4611
:1034700080BC7047DC250300C02503008027FF1FA8
:1034800080B485B000AF0346FB71FB790E4AD35C74
:10349000FB730E4B5B78FA799A4202D2FB7BFF2BCF
:1034A00001D101230BE0FB7B094AD35C002B05D142
:1034B000FB7B084A0121D154002300E00223184677
:1034C0001437BD4680BC7047DC250300C0250300CF
:1034D000A827FF1FA427FF1F80B485B000AF0346B5
:1034E000FB71FB790E4AD35CFB730E4B5B78FA7968
:1034F0009A4202D2FB7BFF2B01D101230BE0FB7B25
:10350000094AD35C022B05D9FB7B084A0021D15420
:10351000002300E0022318461437BD4680BC7047E4
:10352000DC250300C02503008027FF1FA427FF1F01
:1035300080B483B000AF0023FB7106E0FB79084A3A
:103540000021D154FB790133FB71064B1B78FA79CA
:103550009A42F3D300BF00BF0C37BD4680BC704712
:103560008027FF1FC025030080B584B000AF03464D
:103570003960FB80FB88BB73204B1B78BA7B9A4277
:1035800037D2BB7B1E4AD35C002B32D0E6F756F80D
:103590000023FB730FE03B681A68FB7BD118BA7BF2
:1035A000FB7B08781749D2000A44134402461A707C
:1035B000FB7B0133FB73BA7B134913465B00134457
:1035C000DB000B4411331B78FA7B9A42E3D3E6F716
:1035D0001DF8BB7B0D4A0121D154BA7B0A49134621
:1035E0005B001344DB000B440E331B781846FDF7D9
:1035F00084FB00BF1037BD4680BD00BFC02503005F
:103600008027FF1F8C27FF1FC4250300BC27FF1F37
:1036100080B500AFFAF77AFEFAF78AFEFAF794FE61
:10362000FAF78CFE024B00221A7000BF80BD00BF6B
:10363000DC39FF1F80B500AF0E4B1B782A2B03D15E
:103640000D4B01221A7002E00C4B01221A700C4B38
:103650001B78FF2B0CD10B4B1B78002B08D1054B93
:103660001B782A2B02D1FAF739FE01E0FAF73CFE6B
:1036700000BF80BDE0250300AC39FF1FB439FF1F38
:10368000C839FF1FE439FF1F80B500AF104B00227F
:103690001A70104B1B78012B0BD1FAF73DFEE5F7A2
:1036A000CDFFFEF787F9E5F7B1FF0A4B00221A704C
:1036B00009E0094B1B78002B05D1E5F7BFFFFEF7AA
:1036C00079F9E5F7A3FF044B01221A7000BF80BD12
:1036D000BC39FF1FD839FF1FC039FF1F80B500AFAD
:1036E000E5F7ACFF264B1B88002B44D1FEF748F9C9
:1036F00003461A46234B1A70234B01221A70214BA2
:103700001B78002B24D0214B00221A70FAF70AFEF6
:103710001D4B00221A701E4B01221A70FAF7F0FDA1
:103720001C4B1B78FF2B13D1FAF708FEFAF712FE99
:10373000194B00221A70FAF713FE0346002B07D12B
:10374000FAF702FE144B1B78002B01D100F062F94E
:103750000C4B1B781846F7F752F803461A460B4BEA
:103760001A700C4B1B78FF2B05D0064B1B78002BD7
:1037700001D0FAF7BFFDE5F749FF00BF80BD00BFEC
:10378000B039FF1FC039FF1FE439FF1FBC39FF1FCD
:10379000D839FF1FC839FF1FDC39FF1F80B500AFC4
:1037A000524B1B78012B40F09E80E5F747FF504BB2
:1037B0001B78FF2B27D04F4B1B78022B03D94E4B86
:1037C0001B88002B07D04A4B1B781846FAF766FD7A
:1037D000484B03221A70464BFF221A70474BFF22B8
:1037E0001A70474BFF221A70434B00221A80454B38
:1037F000FF221A70444BFF221A70444BFF221A70AA
:10380000434B00221A70434B1B78FF2B0DD0394BD2
:1038100002221A703F4B1B781846FAF753FD3D4BB6
:10382000FF221A70354BFF221A70354B1B78012B83
:103830000FD1304B1B78002B08D1FFF725FF2E4B03
:1038400040F25F121A802F4B00221A702C4BFF227D
:103850001A702E4B1B78012B1FD1264B1B78012B86
:1038600018D8254B00221A80264BFF221A70264BAF
:10387000FF221A701F4B1B78002B05D11D4B022213
:103880001A70FAF718FD02E01A4B02221A70204B48
:1038900000221A701D4BFF221A701A4B1B78FF2B47
:1038A00019D0154B1B88002B06D0134B1B88013BEE
:1038B0009AB2114B1A8002E0134B00221A70124B7D
:1038C0001B78FF2B07D0FFF709FF0E4BFF221A7062
:1038D0000D4BFF221A700E4B1B78002B01D0FFF707
:1038E000FDFEE5F793FE00BF80BD00BFD439FF1F8A
:1038F000C839FF1FE439FF1FB039FF1FD039FF1F40
:10390000AC39FF1FB839FF1FC439FF1FB439FF1F7F
:10391000BC39FF1FCC39FF1F80B582B000AF224BEE
:10392000FF221A70214B00221A70214B01221A70BB
:10393000204B00221A70204BFF221A701F4B4FF4AD
:10394000AF721A801E4B00221A701E4BFF221A7093
:103950001D4B00221A701D4B01221A701C4B0022B5
:103960001A701C4B1B78FB7106E0FB791A4A002188
:10397000D154FB790133FB71184B1B78FA799A42C9
:10398000F3D9174BFF221A70164BFF221A70164BF1
:10399000FF221A70154B1B78012B01D1FAF7FCFBA3
:1039A00000BF0837BD4680BDB439FF1FBC39FF1FBB
:1039B000C039FF1FE839FF1FAC39FF1FB039FF1FA7
:1039C000B839FF1FC439FF1FE439FF1FD439FF1F67
:1039D000D839FF1FE4250300E039FF1FE825030065
:1039E000C839FF1FCC39FF1FD039FF1FDD39FF1F3A
:1039F00080B500AF064B00221A70FFF709FEFFF7F3
:103A00008BFFFAF7B1FB024B01221A7000BF80BD99
:103A1000DD39FF1F80B500AFFAF796FC034B00229B
:103A20001A70FFF707FE00BF80BD00BFDC39FF1F23
:103A300080B584B000AF0346FB71E5F7FFFD0023BE
:103A4000FB73FB79204AD35CBB73204B1B787B73E1
:103A5000FB791F4AD35C1A461C4B9B5CDAB2FB799C
:103A60001C49CB5C1340DBB2002B26D1FB79184AF2
:103A7000D35C1A46154B9B5CDAB2FB791549CB5CDB
:103A8000F9791348415C1343DAB2104B5A547B7BEB
:103A9000002B12D1BB7B104AD35C002B07D1FAF765
:103AA00053FCBB7B0D4A0021D154FAF723FC0C4B8D
:103AB000FF221A700B4B00221A70E5F7A7FDFB7B63
:103AC00018461037BD4680BDF4250300E039FF1FBE
:103AD000EC250300F0250300E439FF1FDC39FF1F4C
:103AE000CC39FF1FC839FF1F80B584B000AF034633
:103AF000FB71E5F7A3FDFB793A4AD35CFB73FB79D5
:103B0000394AD35C1A46394B9B5CDAB2FB793849A7
:103B1000CB5C1340DBB2002B5ED0FB79324AD35C26
:103B20001A46324B9B5CDAB2FB793149CB5CDB4302
:103B3000DBB2F9792C48415C1340DAB22B4B5A5472
:103B40002A4B1B78BB73BB7B002B45D1294B1B78C1
:103B5000FF2B06D1284AFB7B1370284AFB7B13708E
:103B600016E0244BFF221A70FB7B254AD35C002B06
:103B700007D1FB7B234AD35CFF2B02D1FAF7C0FBB2
:103B800006E01E4B1B78FF2B02D01B4AFB7B1370F9
:103B9000FB7B1B4AD35C002B1BD11A4B1B78FF2BE2
:103BA00017D1194B1B78002B13D1FAF7C7FBFAF783
:103BB000D1FB154B00221A70FAF7D2FB0346002BFB
:103BC00007D1FAF7C1FB104B1B78002B01D1FFF78F
:103BD00021FF084BFF221A70E5F718FD00BF1037D0
:103BE000BD4680BDF4250300EC250300E039FF1F2E
:103BF000F0250300C839FF1FCC39FF1FD039FF1F44
:103C0000E439FF1FB439FF1FDC39FF1F80B500AF57
:103C1000124B1B78012B1FD8114B1B78FF2B0CD19B
:103C20000F4B01221A700D4B1B78002B05D10D4B49
:103C30001B78FF2B01D1FAF757FB0B4B00221A80A0
:103C40000A4BFF221A700A4BFF221A70002000F064
:103C50009EFC024B02221A7000BF80BDE439FF1F98
:103C6000B439FF1FC839FF1FB039FF1FB839FF1F14
:103C7000C439FF1F80B582B000AF0346FB710B460D
:103C8000BB7113467B71BB79022B0FD17B79052B5E
:103C90000CD1FB790F4AD35C012B05D1FFF7CAFC8D
:103CA000FB790D4A0121D154FAF7D4FABB79012BE3
:103CB00006D17B79052B03D1FFF7E6FCFAF79AFAD8
:103CC0007A79B979FB791846F6F7D5FD00BF083740
:103CD000BD4680BDE439FF1FB439FF1F80B500AF7A
:103CE000FAF798FAFFF7FAFC00BF80BD80B500AF85
:103CF000064B1B78012B04D1FFF79CFC044B0122DF
:103D00001A70FFF7C1FC00BF80BD00BFE439FF1F80
:103D1000B439FF1F80B400AF00BFBD4680BC704700
:103D200080B500AFFAF786FA024B01221A7000BF85
:103D300080BD00BFE439FF1F80B400AF00BFBD46A7
:103D400080BC704780B500AFFAF794FA00BF80BD21
:103D500080B500AFFAF798FA00BF80BD80B582B099
:103D600000AF0346FB71E5F769FCFB791E4AD35CA3
:103D7000DAB2FB7902F07F02D1B21B4AD154FB794F
:103D80001A4AFF21D154E5F741FCFB79184A32F871
:103D900013301846FDF7B8F90346012B12D0E5F7AA
:103DA0004DFCFB79104AD35CDAB2FB7962F07F02FA
:103DB000D1B20D4AD154FB790C4A0021D154E5F718
:103DC00025FC0DE0FB79084AD35CDBB203F001036C
:103DD000002B05D0FA79FB790649895C064AD15453
:103DE00000BF0837BD4680BD083AFF1F0C3AFF1FD1
:103DF000182C0300802B0300EC39FF1F80B500AFA7
:103E000000F002F800BF80BD80B582B000AF3A4B31
:103E100000221A700023FB712AE0FB79374A52F81E
:103E20002330002B21D0FB79354A52F82330002B68
:103E30000FD0FB79314A52F82300FB79304A52F80F
:103E40002310FB792F4AD35C9BB21A4603F045FB43
:103E50000BE0FB79294A52F82320FB792949CB5CF6
:103E60009BB21946104603F004FBFB790133FB714A
:103E7000FB79072BD1D900F04FFB0121224803F039
:103E8000F8FA0023BB712FE0BB79204A32F81330D7
:103E90001A461F4B53F82230002B16D0BB791B4A11
:103EA00032F813301A461A4B53F82220BB791749BF
:103EB00031F813301946174B5B5C9BB203F00F03CC
:103EC0009BB21946104603F0D4FABB79124A00217E
:103ED000D154BB79114A0021D154BB79104A002139
:103EE000D154BB790133BB71BB79032BCCD900BF53
:103EF00000BF0837BD4680BDF039FF1F8C2403008A
:103F0000F82B030080240300043AFF1F182C030041
:103F1000F8230300F0230300083AFF1F0C3AFF1FA9
:103F2000EC39FF1F80B582B000AF174B1B7803F050
:103F30000803002B23D10023FB710AE0FA79FB79F7
:103F4000124931F81210124A22F81310FB7901338A
:103F5000FB71FB79072BF1D900F0DEFA01210D4846
:103F600003F087FA084B1B785BB223F00C035BB2BB
:103F700043F008035BB2DAB2034B1A7000E000BFF3
:103F80000837BD4680BD00BFF039FF1F942B0300EA
:103F9000F439FF1F043AFF1F80B582B000AF194B00
:103FA0001B7803F00203002B27D10023FB7112E0E2
:103FB000FA79FB791449895C144AD154FB79144A83
:103FC0000021D154FA79FB791249895C124AD15403
:103FD000FB790133FB71FB79032BE9D9FCF73AFC40
:103FE000084B1B785BB223F003035BB243F0020380
:103FF0005BB2DAB2034B1A7000E000BF0837BD466F
:1040000080BD00BFF039FF1F2C2C0300083AFF1FB2
:104010000C3AFF1F782B0300EC39FF1F80B400AF70
:10402000084B1B7803F00C03002B07D0054B1B78C3
:1040300023F00C03DAB2034B1A7000E000BFBD4658
:1040400080BC7047F039FF1F80B400AF084B1B786D
:1040500003F00303002B07D0054B1B7823F0030369
:10406000DAB2034B1A7000E000BFBD4680BC704757
:10407000F039FF1F80B400AF0A4B1B7803F0080330
:10408000002B0BD0074B1B785BB223F00C035BB209
:1040900043F004035BB2DAB2024B1A7000BFBD46B4
:1040A00080BC7047F039FF1F80B400AF0A4B1B780B
:1040B00003F00203002B0BD0074B1B785BB223F0FD
:1040C00003035BB243F001035BB2DAB2024B1A7036
:1040D00000BFBD4680BC7047F039FF1F80B582B07D
:1040E00000AF164B1B7803F00403002B22D00121F4
:1040F000134803F0BEF90023FB710AE0FA79FB795B
:10410000104931F81210104A22F81310FB790133CC
:10411000FB71FB79072BF1D900F0FEF9074B1B78F7
:104120005BB223F00C035BB243F008035BB2DAB27C
:10413000024B1A7000BF0837BD4680BDF039FF1F23
:10414000043AFF1F942B0300F439FF1F80B400AF23
:104150000A4B1B7803F00103002B0BD0074B1B7895
:104160005BB223F003035BB243F002035BB2DAB24B
:10417000024B1A7000BFBD4680BC7047F039FF1F6C
:1041800080B500AF00F004F800F008F800BF80BD73
:1041900080B400AF00BFBD4680BC704780B582B020
:1041A00000AF0023FB7101237B71334B1B7803F0BD
:1041B0000803002B5BD00023BB7154E0FF233B714D
:1041C000E5F73CFABB792D4AD35CFB70BB792B4AEF
:1041D0000021D154E5F71AFA3FE07B79DB43DAB2EC
:1041E0003B7913403B71FA787B791340DBB2002BAB
:1041F00008D0FA79FB79224931F81210214A22F8C5
:10420000131019E0FB791F4A32F81330002B13D03A
:10421000FB791C4A32F81320013A91B2194A22F86C
:104220001310FB79174A32F81330002B04D1FB79B5
:10423000154A52F8233098477B79802B02D101230D
:104240007B7102E07B795B007B71FB790133FB7151
:10425000FB79072B01D900233B713B79002BBCD1A3
:10426000BB790133BB71BB79002BA7D000E000BF45
:104270000837BD4680BD00BFF039FF1F043AFF1F5D
:10428000942B0300F439FF1FA42B030080B500AF6B
:1042900000F004F800F068F800BF80BD80B582B07F
:1042A00000AF294B1B7803F00303002B47D00423F6
:1042B000FB71FB79013BFB71FB79244A32F8133027
:1042C000BB80BB884FF6FF72934235D0BB88204A33
:1042D000D35C1A461F4B9B5CDAB2BB881E49CB5C91
:1042E0001340DBB2002B27D0E5F7A8F9BB88184AAA
:1042F000D35C1A46174B9B5CDAB2BB881649CB5C81
:10430000DB43DBB2B9881248415C1340DAB2114B8F
:104310005A54FA79FB791149895C114AD154E5F76D
:1043200075F9FB790F4A52F82330002B04D0FB7942
:104330000C4A52F823309847FB79002BB9D100BFC3
:104340000837BD4680BD00BFF039FF1F182C0300A1
:10435000482403000839FF1F502403007C2B03006E
:104360000C3AFF1F842B030080B582B000AF324BA4
:104370001B7803F00203002B59D00423FB71FB7957
:10438000013BFB71E5F75AF9FB792C4AD35CFF2B13
:104390000BD0FB79294AD35C002B06D0FB79274A46
:1043A000D25C013AD1B2254AD154E5F72FF9FB7915
:1043B000234AD35CDBB203F00103002B24D0FB794A
:1043C000204AD35C002B06D0FB791E4AD25C013A0E
:1043D000D1B21C4AD154FB791A4AD35C002B13D1B9
:1043E000FA79FB791849895C164AD154E5F726F920
:1043F000FB79134AD35CDAB2FB7962F07F02D1B267
:104400000F4AD154E5F702F9FB790D4AD35CDBB2D0
:104410005BB2002B08DAFB79084AD35C002B03D18E
:10442000FB791846FFF79AFCFB79002BA7D100BF58
:104430000837BD4680BD00BFF039FF1F0C3AFF1F93
:10444000083AFF1FEC39FF1F802B030080B485B0B2
:1044500000AF0346FB80FB880C4A12F81330FB7355
:1044600006E0FB7B0A4A0021D154FB7B0133FB733E
:10447000FB88064A5B0013445B78FA7B9A42F0D3D0
:1044800000BF00BF1437BD4680BC7047202C03001E
:104490000C3AFF1F80B483B000AF78607B689B89C3
:1044A000072B01D9012308E0064B1B7803F00C030E
:1044B000002B01D1002300E0012318460C37BD4634
:1044C00080BC7047F039FF1F80B582B000AFE5F7C0
:1044D000B5F80023FB7114E0FB790E4AD35CDBB224
:1044E00003F02003002B09D0FB790A4AD35CDAB22F
:1044F000FB7962F07F02D1B2064AD154FB790133D5
:10450000FB71FB79032BE7D9E5F780F800BF08378B
:10451000BD4680BD083AFF1F80B400AF00BFBD4656
:1045200080BC704780B584B000AF0346FB71FB7957
:10453000064A5B0013445B781846FEF705FF034606
:10454000FB73FB7B18461037BD4680BD302C030043
:1045500080B584B000AF0346FB71FB79064A5B006F
:1045600013445B781846FEF725FF0346FB73FB7B7D
:1045700018461037BD4680BD302C030080B483B090
:1045800000AF786000BF0C37BD4680BC704780B577
:1045900084B000AF0346FB71FB791846FEF79EFE20
:1045A0000346FB73FB7B18461037BD4680BD80B5C4
:1045B00084B000AF0346FB71FB791846FFF7B2FFEA
:1045C0000346FB73FB7B18461037BD4680BD80B5A4
:1045D00084B000AF0346FB71FB791846FFF7B8FFC4
:1045E0000346FB73FB7B18461037BD4680BD80B584
:1045F00086B000AF0346B9607A60FB73FB7B7A68D4
:10460000B9681846FEF7FAFE0346FB75FB7D1846AF
:104610001837BD4680BD80B584B000AF0346FB713E
:10462000FB791846FEF72CFF0346FB73FB7B18460D
:104630001037BD4680BD80B584B000AF0346FB7126
:10464000FB791846FEF748FF0346FB73FB7B1846D1
:104650001037BD4680BD80B582B000AF0346FB7108
:10466000FB79184600F0E2F800BF0837BD4680BD70
:1046700080B582B000AF0346FB71FB79184600F0AD
:10468000B7F800BF0837BD4680BD80B582B000AF27
:104690000346FB71FB79184600F0B9F800BF0837F4
:1046A000BD4680BD80B582B000AF0346FB71FB798B
:1046B000184600F07BF800BF0837BD4680BD0000FB
:1046C00080B582B000AF0346FB71074B00221A8011
:1046D000064B0A221A70FDF713F9FFF7FFFA00BF25
:1046E0000837BD4680BD00BFF838FF1FFC38FF1FEC
:1046F00080B584B000AF0346FB7100233B73E4F741
:104700009DFF144B1B88FB81E4F780FFFB89002B86
:104710001CD0104B1B88013B9AB20E4B1A800D4BDC
:104720001B88002B12D1E4F789FFE4F76FFF07F134
:104730000D0207F10C01FB791846FFF758FF3B7B90
:10474000022B01D9FDF7CAF8FFF702FB00BF1037B3
:10475000BD4680BDF838FF1F80B500AF114B1B88E8
:10476000002B1CD1FDF7CCF8E4F768FF00210120F5
:10477000FCF7E0FAE4F74AFFFFF7E4FA0A4B1B788C
:10478000002B09D0084B1B78013BDAB2064B1A709C
:10479000044B0A221A8002E0024BC8221A8000BF92
:1047A00080BD00BFF838FF1FFC38FF1F80B582B006
:1047B00000AF0346FB710D4B1B88002B08D0E4F7BC
:1047C0003DFFE4F723FF094B00221A80FFF7C0FAF0
:1047D000E4F734FF00210020FCF7ACFAE4F716FF01
:1047E000FFF77CFA00BF0837BD4680BDF838FF1FD1
:1047F00080B582B000AF0346FB71FDF76FF8FFF79D
:1048000075FAFFF787FA00BF0837BD4680BD80B54F
:1048100082B000AF0346FB71FFF782FAFFF78CFA14
:10482000FDF76EF800BF0837BD4680BD80B582B089
:1048300000AF0346FB71FFF7E9F900BF0837BD463B
:1048400080BD000080B584B000AF03463960FB80B6
:104850000123BB73164B1B88002B24D1E4F7EEFE1B
:104860000023FB730EE03B681A68FB7B1A44FB884D
:10487000104951F82310FB7B0B4412781A70FB7B14
:104880000133FB73FB7B9AB23B689B889A42EAD365
:10489000E4F7BCFEFB881846FCF736FC0346012B08
:1048A00001D10023BB73BB7B18461037BD4680BDCA
:1048B000F838FF1FF823030080B584B000AF78609C
:1048C0007B689B68BB607B685B681B78DBB29BB2D4
:1048D00003F00F039BB2BB817B681B8807F10802C2
:1048E00011461846FEF740FE002318461037BD4615
:1048F00080BD000080B485B000AF0346FB8000237C
:10490000FB73FB7B034A0A21D15400BF1437BD4619
:1049100080BC7047FC38FF1F80B582B000AF1A4BD7
:10492000FF221A700520FDF791F803467B807B88F3
:104930004FF6FF72934203D008210520FDF7E0F8FF
:1049400000237B6016E011497A6813465B0013442C
:104950005B000B44033300221A700D497A6813463A
:104960005B0013445B000B44033300221A707B6826
:10497000013B7B607B68002BE5DA00F00BF800BFA1
:104980000837BD4680BD00BF543AFF1F303AFF1FB5
:10499000103AFF1F80B582B000AF0E4B00221A7094
:1049A00000237B600EE07B68DBB20821184600F034
:1049B000EDF87B68DBB22821184600F00DF87B6823
:1049C000013B7B607B68002BEDDA00BF00BF08373E
:1049D000BD4680BD503AFF1F80B584B000AF03468E
:1049E0000A46FB711346BB71E4F728FE0123FB73F3
:1049F000FA79634913465B0013445B000B440333AD
:104A00001B78012B29D9FA795D4913465B001344C1
:104A10005B000B4403331B78092B1ED0FA795849ED
:104A200013465B0013445B000B44033309221A70E6
:104A3000BA79FB7911461846F9F724FF0346FB7350
:104A4000FB7B002B09D1FA794D4913465B001344D7
:104A50005B000B44033301221A70FA79484913466C
:104A60005B0013445B000B4400221A80FA7944492E
:104A700013465B0013445B00CA1813796FF30003FD
:104A80001371FA793E4913465B0013445B00CA1860
:104A900013796FF382031371FB7B002B58D0FA79E3
:104AA000374913465B0013445B000B440333002279
:104AB0001A70FA79324913465B0013445B00CA1836
:104AC00013796FF341031371FA792E4913465B0092
:104AD0001344DB000B440B3300221A70FA79294986
:104AE00013465B001344DB000B440E334FF6FF729A
:104AF0001A80FA79234913465B001344DB000B4408
:104B000010334FF6FF721A80FA791E4913465B0084
:104B10001344DB000B441233FF221A70FA7919494F
:104B200013465B001344DB000B4403F11002D378FF
:104B30006FF30303D370FA79124913465B001344F1
:104B4000DB000B4403F1100213796FF302031371BE
:104B50000D4B1B785BB2002B0CDB0B4B1B78FA79EF
:104B60009A4207D10520FCF77DFA074BFF221A7005
:104B700001F042FBE4F74AFD00BF1037BD4680BD9F
:104B8000103AFF1F183AFF1F543AFF1F80B584B038
:104B900000AF03460A46FB711346BB71E4F74EFDB6
:104BA000FA79664913465B0013445B000B440333F8
:104BB0001B78012B1AD9FA79604913465B0013441C
:104BC0005B000B4403331B78072B0FD0FA795B494A
:104BD00013465B0013445B000B44033307221A7037
:104BE000BA79FB7911461846F9F758FDFA79534915
:104BF00013465B0013445B000B4400221A80FA79D1
:104C00004E4913465B0013445B000B440333002200
:104C10001A70FA79494913465B0013445B00CA18BD
:104C200013796FF300031371FA79444913465B005B
:104C300013445B00CA1813796FF341031371FA79B7
:104C40003F4913465B001344DB000B440C33FF2247
:104C50001A70FA793A4913465B001344DB000B449F
:104C60000E334FF6FF721A80FA79354913465B000E
:104C70001344DB000B4410334FF6FF721A80FA79AD
:104C80002F4913465B001344DB000B441233FF2211
:104C90001A70FA792A4913465B001344DB000B446F
:104CA00003F11002D3786FF30303D370FA79244928
:104CB00013465B001344DB000B4403F1100213792D
:104CC0006FF302031371FA791D4913465B00134415
:104CD000DB000B4403F1100213796FF3C50313716A
:104CE000FA79174913465B001344DB000B4403F1C8
:104CF000100213796FF387131371124B1B78FF2B7C
:104D000015D0104B1B785BB2002B10DAFB7963F0E7
:104D10007F03FB730B4B1B78FA7B9A4207D105206C
:104D2000FCF7A0F9074BFF221A7001F09BFBE4F798
:104D30006DFC00BF1037BD4680BD00BF303AFF1F7D
:104D4000383AFF1F543AFF1F90B591B000AF78601A
:104D50003980FF2387F82730FF2387F826307868CB
:104D6000F5F782FE0346FB76FB7E002B02D1002383
:104D700001F07DB83B7803F00703DBB2022B0BD0C8
:104D80003B7803F00703DBB2042B05D03B7803F03C
:104D90000703DBB2052B02D10123FB6301E00023F3
:104DA000FB637B685B6806331B889BB29B109BB2DE
:104DB000C3F30A033B833B7803F00703DBB2022B08
:104DC00007D13B8B87F827307B689B681B7887F877
:104DD0002630012387F837303B7803F00703DBB236
:104DE000022B05D03B7803F00703DBB2032B07D17E
:104DF00097F826301846F5F77BFE034687F83730DC
:104E000097F83730002B02D1002301F030B87B68CF
:104E10005B681B78DBB203F00F03FB75FB7D072B90
:104E200002D8002301F023B87B689A68FB6B134417
:104E30001B78DBB203F0F003302B00F07886302BC8
:104E400001F31380202B00F05484202B01F30D80FC
:104E5000002B0BD0102B41F008803B7803F0380377
:104E6000DBB2102B02D1002301F001B8FF233B631A
:104E7000FF2387F82F300023BB6279E09A49BA6A92
:104E800013465B0013445B000B4403331B78002B79
:104E900068D03B7803F00703DBB2022B30D1934993
:104EA000BA6A13465B001344DB000B4410331B79D2
:104EB000C3F30203DBB2022B22D18C49BA6A134638
:104EC0005B001344DB000B440C331B7897F827205E
:104ED0009A4215D197F82630002B11D18249BA6A2F
:104EE00013465B0013445B000B4403331B78012B18
:104EF00002D0BB6A3B633EE0FF2387F82F303AE0E5
:104F00003B7803F00703DBB2012B2ED17749BA6A55
:104F100013465B001344DB000B4410331B79C3F3CF
:104F20000203DBB2012B20D17049BA6A13465B0041
:104F30001344DB000B4410331B883A8B9A4214D184
:104F40006949BA6A13465B0013445B000B440333A0
:104F50001B78012B02D0BB6A3B630CE0FF2387F870
:104F60002F3008E0BB6A87F82F30BB6A013BBB6279
:104F7000BB6A002B82DA3B6BFF2B08D03B6BDBB2AA
:104F800006211846FFF702FE3B6B87F82F3097F893
:104F90002F30FF2B35D097F82F30BB625249BA6AB9
:104FA00013465B0013445B000B44033302221A7068
:104FB0003B78C3F30203D9B24C48BA6A13465B008C
:104FC0001344DB00034403F11002137961F302037D
:104FD00013713B78C3F3C203D9B24448BA6A13468B
:104FE0005B001344DB00034403F11002137961F307
:104FF000C50313713B7803F00703DBB2022B0FD01C
:1050000002E0002300F033BF3B7803F00703DBB27C
:10501000032B05D03B7803F00703DBB2042B0BD145
:105020003249BA6A13465B001344DB000B440C336D
:1050300097F827201A7009E02C49BA6A13465B00DA
:105040001344DB000B4410333A8B1A802749BA6AA9
:1050500013465B001344DB000B44083300221A8024
:105060007B689A68FB6B13441B78DBB203F0F00398
:10507000002B00F00482102B40F02A833B7803F0D1
:105080000703DBB2022B0BD03B7803F00703DBB244
:10509000032B05D03B7803F00703DBB2042B20D1B0
:1050A00097F83730012B0ED0022B21D10E49BA6A66
:1050B00013465B0013445B000B44033300221A7059
:1050C000002300F0D4BE0949BA6A13465B001344BA
:1050D000DB000B4403F1100253796FF300035371AB
:1050E00007E000BF05E000BF303AFF1F383AFF1F5E
:1050F00000BFFB7D072B40F2B0817B689A68FB6B99
:1051000013441B78DBB29BB21B029BB203F47063A7
:1051100098B28D49BA6A13465B001344DB000B4416
:105120000A3302461A807B689A68FB6B013313448A
:105130001B78DBB299B28448BA6A13465B00134409
:10514000DB0003440A331B880B4398B27E49BA6ADA
:1051500013465B001344DB000B440A3302461A80FB
:10516000FB7D082B30D9F97D7748BA6A13465B007E
:105170001344DB00034410331B79C3F30203DBB297
:10518000022B1BD07048BA6A13465B001344DB0045
:10519000034410331B79C3F30203DBB2042B0DD09D
:1051A0006948BA6A13465B001344DB0003441033BA
:1051B0001B79C3F30203DBB2052B01D1012300E00D
:1051C00000230233CB1A2CE05F49BA6A13465B0016
:1051D0001344DB000B4410331B79C3F30203DBB22F
:1051E000022B1BD05849BA6A13465B001344DB00FC
:1051F0000B4410331B79C3F30203DBB2042B0DD035
:105200005149BA6A13465B001344DB000B44103368
:105210001B79C3F30203DBB2052B01D1062300E0A7
:105220000723FB604849BA6A13465B001344DB005E
:105230000B440A331B881A46FB68934280F0FD80BA
:105240004149BA6A13465B001344DB000B4403F187
:10525000100213796FF387131371FB6BDBB2023308
:10526000FB727B689A68FB7AD1183748BA6A134692
:105270005B001344DB0003441960BB6AD8B23249B7
:10528000BA6A13465B001344DB000B440A331B88E5
:105290001946F5F779FD01462B48BA6A13465B00BB
:1052A0001344DB000344043319602749BA6A1346E8
:1052B0005B001344DB000B4410331B79C3F38113F1
:1052C000DBB2022B02D0032B0BD02EE01F49BA6AAF
:1052D00013465B0013445B000B44033300221A7037
:1052E000CAE01A49BA6A13465B0013445B000B44D8
:1052F00005221A801549BA6A13465B0013445B0005
:105300000B44033306221A701049BA6A13465B0035
:1053100013445B00CA18137943F001031371BB6A8D
:10532000DBB2184601F0B4F8A6E00749BA6A1346A2
:105330005B001344DB000B4404331B68002B71D06B
:1053400000233B621FE000BF383AFF1F303AFF1FC7
:10535000AC49BA6A13465B001344DB000B441A687D
:105360003B6AD118A748BA6A13465B001344DB00B6
:10537000034404331A683B6A13440A78D2B21A70A1
:105380003B6A01333B62FA7DFB7AD31ADBB21A46E1
:105390003B6A9342DCD3FB7D9AB2FB7A9BB2D31A71
:1053A00098B29849BA6A13465B001344DB000B4479
:1053B000083302461A809349BA6A13465B001344C5
:1053C000DB000B4403F11002D378012161F30303E6
:1053D000D3703B7803F00703DBB2052B8A49BA6A26
:1053E00013465B0013445B000B4405221A80864978
:1053F000BA6A13465B0013445B000B440333052277
:105400001A708149BA6A13465B0013445B00CA18DC
:10541000137943F001031371BB6ADBB2184601F044
:1054200037F829E07849BA6A13465B0013445B00F9
:105430000B44033300221A701EE07349BA6A134604
:105440005B0013445B000B44033301221A70BB6AF8
:10545000DBB2184601F004FE0EE06B49BA6A13464F
:105460005B0013445B000B44033301221A70BB6AD8
:10547000DBB2184601F0F4FD002300F0F8BC3B78E5
:1054800003F00703DBB2022B0BD03B7803F00703DA
:10549000DBB2032B05D03B7803F00703DBB2042B10
:1054A00030D197F83730012B02D0022B0ED02AE0F2
:1054B0005449BA6A13465B001344DB000B4403F102
:1054C000100253796FF3000353711CE04D49BA6A1F
:1054D00013465B001344DB000B4403F110025379C5
:1054E00043F0010353714749BA6A13465B00134402
:1054F000DB000B4403F110021379022161F3C503B1
:10550000137100E000BF7B689A68FB6B13441B7843
:10551000DBB298B23B49BA6A13465B001344DB0026
:105520000B440A3302461A80FB6BDBB20133FB7279
:105530003449BA6A13465B001344DB000B440A3358
:105540001B88002B00F0B380F97D2E48BA6A134601
:105550005B001344DB0003440A331B881A46FB7AC2
:1055600013449942C0F2A3802649BA6A13465B00ED
:105570001344DB000B4403F1100213796FF387131C
:1055800013717B689A68FB7AD1181E48BA6A134671
:105590005B001344DB0003441960BB6AD8B21949AD
:1055A000BA6A13465B001344DB000B440A331B88C2
:1055B0001946F5F7E9FB01461248BA6A13465B0043
:1055C0001344DB000344043319600E49BA6A1346DE
:1055D0005B001344DB000B4404331B68002B56D0E4
:1055E0000849BA6A13465B001344DB000B441033CE
:1055F0001B79C3F38113DBB2002B48D10023BB63BB
:105600001FE000BF383AFF1F303AFF1F9449BA6AC3
:1056100013465B001344DB000B441A68BB6BD118C4
:105620008F48BA6A13465B001344DB00034404331B
:105630001A68BB6B13440A78D2B21A70BB6B013381
:10564000BB638749BA6A13465B001344DB000B4413
:105650000A331B881A46BB6B9342D7D38149BA6A77
:1056600013465B0013445B000B44033301221A70A2
:10567000BB6AD8B27A49BA6A13465B001344DB00AE
:105680000B440A331B881946F5F7ACFB1EE075493D
:10569000BA6A13465B0013445B000B4403330122D8
:1056A0001A70BB6ADBB2184601F0DAFC0EE06D49F5
:1056B000BA6A13465B0013445B000B4403330122B8
:1056C0001A70BB6ADBB2184601F0CAFC0023CEE3B5
:1056D0006449BA6A13465B0013445B000B4403330E
:1056E00001221A70BB6ADBB2184601F0B9FC00BF98
:1056F000BCE300233B630023BB6213E25949BA6A4F
:1057000013465B0013445B000B4403331B78032BED
:105710000BD05449BA6A13465B0013445B000B4438
:1057200003331B78052B40F0FA813B7803F0070325
:10573000DBB2022B12D14A49BA6A13465B0013440A
:10574000DB000B440C331B7897F827209A4205D1D5
:1057500097F82630002B01D101233B633B7803F0FF
:105760000703DBB2012B0DD13D49BA6A13465B003A
:105770001344DB000B4410331B883A8B9A4201D14F
:1057800001233B633B6B012B40F0C9813549BA6A69
:1057900013465B0013445B000B4403331B78052B5B
:1057A00015D13049BA6A13465B0013445B000B44C1
:1057B0001B79C3F30003DBB2002B06D10520FBF7F6
:1057C00051FC052001F030F901E000234FE32449AA
:1057D000BA6A13465B001344DB000B4408331B8892
:1057E0001A46FB7D13441A46FB6BD31A591E1C48FC
:1057F000BA6A13465B001344DB0003440A331B8878
:105800009942C0F08E807B689A68FB6B13441B78CA
:10581000DBB203F00F011248BA6A13465B0013446F
:10582000DB0003441033DB78C3F30303DBB299429C
:1058300006D0BB6ADBB201211846FFF7A7F96CE17D
:105840007B689A68FB6B0133D1180548BA6A134626
:105850005B001344DB00034419600023BB6326E0B4
:10586000383AFF1F303AFF1F7B689A68FB6B0133A1
:105870001A44BB6BD118B048BA6A13465B00134494
:10588000DB00034404331868AB4CBA6A13465B0070
:105890001344DB00234408331B881A46BB6B1344B4
:1058A00003440A78D2B21A70BB6B0133BB63A249BE
:1058B000BA6A13465B001344DB000B440A331B88AF
:1058C00018469D49BA6A13465B001344DB000B443B
:1058D00008331B88C31A1A46BB6B9342C4D397493B
:1058E000BA6A13465B0013445B000B440333012286
:1058F0001A709249BA6A13465B0013445B000B446A
:1059000000221A80BB6AD8B28B49BA6A13465B0080
:105910001344DB000B440A331B881946F5F762FA7F
:10592000FBE0FB7D082B40F0F8807B689A68FB6BFE
:1059300013441B78DBB203F00F017F48BA6A1346A9
:105940005B001344DB0003441033DB78C3F3030331
:10595000DBB2994206D0BB6ADBB201211846FFF7E1
:1059600015F9DAE07B689A68FB6B0133D11872484D
:10597000BA6A13465B001344DB000344196000233A
:10598000FB6125E06C49BA6A13465B001344DB00F7
:105990000B441A68FB69D1186748BA6A13465B0062
:1059A0001344DB00034404331868634CBA6A13469B
:1059B0005B001344DB00234408331B881A46FB6951
:1059C000134403440A78D2B21A70FB690133FB61B5
:1059D000FA7DFB6BD31A013BFA699A42D2D356493E
:1059E000BA6A13465B001344DB000B4408331A8881
:1059F000FB7D99B2FB6B9BB2CB1A9BB213449BB25B
:105A0000013B98B24C49BA6A13465B001344DB0071
:105A10000B44083302461A804749BA6A13465B00B2
:105A20001344DB000B441033DB78C3F30303DBB216
:105A30000133DBB203F00F03D9B23F48BA6A134611
:105A40005B001344DB00034403F11002D37861F3DD
:105A50000303D3703949BA6A13465B0013445B00F1
:105A60000B4402331B78002B44D03449BA6A1346E6
:105A70005B0013445B000B4402331B78013BD8B23C
:105A80002E49BA6A13465B0013445B000B44023391
:105A900002461A702949BA6A13465B0013445B0038
:105AA0000B4402331B78002B24D12449BA6A1346D5
:105AB0005B0013445B000B44033305221A701F493B
:105AC000BA6A13465B0013445B000B4405221A803C
:105AD0001A49BA6A13465B0013445B00CA1813796B
:105AE00043F001031371BB6ADBB2184600F0D0FC2F
:105AF0000023BCE11149BA6A13465B0013445B0002
:105B00000B4410221A800D49BA6A13465B001344F5
:105B10005B000B44033303221A700023A7E1BB6A26
:105B2000013BBB62BB6A002BBFF6E8AD9EE10023E0
:105B30003B630023BB6293E1383AFF1F303AFF1FFB
:105B40009449BA6A13465B0013445B000B44033369
:105B50001B78022B16D08F49BA6A13465B00134498
:105B60005B000B4403331B78062B0BD08949BA6AC0
:105B700013465B0013445B000B4403331B78072B75
:105B800040F06B813B7803F00703DBB2022B20D19E
:105B90008149BA6A13465B001344DB000B4410339F
:105BA0001B79C3F30203DBB2022B12D17A49BA6A22
:105BB00013465B001344DB000B440A331B7897F851
:105BC00027209A4205D197F82630002B01D10123D6
:105BD0003B633B7803F00703DBB2012B1BD16E491B
:105BE000BA6A13465B001344DB000B4410331B7985
:105BF000C3F30203DBB2012B0DD16749BA6A134626
:105C00005B001344DB000B4410331B883A8B9A4231
:105C100001D101233B633B6B012B40F01E815D49A9
:105C2000BA6A13465B0013445B000B441B79C3F351
:105C30000003DBB2002B27D15649BA6A13465B003A
:105C400013445B000B4403331B78062B15D05149DA
:105C5000BA6A13465B0013445B000B4403331B78A2
:105C6000072B13D14B49BA6A13465B0013445B0000
:105C70000B4402331B78012B08D10520FBF7F2F906
:105C8000052000F0D1FE01E00023F0E04149BA6AAE
:105C900013465B0013445B000B4403331B78022B59
:105CA00040F0D880FA7DFB6B03339A42C0F0D2807B
:105CB0007B689A68FB6B13441B78DBB2322B00F0D5
:105CC000BB80322B00F3BF80302B03D0312B00F090
:105CD000A980B8E02F49BA6A13465B0013445B0001
:105CE0000B441B79C3F3C003DBB2002B69D12949F4
:105CF000BA6A13465B0013445B00CA18137943F079
:105D0000080313717B689A68FB6B013313441B789B
:105D1000D8B22149BA6A13465B001344DB000B4436
:105D20000B3302461A707B689A68FB6B023313448C
:105D30001B78DBB23B613B690E2B0AD81649BA6A65
:105D400013465B001344DB000B440C3303221A7030
:105D500037E03B6903F08003002B1FD03B69F02B39
:105D60000DD93B69F92B0AD80B49BA6A13465B0077
:105D70001344DB000B440C3303221A7021E0064964
:105D8000BA6A13465B001344DB000B440C331B223E
:105D90001A7016E0103AFF1F183AFF1F3B690433D0
:105DA000354AA2FB03239B08DBB20133D8B2334947
:105DB000BA6A13465B001344DB000B440C33024603
:105DC0001A702E49BA6A13465B001344DB000B4479
:105DD0000B3318782A49BA6A13465B0013445B00F8
:105DE0000B44023302461A702449BA6A13465B0018
:105DF0001344DB000B440C331B7898B22049BA6A79
:105E000013465B0013445B000B4402461A801C4996
:105E1000BA6A13465B0013445B000B44033303224E
:105E20001A7018E01649BA6A13465B0013445B0007
:105E30000B4410221A800EE0BB6ADBB232211846F6
:105E4000FEF7CAFD07E0BB6ADBB226211846FEF763
:105E5000C3FD00E000BF002309E0BB6A013BBB6259
:105E6000BB6A002BBFF66CAE00E000BF00231846F3
:105E70004437BD4690BD00BFCDCCCCCC183AFF1FF7
:105E8000103AFF1F80B584B000AF0346FB710023BA
:105E9000FB6037E01F49FA6813465B0013445B0060
:105EA0000B4403331B78002B29D1E3F7C7FBFA68B7
:105EB00013465B0013445B00164A1344BB60BB6887
:105EC000DB78DBB2002B18D11249FA6813465B006D
:105ED00013445B000B44033301221A70E3F796FB73
:105EE0000D49FA6813465B001344DB000B44123380
:105EF000FA791A70FB68DBB208E0E3F787FBFB680E
:105F0000013BFB60FB68002BC4DAFF231846103707
:105F1000BD4680BD103AFF1F183AFF1F80B586B0FE
:105F200000AF03463960FB711346BB80BB88002B72
:105F300001D1012357E1FF23FB6000233B6198E07F
:105F4000AB493A6913465B0013445B000B440333CF
:105F50001B78002B00F08A80A5493A6913465B0044
:105F600013445B000B4403331B78012B7ED0FB7979
:105F70003A699A427AD0FA799E4913465B001344F3
:105F8000DB000B4410331B79C3F30203D9B29948E9
:105F90003A6913465B001344DB00034410331B795A
:105FA000C3F30203DBB2994260D192493A691346C6
:105FB0005B001344DB000B4410331B79C3F3020373
:105FC000DBB2022B15D1FA798A4913465B001344E0
:105FD000DB000B440A33197886483A6913465B00A4
:105FE0001344DB0003440A331B78994201D1012397
:105FF000FB6080493A6913465B001344DB000B44A5
:1060000010331B79C3F30203DBB2012B29D1FA79D8
:10601000784913465B001344DB000B4410331988A6
:1060200074483A6913465B001344DB0003441033A1
:106030001B88994215D1FA796E4913465B001344C7
:10604000DB000B440E3319886A483A6913465B003B
:106050001344DB0003440E331B88994201D1012312
:10606000FB60FB68012B01D10323BCE03B69013BD2
:106070003B613B69002BBFF663AFFA795D4913467C
:106080005B001344DB000B4410331B79C3F30203A2
:10609000DBB2022B1BD0FA79564913465B0013443E
:1060A000DB000B4410331B79C3F30203DBB2042B78
:1060B0000DD0FA794F4913465B001344DB000B44C3
:1060C00010331B79C3F30203DBB2052B0DD1FA7930
:1060D000474913465B0013445B00CA18137943F029
:1060E0001003137101237B610CE0FA7940491346D8
:1060F0005B0013445B00CA1813796FF30413137128
:1061000000237B61E3F79AFAFA79394913465B0079
:1061100013445B000B4403331B78002B03D1E3F7DC
:1061200075FA01235FE0FA79314913465B001344A5
:106130005B000B4403331B78012B03D0E3F766FAB3
:10614000032350E07B699BB2C3F107039BB2BA887B
:106150009A420AD8FA79264913465B0013445B0039
:106160000B44033305221A7009E0FA7920491346DB
:106170005B0013445B000B44033306221A70FA7968
:106180001B4913465B0013445B000B4406221A8034
:10619000FA79184913465B001344DB000B443A6854
:1061A0001A60FA79134913465B001344DB000B4471
:1061B000043300221A80FA790E4913465B00134417
:1061C000DB000B440833BA881A80FA790849134671
:1061D0005B0013445B00CA18137943F00103137189
:1061E000E3F714FA002318461837BD4680BD00BFF8
:1061F000103AFF1F183AFF1F80B582B000AF00238E
:106200007B6007E07B68DBB2184600F00BF87B6828
:10621000013B7B607B68002BF4DA00BF00BF0837CE
:10622000BD4680BD80B586B000AF0346FB71894B8B
:106230001B78002B40F00A81864B01221A70FA79F4
:10624000854913465B0013445B000B441B79C3F381
:106250008003DBB2002B35D0E3F7F0F9FA7913466F
:106260005B0013445B007C4A13447B617B699B8821
:10627000C3F38003DBB2002B21D0FA7976491346B1
:106280005B0013445B00CA1813796FF38203137128
:10629000E3F7BCF90520FAF737FF0346FB72FB7AF8
:1062A000012B00F0D080FA796B4913465B00134450
:1062B0005B00CA18137943F004031371C3E0E3F7DA
:1062C000A5F9C0E0FA79644913465B0013445B000A
:1062D0000B441B79C3F30003DBB2002B00F0B38047
:1062E000E3F7ACF9FA7913465B0013445B005A4AB2
:1062F00013447B617B699B88C3F30003DBB2002BF3
:1063000000F09F80554B1B78FF2B40F09780534A3D
:10631000FB791370FA79504913465B0013445B0014
:10632000CA1813796FF300031371FB79184600F054
:1063300003FA38613B69002B19D1FB79184601F04B
:1063400015F80520FAF7E0FE0346FB72E3F75EF965
:10635000FB7A012B77D0FA793F4913465B0013444F
:106360005B00CA18137943F0040313716BE0FA79E8
:10637000394913465B0013445B000B4403331B781D
:10638000072B15D0FA79344913465B0013445B00A0
:106390000B4403331B78082B0AD0FA792E49134695
:1063A0005B0013445B000B4403331B78062B34D192
:1063B000FA79294913465B0013445B000B441B79AF
:1063C000C3F30013DBB2FB60FA79234913465B0089
:1063D00013445B000B4403331B78062B0AD1FA7974
:1063E0001F4913465B001344DB000B4404330022B7
:1063F0001A8012E0F979FA7919480B465B000B44D0
:10640000DB00034406331888154913465B00134428
:10641000DB000B44043302461A80104BFF221A7033
:10642000FA790D4913465B0013445B00CA181379CF
:1064300043F001031371E3F7E9F804E0E3F7E6F84A
:1064400001E0E3F7E3F8034B00221A7000BF1837AE
:10645000BD4680BD503AFF1F103AFF1F543AFF1F40
:10646000183AFF1F80B582B000AF00237B6007E0C1
:106470007B68DBB2184600F00BF87B68013B7B6061
:106480007B68002BF4DA00BF00BF0837BD4680BD33
:1064900080B586B000AF0346FB71A24B1B78002B82
:1064A00040F03B819F4B01221A70FA799E491346B6
:1064B0005B0013445B000B441B79C3F34003DBB266
:1064C000002B35D0E3F7BAF8FA7913465B00134492
:1064D0005B00954A13443B613B699B88C3F34003CF
:1064E000DBB2002B21D0FA798F4913465B001344AD
:1064F0005B00CA1813796FF341031371E3F786F851
:106500000520FAF701FE0346FB73FB7B012B00F02D
:106510000181FA79844913465B0013445B00CA1871
:10652000137943F002031371F4E0E3F76FF8F1E03D
:10653000FA797D4913465B0013445B000B441B79D9
:10654000C3F30003DBB2002B00F0E480E3F776F83E
:10655000FA7913465B0013445B00734A13443B61B2
:106560003B699B88C3F30003DBB2002B00F0D080B3
:106570006E4B1B78FF2B40F0C880FB7963F07F03E4
:10658000DAB26A4B1A70FA79674913465B00134412
:106590005B00CA1813796FF300031371FA79644929
:1065A00013465B001344DB000B4410331B79C3F329
:1065B0000203DBB2022B1BD0FA795D4913465B0064
:1065C0001344DB000B4410331B79C3F30203DBB22B
:1065D000042B0DD0FA79564913465B001344DB00B7
:1065E0000B4410331B79C3F30203DBB2052B02D13A
:1065F00001237B6101E000237B61FA794C4913465A
:106600005B001344DB000B4410331B79C3F302031C
:10661000DBB2022B0AD1FA79454913465B001344D9
:10662000DB000B440C331A78424B1A70FA7940495C
:1066300013465B001344DB000B4410331B79C3F398
:106640000203DBB2012B0DD0FA79394913465B0006
:106650001344DB000B4410331B79C3F30203DBB29A
:10666000032B02D1334B0022DA70324B00221A7115
:10667000304B00225A712F4B00229A712D4B002271
:10668000DA71FA79284913465B0013445B000B4426
:1066900003331B78062B05D1264A7B69134432222B
:1066A0001A7004E0234A7B69134430221A707B6914
:1066B0000133204A0821D1547B6902331D4A052148
:1066C000D154FA79184913465B0013445B000B441C
:1066D000023308221A70FB79184600F0CFFC05201F
:1066E000FAF712FD0346FB73FB7B012B0AD0FA7904
:1066F0000D4913465B0013445B00CA18137943F03D
:1067000002031371E2F782FF04E0E2F77FFF01E08A
:10671000E2F77CFF034B00221A7000BF1837BD461A
:1067200080BD00BF503AFF1F303AFF1F543AFF1F91
:10673000383AFF1F9438FF1F80B58CB000AF7860E7
:106740000023BB62AB497A6813465B0013445B00CD
:106750000B441B79C3F30013DBB27B627B68DBB2B3
:106760003B72A5497A6813465B001344DB000B4477
:106770001968A1487A6813465B001344DB000344A0
:1067800004331B880B443B619A497A6813465B00CB
:1067900013445B000B4403331B78082B00F3FE808B
:1067A000072B80F28780052B02D0062B21D0F5E045
:1067B00091497A6813465B001344DB000B440833AD
:1067C0001B88D9B28D4A7B6A13440A461A7001238A
:1067D000BB627B6A0133894A1344FB6086497A684D
:1067E00013465B001344DB000B4408331B88BB8259
:1067F000D6E0824A7B6A134410221A707F4A7B6A71
:10680000134419787C487A6813465B001344DB0014
:10681000034408331B881B12DBB203F00F03DBB207
:106820000B43D9B2754A7B6A13440A461A707249FF
:106830007A6813465B001344DB000B4408331A8864
:106840007B6A0133D1B26D4AD1547B6ADBB2023329
:1068500087F8233097F82330684A1344FB607B6A3B
:106860009BB2C3F106039BB2BB820223BB62B88A10
:1068700061497A6813465B001344DB000B44043320
:1068800002461A805C497A6813465B001344DB00B9
:106890000B4403F11002D3786FF30303D37055490F
:1068A0007A6813465B0013445B000B4402330022FA
:1068B0001A7075E0514A7B6A134420221A704F4ABD
:1068C0007B6A134419784C487A6813465B0013447A
:1068D000DB0003441033DB78C3F30303DBB20B4369
:1068E000D9B2464A7B6A13440A461A700123BB6236
:1068F0007B6A0133414A1344FB603E497A68134680
:106900005B0013445B000B4403331B78082B15D149
:1069100039497A6813465B001344DB000B440833A3
:10692000198835487A6813465B001344DB0003443A
:1069300004331B88CB1A9BB2BB8205E07B6A9BB2F7
:10694000C3F107039BB2BB822B497A6813465B00F5
:106950001344DB000B440433188827497A68134634
:106960005B001344DB000B44063302461A802249C5
:106970007A6813465B001344DB000B4404331A8827
:10698000BB8A134498B21C497A6813465B001344CF
:10699000DB000B44043302461A8001E001233CE093
:1069A00015497A6813465B001344DB000B4410332F
:1069B0001B79C3F30203DBB2022B0AD10E497A68BA
:1069C00013465B001344DB000B440A331A780B4B6D
:1069D0001A7007F108031846F7F718FF0346FB6122
:1069E000BB8A1A46BB6A13447A6A1344FB620823C3
:1069F000FB760DE0103AFF1F183AFF1F9438FF1F77
:106A0000084AFB6A134400221A70FB6A0133FB62D6
:106A1000FB7EFA6A9A42F3D3FB6918463037BD46CB
:106A200080BD00BF9438FF1F80B584B000AF03461F
:106A3000FB800C4B1B7803F07F03FB60094B1B783A
:106A40005BB2002B03DBF86800F00EF802E0F86898
:106A500000F0F8F8FFF706FDFFF7CEFB00BF103798
:106A6000BD4680BD543AFF1F80B584B000AF78604A
:106A700071497A6813465B0013445B000B441B7931
:106A8000C3F30013DBB2FB606B497A6813465B000B
:106A900013445B000B4403331B78053B032B00F2CC
:106AA000C68001A252F823F0B96A05002F6B0500D9
:106AB0006D6B0500B96A05007B68DBB200211846E2
:106AC000F7F7B0FE5C497A6813465B0013445B003D
:106AD0000B441B79C3F34003DBB2002B13D156499F
:106AE0007A6813465B0013445B000B4400221A8053
:106AF00051497A6813465B0013445B000B4403332F
:106B000000221A708FE04C497A6813465B001344E8
:106B10005B000B4400221A8047497A6813465B00E9
:106B200013445B000B44033301221A707BE042499B
:106B30007A6813465B0013445B000B4410221A80F2
:106B40003D497A6813465B0013445B000B440333F2
:106B500002221A7038497A6813465B0013445B00BE
:106B6000CA1813796FF3C30313715CE032497A6872
:106B700013465B0013445B000B4402331B78002B6D
:106B800033D02D497A6813465B0013445B000B44F5
:106B900002331B78013BD8B227497A6813465B0061
:106BA00013445B000B44023302461A7022497A6890
:106BB00013465B0013445B000B4402331B78002B2D
:106BC00013D11D497A6813465B0013445B000B44E4
:106BD00010221A8018497A6813465B0013445B0040
:106BE0000B44033302221A701DE014497A681346DD
:106BF0005B001344DB000B440C331B7898B20E4946
:106C00007A6813465B0013445B000B4402461A800B
:106C100009497A6813465B0013445B000B44033355
:106C200003221A7000BF064BFF221A7000E000BF5B
:106C30001037BD4680BD00BF103AFF1F183AFF1F36
:106C4000543AFF1F80B483B000AF78601E497A6861
:106C500013465B0013445B000B4403331B78052B86
:106C600002D0062B14D02AE017497A6813465B003D
:106C700013445B000B4410221A8013497A681346B0
:106C80005B0013445B000B44033303221A7013E0D0
:106C90000D497A6813465B0013445B000B440022E5
:106CA0001A8009497A6813465B0013445B000B4461
:106CB000033300221A7000BF044BFF221A700C37F6
:106CC000BD4680BC704700BF303AFF1F543AFF1FDB
:106CD00080B485B000AF786039497A6813465B00AC
:106CE0001344DB000B441033DB78C3F30303DBB244
:106CF0000133DBB203F00F03D9B231487A6813468F
:106D00005B001344DB00034403F11002D37861F30A
:106D10000303D3702B497A6813465B0013445B006E
:106D20000B441B79C3F30013DBB2FB6024497A6880
:106D300013465B001344DB000B4404331B881A46E4
:106D4000FB689BB2C3F107039BB2D1181C487A6859
:106D500013465B001344DB00034408331B8899424D
:106D60000ADB18497A6813465B0013445B000B4446
:106D7000033308221A7009E012497A6813465B004F
:106D800013445B000B44033307221A700D497A68E1
:106D900013465B0013445B000B4406221A8009492A
:106DA0007A6813465B0013445B00CA18137943F0FA
:106DB0000103137100BF1437BD4680BC704700BF8C
:106DC000183AFF1F103AFF1F80B582B000AF0023B2
:106DD0007B6075E03E497A6813465B0013445B00B4
:106DE0000B441B88002B68D0E2F728FC7A68134616
:106DF0005B0013445B00364A13443B603B681B88CE
:106E00009BB2002B57D032497A6813465B0013447B
:106E10005B000B441B88013B98B22D497A681346EE
:106E20005B0013445B000B4402461A8028497A68D1
:106E300013465B0013445B000B441B88002B32D1CC
:106E400023497A6813465B0013445B000B44033309
:106E50001B78082B24DC052B19DA022B02D0032B1C
:106E600009D01DE07B68DBB223211846FDF7B4FD95
:106E7000E2F7CCFB21E07B681846FFF729FFE2F739
:106E8000C5FB7B68DBB21846FFF7CCF915E07B68E1
:106E9000DBB222211846FDF79FFDE2F7B7FB0CE0BD
:106EA000E2F7B4FB09E0E2F7B1FB7B68DBB218461E
:106EB000FFF7B8F901E0E2F7A9FB7B68013B7B60D3
:106EC0007B68002B86DA00BF00BF0837BD4680BD57
:106ED000103AFF1F80B582B000AF00237B6068E0EE
:106EE00038497A6813465B0013445B000B441B88E7
:106EF000002B5BD0E2F7A2FB7A6813465B001344D9
:106F00005B00304A13443B603B681B889BB2002BFC
:106F10004AD02C497A6813465B0013445B000B444B
:106F20001B88013B98B227497A6813465B001344DB
:106F30005B000B4402461A8022497A6813465B00C4
:106F400013445B000B441B88002B25D11D497A6834
:106F500013465B0013445B000B4403331B78032B85
:106F600005D0032B15DB053B012B12D808E07B680D
:106F7000DBB203211846FDF709FEE2F747FB15E0F7
:106F80007B68DBB204211846FDF700FEE2F73EFB0A
:106F90000CE0E2F73BFB09E0E2F738FB7B68DBB291
:106FA0001846FFF775FA01E0E2F730FB7B68013B1A
:106FB0007B607B68002B93DA00BF00BF0837BD46BB
:106FC00080BD00BF303AFF1F80B485B000AF0346DC
:106FD000FB71FA790B4913465B001344DB000B4449
:106FE00010335B79C3F30003DBB2002B02D1012322
:106FF000FB7301E00223FB73FB7B18461437BD468D
:1070000080BC7047383AFF1F80B483B000AF03469E
:10701000FB71FA79064913465B001344DB000B440D
:107020000C331B7818460C37BD4680BC704700BF38
:10703000383AFF1F80B483B000AF0346FB71FA7982
:10704000064913465B001344DB000B4410331B88D6
:1070500018460C37BD4680BC704700BF383AFF1F4A
:1070600080B582B000AF0346FB71FB79072118465B
:10707000FDF78CFD00BF0837BD4680BD80B582B0EE
:1070800000AF786018497A6813465B001344DB0050
:107090000B4410331B79C3F30203DBB2022B03D181
:1070A00000210520FAF70EFD0F497A6813465B00B0
:1070B0001344DB000B4410331B79C3F30203DBB230
:1070C000012B0CD108497A6813465B001344DB009E
:1070D0000B440E331B8819460520FAF7F3FC00BF5A
:1070E0000837BD4680BD00BF383AFF1F80B483B06B
:1070F00000AF03460A46FB711346BB71FA79BB79B0
:1071000003F00303D9B2084813465B001344DB00C5
:10711000034403F11002137961F38713137100BF65
:107120000C37BD4680BC7047383AFF1F80B483B02F
:1071300000AF03460A46FB711346BB71FA79074953
:1071400013465B001344DB000B440A33BA791A7010
:1071500000BF0C37BD4680BC704700BF183AFF1F08
:1071600080B483B000AF0346FB710B46BB8013466F
:107170007B80FA790B4913465B001344DB000B4418
:107180000E33BA881A80FA79064913465B00134415
:10719000DB000B4410337A881A8000BF0C37BD46E1
:1071A00080BC7047183AFF1F80B483B000AF03461D
:1071B0000A46FB711346BB80FA79074913465B0008
:1071C0001344DB000B440E33BA881A8000BF0C371F
:1071D000BD4680BC704700BF383AFF1F80B483B003
:1071E00000AF03460A46FB711346BB71F979BA79C1
:1071F00036480B465B000B44DB0003440C33187825
:10720000334913465B001344DB000B440A33024648
:107210001A70F979BA792D480B465B000B44DB00F4
:1072200003440E3318882A4913465B001344DB00DD
:107230000B440E3302461A80F979BA7923480B467B
:107240005B000B44DB0003441033188820491346CD
:107250005B001344DB000B44103302461A80F979BB
:10726000BA791A480B465B000B44DB000344103329
:107270001B79C3F30203D9B2154813465B001344CC
:10728000DB00034403F11002137961F3020313716D
:10729000F979BA790D480B465B000B44DB000344D7
:1072A00010331B79C3F3C203D9B2094813465B00FC
:1072B0001344DB00034403F11002137961F3C503A7
:1072C000137100BF0C37BD4680BC7047383AFF1FB2
:1072D000183AFF1F80B485B000AF0346FB7100234E
:1072E000FB601CE01249FA6813465B001344DB00A4
:1072F0000B4412331B78FA799A420DD10D49FA6882
:1073000013465B0013445B000B4403331B78002BD4
:1073100002D0FB68DBB206E0FB68013BFB60FB6868
:10732000002BDFDAFF2318461437BD4680BC7047B8
:10733000183AFF1F103AFF1F80B582B000AF034616
:10734000FB71E2F77BF9FA79074913465B001344B6
:107350005B00CA18137943F002031371E2F756F980
:1073600000BF0837BD4680BD103AFF1F80B582B010
:1073700000AF786018497A6813465B001344DB005D
:107380000B4410331B79C3F30203DBB2022B03D18E
:1073900000210520FAF796FB0F497A6813465B0037
:1073A0001344DB000B4410331B79C3F30203DBB23D
:1073B000012B0CD108497A6813465B001344DB00AB
:1073C0000B440E331B8819460520FAF77BFB00BFE0
:1073D0000837BD4680BD00BF183AFF1F80B584B096
:1073E00000AF78603B7B012262F302033B733B7B7F
:1073F000042262F3C5033B73B9897868FDF7A4FCE6
:10740000034618461037BD4680BD80B584B000AF36
:1074100078603B7B012262F302033B733B7B0222D9
:1074200062F3C5033B73B9897868FDF78DFC0346A9
:1074300018461037BD4680BD80B584B000AF786077
:107440003B7B022262F302033B733B7B042262F329
:10745000C5033B73B9897868FDF776FC0346184687
:107460001037BD4680BD80B400AF00BFBD4680BCB4
:10747000704780B483B000AF78600B467B8007E034
:107480007B88013B7B807B887A68134400221A70DA
:107490007B88002BF4D100BF00BF0C37BD4680BCF9
:1074A000704780B485B000AFF860B9601346FB80C8
:1074B0000AE0FB88013BFB80FB88BA681A44FB8822
:1074C000F9680B4412781A70FB88002BF1D100BFC9
:1074D00000BF1437BD4680BC704780B485B000AF94
:1074E000F860B9601346FB800AE0FB88013BFB8033
:1074F000FB88BA681A44FB88F9680B4412781A7042
:10750000FB88002BF1D100BF00BF1437BD4680BC03
:10751000704780B500AFF2F7CBFD0346184680BD3B
:1075200080B500AFF2F7D8FD0346184680BD80B5A0
:1075300000AFF2F7DBFD0346184680BD80B500AF13
:10754000F2F7E8FD0346184680BD80B500AFF2F7BC
:10755000EBFD0346184680BD80B500AFF2F7EEFDA7
:107560000346184680BD80B500AFF2F7F1FD034633
:10757000184680BD80B500AFF2F7F4FD034618460B
:1075800080BD80B582B000AFF2F7F6FD0346FB8008
:10759000FB8803F5FA63FB80FB8818460837BD4675
:1075A00080BD80B500AFF2F7FBFD0346184680BDF5
:1075B00080B500AFF2F7FEFD0346184680BD80B5EA
:1075C00000AFF2F701FE0346184680BD80B500AF5C
:1075D000F2F704FE0346184680BD80B500AFF2F70F
:1075E00007FE0346184680BD80B500AFF2F70AFEDD
:1075F0000346184680BD80B500AFF2F70DFE034686
:10760000184680BD80B500AFF2F710FE034618465D
:1076100080BD80B500AFF2F755FD0346184680BD2A
:1076200080B500AFF2F7B2FD0346184680BD80B5C5
:1076300082B000AF0346FB71FB791846F9F7C0FA38
:1076400000BF0837BD4680BD80B582B000AF03469D
:10765000FB71FB791846F9F713FB00BF0837BD46ED
:1076600080BD80B582B000AF0346FB71FB79184640
:10767000F9F7FEF900BF0837BD4680BD80B582B07E
:1076800000AF0346FB71FB791846F9F7C9FA00BF52
:107690000837BD4680BD80B582B000AF0346FB71A0
:1076A000FB791846F9F704FB00BF0837BD4680BDDB
:1076B00080B582B000AF0346FB71FB791846F9F73D
:1076C00067FA00BF0837BD4680BD80B582B000AF05
:1076D0000346FB71FB791846F9F7FAF900BF083742
:1076E000BD4680BD80B582B000AF0346FB71FB791B
:1076F0001846F9F7D5F900BF0837BD4680BD80B5FB
:1077000082B000AF0346FB71FB791846F9F7A0FA87
:1077100000BF0837BD4680BD80B582B000AF0346CC
:10772000FB71FB791846F9F763FA00BF0837BD46CD
:1077300080BD80B582B000AF0346FB71FB7918466F
:10774000F9F7F6F900BF0837BD4680BD80B582B0B5
:1077500000AF0346FB71FB791846F9F701FA00BF49
:107760000837BD4680BD80B582B000AF0346FB71CF
:10777000FB791846F9F7C4F900BF0837BD4680BD4C
:1077800080B584B000AF0346FB71FB79FB73FB7BD4
:107790000A33DBB2FB73FB7B1846F9F739F900BFFC
:1077A0001037BD4680BD80B582B000AF0346FB7187
:1077B000FB791846F9F744F900BF0837BD4680BD8C
:1077C00080B582B000AF0346FB71FB791846F9F72C
:1077D0008FF800BF0837BD4680BD80B582B000AFCE
:1077E0000346FB71FB791846F9F7A6F800BF083786
:1077F000BD4680BD80B582B000AF0346FB71FB790A
:107800001846F9F787F800BF0837BD4680BD80B538
:1078100082B000AF0346FB71FB791846F9F79EF87A
:1078200000BF0837BD4680BD80B582B000AF0346BB
:10783000FB71FB791846F9F7A3F800BF0837BD467E
:1078400080BD80B582B000AF0346FB71FB7918465E
:10785000F9F7BAF800BF0837BD4680BD80B582B0E1
:1078600000AF0346FB71FB791846F9F79BF800BFA0
:107870000837BD4680BD80B582B000AF0346FB71BE
:10788000FB791846F9F7B2F800BF0837BD4680BD4E
:1078900080B500AF0720F2F7DDFA0346184680BD39
:1078A00080B500AFF2F79EF80346184680BD80B55C
:1078B00000AFFCF7AFF800BF80BD000080B582B01C
:1078C00000AF0023FB71FFF7EBFF0346002B03D053
:1078D000104B01221A7002E00E4B00221A700D4B61
:1078E0001A780D4B1B789A4209D00A4B1B78002B53
:1078F00005D1094B01221A700123FB7105E0054BEC
:107900001A78054B1A700023FB71FB79184608376B
:10791000BD4680BD563AFF1F553AFF1F80B582B065
:1079200000AF0023FB717A1DBB1D19460020FBF739
:1079300065FD7B79032B14D10F4B1B8801339AB261
:107940000D4B1A800C4B1B88B3F5967F06D901238B
:10795000FB71094B40F22D121A8007E00023FB71E6
:1079600004E0054B00221A800023FB71FB791846C6
:107970000837BD4680BD00BF583AFF1F80B582B0B2
:1079800000AF0023FB71EEF7D7F90346012B0CD1B2
:10799000FFF786FF0346002B07D1FFF779FF034669
:1079A000002B02D10123FB7101E00023FB71FB7965
:1079B00018460837BD4680BD80B582B000AF0023B1
:1079C000FB71F2F755FB0346012B07D1EEF7B4F933
:1079D0000346012B02D10123FB7101E00023FB715F
:1079E000FB7918460837BD4680BD000080B582B0DF
:1079F00000AF0023FB71EEF701FA0346012B12D111
:107A00000E4B1B780133DAB20C4B1A700B4B1B7800
:107A1000192B05D90123FB71084B1A221A7007E0B4
:107A20000023FB7104E0054B00221A700023FB7158
:107A3000FB7918460837BD4680BD00BF5A3AFF1F84
:107A400080B582B000AF0023FB71EEF7EDF903467D
:107A5000012B12D10E4B1B780133DAB20C4B1A708A
:107A60000B4B1B78192B05D90123FB71084B1A22EC
:107A70001A7007E00023FB7104E0054B00221A7026
:107A80000023FB71FB7918460837BD4680BD00BF57
:107A90005B3AFF1F80B582B000AF0023FB71EEF7A9
:107AA0004BF90346012B0FD1FFF7FAFE0346002BDB
:107AB0000AD1094B1B689B0803F00103DBB2002BC2
:107AC00002D00123FB7101E00023FB71FB79184612
:107AD0000837BD4680BD00BF883BFF1F80B582B020
:107AE00000AF0023FB71EEF727F90346012B0FD1FE
:107AF000FFF7D6FE0346002B0AD1094B1B68DB0AB1
:107B000003F00103DBB2002B02D00123FB7101E083
:107B10000023FB71FB7918460837BD4680BD00BFC6
:107B2000883BFF1F80B582B000AF0023FB71EEF7EA
:107B300003F90346012B0FD1FFF7B2FE0346002BDA
:107B40000AD1094B1B689B0A03F00103DBB2002B2F
:107B500002D00123FB7101E00023FB71FB79184681
:107B60000837BD4680BD00BF883BFF1F80B582B08F
:107B700000AF0023FB71EEF7DFF80346012B0FD1B6
:107B8000FFF78EFE0346002B0AD1094B1B689B0EA4
:107B900003F00103DBB2002B02D00123FB7101E0F3
:107BA0000023FB71FB7918460837BD4680BD00BF36
:107BB000883BFF1F80B582B000AF0023FB71EEF75A
:107BC000BBF80346012B0FD1FFF76AFE0346002BDB
:107BD0000AD1094B1B681B0B03F00103DBB2002B1E
:107BE00002D00123FB7101E00023FB71FB791846F1
:107BF0000837BD4680BD00BF883BFF1F80B582B0FF
:107C000000AF0023FB71EEF797F80346012B0FD16D
:107C1000FFF746FE0346002B0AD1094B1B685B0B9E
:107C200003F00103DBB2002B02D00123FB7101E062
:107C30000023FB71FB7918460837BD4680BD00BFA5
:107C4000883BFF1F80B582B000AF0023FB71EEF7C9
:107C500073F80346012B0FD1FFF722FE0346002BDA
:107C60000AD1094B1B689B0B03F00103DBB2002B0D
:107C700002D00123FB7101E00023FB71FB79184660
:107C80000837BD4680BD00BF883BFF1F80B582B06E
:107C900000AF0023FB71EEF74FF80346012B0FD125
:107CA000FFF7FEFD0346002B0AD1094B1B68DB0BD7
:107CB00003F00103DBB2002B02D00123FB7101E0D2
:107CC0000023FB71FB7918460837BD4680BD00BF15
:107CD000883BFF1F80B582B000AF0023FB71EEF739
:107CE0002BF80346012B0FD1FFF7DAFD0346002BDB
:107CF0000AD1094B1B681B0C03F00103DBB2002BFC
:107D000002D00123FB7101E00023FB71FB791846CF
:107D10000837BD4680BD00BF883BFF1F80B582B0DD
:107D200000AF0023FB71EEF707F80346012B0FD1DC
:107D3000FFF7B6FD0346002B0AD1094B1B685B0C0D
:107D400003F00103DBB2002B02D00123FB7101E041
:107D50000023FB71FB7918460837BD4680BD00BF84
:107D6000883BFF1F80B582B000AF0023FB71EDF7A9
:107D7000E3FF0346012B0FD1FFF792FD0346002BD3
:107D80000AD1094B1B685B0A03F00103DBB2002B2D
:107D900002D00123FB7101E00023FB71FB7918463F
:107DA0000837BD4680BD00BF883BFF1F80B582B04D
:107DB00000AF0023FB71EDF7BFFF0346012B17D186
:107DC000FFF76EFD0346002B12D10D4B1B68DB0C39
:107DD00003F00103DBB2002B07D1094B1B689B0C9E
:107DE00003F00103DBB2002B02D00123FB7101E0A1
:107DF0000023FB71FB7918460837BD4680BD00BFE4
:107E0000883BFF1F80B582B000AF0023FB71EDF708
:107E100093FF0346012B17D1FFF742FD0346002BCA
:107E200012D10D4B1B685B0D03F00103DBB2002B7D
:107E300007D1094B1B681B0D03F00103DBB2002BBC
:107E400002D00123FB7101E00023FB71FB7918468E
:107E50000837BD4680BD00BF883BFF1F80B582B09C
:107E600000AF0023FB71EDF767FF0346012B17D12D
:107E7000FFF716FD0346002B12D10D4B1B68DB0DDF
:107E800003F00103DBB2002B07D1094B1B689B0DEC
:107E900003F00103DBB2002B02D00123FB7101E0F0
:107EA0000023FB71FB7918460837BD4680BD00BF33
:107EB000883BFF1F80B582B000AF0023FB71EDF758
:107EC0003BFF0346012B13D1FFF7EAFC0346002BCF
:107ED0000ED10B4B1B6803F08073002B05D1084BB0
:107EE0001B6803F00073002B02D00123FB7101E03B
:107EF0000023FB71FB7918460837BD4680BD00BFE3
:107F0000883BFF1F80B500AFFFF7D8FCFFF706FDE9
:107F100000BF80BD80B582B000AF0023FB71FFF7CA
:107F200078FB0346022B02D10123FB7101E0002301
:107F3000FB71FB7918460837BD4680BD80B400AFA1
:107F400001231846BD4680BC704780B582B000AFA3
:107F5000F4F70AF90346FB71FB7918460837BD466A
:107F600080BD80B400AF01231846BD4680BC704779
:107F700080B400AF01231846BD4680BC704780B571
:107F800000AF00F0ADF800F02BF800F04FF800F073
:107F900073F800F0E1F800F015F9ECF783FFECF767
:107FA000A1FFECF7B7FFECF7EDFF00BF80BD0000CD
:107FB00080B582B000AF0346FB80FA8813469B0071
:107FC00013445B001846EDF76FF9044B01221A7059
:107FD000002318460837BD4680BD00BF5E3AFF1F2C
:107FE00080B500AF0020EDF75FF9034B00221A7057
:107FF0000023184680BD00BF5E3AFF1F80B582B0E7
:1080000000AF0346FB80FA8813469B0013445B00D5
:108010001846EDF73DF9044B01221A70002318466B
:108020000837BD4680BD00BF5F3AFF1F80B500AF77
:108030000020EDF72DF9034B00221A70002318469B
:1080400080BD00BF5F3AFF1F80B582B000AF03461E
:10805000FB80FA8813469B0013445B001846EDF73B
:108060000BF9044B01221A70002318460837BD464D
:1080700080BD00BF603AFF1F80B500AF0020EDF764
:10808000FBF8034B00221A700023184680BD00BF86
:10809000603AFF1F80B582B000AF0346FB80FA88CC
:1080A00013469B0013445B001846EDF721F9094B7A
:1080B0001B7843F00103DAB2064B1A70064B01221B
:1080C0001A70064B01221A70002318460837BD4665
:1080D00080BD00BF5C3AFF1F5D3AFF1F6A3AFF1F79
:1080E00080B500AF0020EDF703F9084B1B7823F0B3
:1080F0000103DAB2054B1A70054B00221A70054BCA
:1081000000221A700023184680BD00BF5C3AFF1F92
:108110005D3AFF1F6A3AFF1F80B582B000AF034689
:10812000FB80FA8813469B0013445B001846EDF76A
:10813000D3F8074B1B7843F00203DAB2044B1A70F2
:10814000044B01221A70002318460837BD4680BD33
:108150005C3AFF1F613AFF1F80B500AF0020EDF7CA
:10816000BBF8064B1B7823F00203DAB2034B1A70FC
:10817000034B00221A700023184680BD5C3AFF1F93
:10818000613AFF1F80B582B000AF0346FB80FA88DA
:1081900013469B0013445B001846EDF791F8074B1C
:1081A0001B7843F00403DAB2044B1A70044B01222B
:1081B0001A70002318460837BD4680BD5C3AFF1F81
:1081C000623AFF1F80B500AF0020EDF779F8064B4B
:1081D0001B7823F00403DAB2034B1A70034B00221E
:1081E0001A700023184680BD5C3AFF1F623AFF1FD9
:1081F00080B582B000AF0120EEF744FC0346FB805F
:108200000A4B1B7A012B0BD1084B5B89BB80BB88C7
:10821000283B9BB21A46920013445B009BB2FB8042
:10822000B7F9063018460837BD4680BD183BFF1F1A
:1082300080B582B000AF0020EEF724FC0346FB803F
:108240000A4B1B7B012B0BD1084BDB89BB80BB8806
:10825000283B9BB21A46920013445B009BB2FB8002
:10826000B7F9063018460837BD4680BD183BFF1FDA
:1082700080B582B000AFECF73DFEEDF7FDFD0346A3
:10828000BB71BB79012B03D1194B1B78022B06D094
:10829000BB79002B19D1164B1B78012B15D1154B2F
:1082A0001B780133DAB2134B1A70124B1B78272B51
:1082B0000ED9BB79012B01D1012200E002220C4B27
:1082C0001A700C4B00221A7002E00A4B00221A703E
:1082D000074B1B78FB71084B1B78012B02D1064B17
:1082E0005B88FB71FB7918460837BD4680BD00BF2F
:1082F000C847FF1F683AFF1F183BFF1F80B582B0B9
:1083000000AF0420EDF746FA0346FB80FB881846D1
:108310000837BD4680BD000080B500AFEEF7E2FC37
:1083200003461A46034B1A60024B1B689BB2184661
:1083300080BD00BF643AFF1F80B582B000AFEEF78A
:108340009BFC0346FB80FB8818460837BD4680BD72
:1083500080B582B000AFEEF78FFC0346FB80FB8850
:1083600018460837BD4680BD80B582B000AFEEF735
:108370001BFC03461A46054BA3FB02235B09FB804B
:10838000FB8818460837BD4680BD00BF1F85EB51EE
:1083900080B582B000AFEEF7D5FB0346FB80FB88CB
:1083A00018460837BD4680BD80B582B000AFEEF7F5
:1083B00097FB0346FB80FB8818460837BD4680BD07
:1083C00080B582B000AFEEF723FC0346FB80FB884C
:1083D00018460837BD4680BD80B582B000AF022088
:1083E000EEF750FB0346FB800A4B1B79012B0BD1A8
:1083F000084BDB88BB80BB88283B9BB21A469200A7
:1084000013445B009BB2FB80B7F90630184608376F
:10841000BD4680BD183BFF1F80B500AFFFF78CFF46
:10842000FFF796FFFFF7B4FFFFF7BEFFFFF7C8FFA8
:1084300000BF80BD80B400AF184B5B69174A43F0A2
:1084400002035361154BFF229A62144B40F25372A0
:10845000C3F80421114B41F2F952C3F808210F4B24
:1084600040F25372C3F884200C4B41F2F952C3F826
:1084700088200A4B40F25372C3F88421074B41F223
:10848000F952C3F88821054B5B69044A43F00103A4
:10849000536100BFBD4680BC704700BF00900440E0
:1084A00080B500AF1D4BDB784A3BDBB21846FFF7C7
:1084B0005AF91A4B1B79213BDBB21846FFF746F9F4
:1084C000164B9B78A52B03D10220FFF732F902E06F
:1084D0000120FFF72EF9114B9B7A1846FFF7B4F8ED
:1084E0001020FFF719F90220FFF709F90120FFF723
:1084F000F9F80220FFF7E9F80120FFF7D9F800208A
:10850000FFF7C9F80020FFF7B9F80220FFF7A9F834
:108510000020FFF78CF800BF80BD00BF6C3AFF1F42
:1085200080B500AF01F000FAFFF729FD01F032FE3F
:10853000064B00221A60064B00221A60054B0022EF
:108540001A60FFF777FF00BF80BD00BF2006FF1F46
:108550001C06FF1F5023FF1F80B500AF00F07EFBFD
:1085600000F086FA01F03CFA00F04CFC00F002F852
:1085700000BF80BD80B500AF00F016F8094B5B79F5
:10858000012B01D100F03EF800F0B0F800F03AF90C
:1085900000F04CF900F01CFA00F02EFA0023184607
:1085A00080BD00BF6C3AFF1F80B500AFFFF770F9C8
:1085B0000346012B11D1FEF7FBFF0346012B03D12C
:1085C0000E4B01225A710BE0FEF7F2FF0346022B1D
:1085D00006D10A4B02225A7102E0084B02225A715C
:1085E000074B1B78002B02D0044B02225A71034B1D
:1085F0005B791846FFF735F800BF80BD6C3AFF1F66
:10860000FC3AFF1F80B500AFFEF7EEFF0346012BDB
:1086100003D1334B96229A7007E0FEF7E5FF03463D
:10862000022B02D12E4BA5229A70FEF7E4FF0346DF
:10863000002B14D0FEF7DFFF03461B2B0FD8FEF7ED
:10864000DAFF03461A46274B1A70264B1B78213354
:10865000DAB2244B1A70234B1A78214B1A71FEF7A9
:10866000D1FF0346002B14D0FEF7CCFF0346102B9E
:108670000FD8FEF7C7FF03461A461B4B1A701A4B5A
:108680001B784A33DAB2184B1A70174B1A78144B0E
:10869000DA70134B9B78962B03D10120FFF749F832
:1086A00006E00F4B9B78A52B02D10220FFF741F883
:1086B0000B4B1B79202B06D9094B1B79213BDBB2D5
:1086C0001846FFF743F8064BDB78492B06D9044BD5
:1086D000DB784A3BDBB21846FFF745F800BF80BDA8
:1086E0006C3AFF1F3A3BFF1F3B3BFF1F80B500AFBB
:1086F000FEF757FF0346012B03D13E4B01229A722E
:1087000019E0FEF74EFF0346022B03D1394B052239
:108710009A7210E0FEF745FF0346032B03D1354B59
:108720000A229A7207E0FEF73CFF0346042B02D1AF
:10873000304BA5229A722F4B9B7A002B27D02D4BC2
:108740009B7A0A2B23D82C4B1B78012B18D1294B51
:108750009B7A1A4642F6E06302FB03F31A46274B64
:108760001B689A4203D8264BA5221A7015E0234BAA
:108770001B680133214A1360214B00221A700CE060
:108780001E4B00221A601E4B00221A7005E01B4B84
:1087900000221A601A4B00221A70164B9B7A012B8A
:1087A00003D10120FEF750FF16E0124B9B7A052BF8
:1087B00003D10220FEF748FF0EE00E4B9B7A0A2BF6
:1087C00003D10320FEF740FF06E00A4B9B7AA52B5E
:1087D00002D10020FEF738FF094B1B78A52B03D1EF
:1087E0000220FEF765FF02E00120FEF761FF00BFF7
:1087F00080BD00BF6C3AFF1F2D3BFF1F303BFF1FAA
:10880000343BFF1F80B500AFFEF7D9FE0346002BB7
:108810000AD0FEF7D4FE0346052B05D8FEF7CFFE9F
:1088200003461846FEF72AFF00BF80BD80B582B020
:1088300000AF0023FB71FEF7D0FE0346FB715C4BDB
:108840001B78052B7FD801A252F823F0658805001C
:10885000818805009D880500FB88050017890500B3
:108860003F890500FB79012B03D1514B01221A707E
:108870006DE0FB79022B6AD14D4B04221A7066E041
:108880004C4B5B7A1A4642F6E06302FB03F31A464E
:10889000494B1A60464B02221A7059E0FB79022BB1
:1088A00008D1434B04221A7000220021032001F05A
:1088B000DFFB4DE0414B1B78012B1AD0404B1B884E
:1088C0009BB21A460121032001F0D2FB3A4B1B68F0
:1088D000002B05D0384B1B68013B374A136037E04B
:1088E000334B04221A7000220021032001F0C0FB48
:1088F0002EE02F4B03221A702AE0304B1B78012BFD
:1089000003D02B4B02221A7022E000220021032008
:1089100001F0AEFB1CE0FB79012B07D1294B1B7842
:10892000012B03D0224B01221A7011E0224B0022AE
:108930001A6000220021032001F09AFB08E01C4B82
:1089400000221A7004E01A4B00221A7000E000BFE7
:108950001D4B1B78012B03D10120FEF7D0FE0AE04E
:10896000134B1B78032B03D10120FEF7C8FE02E056
:108970000220FEF7C4FE104B1B68002B03D1012020
:10898000FEF7B0FE0CE00C4B1B68013B0F4AA2FB4C
:1089900003231B0ADBB20233DBB21846FEF7A2FE4A
:1089A000084AFB79137000BF0837BD4680BD00BF81
:1089B000693AFF1F6C3AFF1F583BFF1F2D3BFF1FFB
:1089C0000C48FF1F5C3BFF1F6A3AFF1FF119760539
:1089D00080B500AFFEF7FAFD0346002B0AD0FEF784
:1089E000F5FD0346F02B05D8FEF7F0FD03461846CB
:1089F000FEF751FE00BF80BD80B500AFFEF710FE50
:108A00000346022B03D0184B01221A7002E0164BCA
:108A100000221A7000F0D4F903469BB2812B03D9CF
:108A2000114B03221A700EE000F0CAF903469BB204
:108A3000732B08D800F0C4F903469BB21D2B02D952
:108A4000094B00221A70094B5B79012B09D100F008
:108A50000FF80346002B04D1034B1B781846FEF792
:108A6000A2FE00BF80BD00BFFC3AFF1F6C3AFF1F93
:108A700080B500AF764B5B79012B40F0DD80EDF7E0
:108A800035F80346012B03D0724B01221A70D6E051
:108A9000714B1B681B0C03F00103DBB2002B03D0EE
:108AA0006C4B07221A70CAE06B4B1B689B0E03F0DD
:108AB0000103DBB2002B03D0664B05221A70BEE027
:108AC000654B1B685B0A03F00103DBB2002B03D08C
:108AD000604B03221A70B2E05F4B1B681B0B03F064
:108AE0000103DBB2002B07D15B4B1B685B0B03F070
:108AF0000103DBB2002B03D0564B09221A709EE013
:108B0000554B1B689B0A03F00103DBB2002B07D116
:108B1000514B1B68DB0A03F00103DBB2002B03D0CF
:108B20004C4B02221A708AE04B4B1B689B0D03F0E2
:108B30000103DBB2002B07D1474B1B68DB0D03F0B1
:108B40000103DBB2002B03D0424B0C221A7076E0FB
:108B5000414B1B689B0C03F00103DBB2002B07D1D8
:108B60003D4B1B68DB0C03F00103DBB2002B03D091
:108B7000384B0B221A7062E0374B1B681B0D03F059
:108B80000103DBB2002B07D1334B1B685B0D03F0F5
:108B90000103DBB2002B03D02E4B0D221A704EE0E6
:108BA0002D4B1B689B0B03F00103DBB2002B07D19D
:108BB000294B1B68DB0B03F00103DBB2002B03D056
:108BC000244B08221A703AE0234B1B681B0E03F05B
:108BD0000103DBB2002B07D11F4B1B685B0E03F0B8
:108BE0000103DBB2002B03D01A4B0A221A7026E0D5
:108BF000194B1B689B0903F00103DBB2002B07D163
:108C0000154B1B68DB0903F00103DBB2002B03D01B
:108C1000104B04221A7012E00F4B1B681B0903F063
:108C20000103DBB2002B03D00A4B06221A7006E0C8
:108C3000084B00221A7002E0064B00221A70054B06
:108C40001B781846FEF7F3FC024B1B78184680BDD4
:108C50006C3AFF1F2C3BFF1F883BFF1F80B500AF06
:108C600000F020F800F02CF800F0AAF80C4B1B786C
:108C70001846FEF72AFD00F0A3F80346DBB21E3BC0
:108C8000DBB25BB21846FEF77BFD00F019F8034635
:108C9000DBB2183BDBB21846FEF73EFD00BF80BDDD
:108CA0002D3BFF1F80B500AFFFF7E2FA03461A46DF
:108CB000024B1A70014B1B78184680BD2D3BFF1FDD
:108CC00080B586B000AF00237B6007F10803002267
:108CD0001A605A609A60DA60FFF78AFA03461A4609
:108CE000344B1A80334BB3F90030334A82FB031202
:108CF0009210DB17D31A1BB29BB228339BB21AB265
:108D00002C4B1A803B1D19462720EFF745FA2B4BB9
:108D10009B78A52B1CD1274BB3F900309BB2013BAC
:108D20009BB21AB2234B1A807B7AA52B3BD1BB7A1C
:108D3000962B38D1FB7A9AB21E4BB3F900309BB216
:108D400013449BB2063B9BB21AB21A4B1A802AE01C
:108D50001A4B9B78962B26D1164BB3F90030272B54
:108D600005DD144BB3F90020124B1A8008E0114BBB
:108D7000B3F900309BB2013B9BB21AB20D4B1A8083
:108D8000BB79A52B0FD1FB79962B0CD13B7A9AB2EC
:108D9000084BB3F900309BB213449BB2063B9BB225
:108DA0001AB2044B1A80034BB3F900301846183737
:108DB000BD4680BD363BFF1F676666666C3AFF1F87
:108DC00080B500AFFFF734FA03461A460B4B1A8002
:108DD0000A4BB3F900300A4A82FB03129210DB17E8
:108DE000D31A1BB29BB228339BB21AB2034B1A8020
:108DF000024BB3F90030184680BD00BF383BFF1F5F
:108E00006766666680B582B000AFFFF731FA034649
:108E1000BB71BB79012B21D1194B9B78A52B0DD1AF
:108E200000220021022001F023F9164B1B889BB27F
:108E30001A460121012001F01BF90CE0002200215B
:108E4000012001F015F9104B1B889BB21A46012135
:108E5000022001F00DF90123FB710BE0002200213B
:108E6000012001F005F900220021022001F000F9A3
:108E70000023FB71FB7918460837BD4680BD00BF53
:108E80006C3AFF1F1648FF1F1448FF1F80B582B0C1
:108E900000AF3A4B9B78962B5AD1384B5B79012B1C
:108EA00056D1FFF70DFF0346362B02DC344B01226F
:108EB0001A70334B1B78012B39D1324B1B78012BA5
:108EC0001BD1314B1B68314A934203D92D4B0022F1
:108ED0001A700EE02C4B1B6801332B4A13602C4B8D
:108EE0001B889BB21A460121052001F0C1F801231D
:108EF000FB71284B00221A603AE0264B1B684EF6A5
:108F00005F22934203D91F4B01221A700BE0214BC1
:108F10001B6801331F4A136000220021052001F065
:108F2000A7F80023FB71184B00221A6020E00022F2
:108F30000021052001F09CF8124B01221A70124BFF
:108F400000221A60134B00221A600023FB710FE00D
:108F500000220021052001F08BF80A4B01221A7033
:108F6000094B00221A600B4B00221A600023FB7190
:108F7000FB7918460837BD4680BD00BF6C3AFF1F1D
:108F8000DE3AFF1FC947FF1FE03AFF1F7FA903001A
:108F90001048FF1FE43AFF1F80B400AF0C4B0222C1
:108FA000DA710B4B06225A720A4B00221A600A4BE6
:108FB00000221A70064B0022DA72054B00229A71C9
:108FC000034B02225A7100BFBD4680BC704700BFF0
:108FD0006C3AFF1F303BFF1F343BFF1F80B582B050
:108FE00000AF786079681A20EFF7D6F87B681B88A5
:108FF0004AF25A52934215D07B684AF25A521A806A
:109000000A4B02225A717B6896229A707B6828224A
:109010001A717B684B22DA707B6801229A72034BCB
:1090200006225A7200BF0837BD4680BD6C3AFF1F4A
:1090300080B582B000AF78607868EAF78DFD00BF38
:109040000837BD4680BD000080B582B000AF002368
:10905000FB71114B1B68B3F5805F13D00E4B1B687F
:10906000B3F5005F0ED00C4B1B68B3F5803F09D001
:10907000094B1B68B3F1806F04D0ECF737FD034652
:10908000012B02D00123FB7101E00023FB71FB796E
:1090900018460837BD4680BD883BFF1F80B582B0AB
:1090A00000AF0346FB71FA790B4B1A70FB79002B6A
:1090B00008D00A4B1B889BB21A460121062000F0FB
:1090C000D7FF04E000220021062000F0D1FF00BFFE
:1090D0000837BD4680BD00BF453BFF1F1248FF1F3C
:1090E00080B400AF00BFBD4680BC704780B400AF05
:1090F000064B00221A70064B96221A70054B00226E
:109100001A8000BFBD4680BC704700BF283BFF1FD0
:10911000293BFF1F2A3BFF1F80B500AF844B1B7804
:10912000072B00F2F98001A252F823F04D910500BF
:1091300071910500A9910500E59105001F920500B8
:109140006792050095920500DD920500002200213E
:10915000042000F08DFFEBF79DFEEBF70BFF0022E4
:109160000021002000F084FF714B07221A70D6E026
:10917000704B1B88C72B10D86E4B1B8801339AB2DB
:109180006C4B1A806C4B1B889BB21A460121042041
:1091900000F06EFFEBF776FEC1E0664B00221A800E
:1091A000634B02221A70BAE0624B1B883B2B12D829
:1091B000604B1B8801339AB25E4B1A805E4B1B8852
:1091C0009BB21A460121042000F052FFEBF75AFE31
:1091D000EBF7C8FEA3E0574B00221A80544B032242
:1091E0001A709CE0554B1B78A52B14D1524B1B8851
:1091F0009BB21A460121042000F03AFFEBF742FE31
:10920000EBF7B0FE4E4B1B889BB21A4601210020A3
:1092100000F02EFF83E0464B04221A707FE0454B9E
:109220001B8841F65732934216D8464B1B889BB297
:109230003233454A126893420ED23E4B1B880133AB
:109240009AB23C4B1A803F4B1B889BB21A460121B5
:10925000002000F00DFF62E0364B00221A80344BF4
:1092600005221A705BE0334B1B88C72B0BD8314BA0
:109270001B8801339AB22F4B1A8000220021002054
:1092800000F0F6FE4BE02B4B00221A80284B062202
:109290001A7044E0274B1B88272B14D8254B1B88BA
:1092A00001339AB2234B1A8000220021042000F0DF
:1092B000DFFEEBF7EFFD00220021002000F0D8FEDA
:1092C000EBF758FE2BE01B4B00221A80184B0722AD
:1092D0001A701E4B42F6E0621A6020E0174B1B78B2
:1092E000A52B0AD1194B1B68002B06D1104B01226C
:1092F0001A70104B00221A8011E000220021042075
:1093000000F0B6FEEBF7C6FDEBF734FE00220021BD
:10931000002000F0ADFE02E0FFF7E8FE00BFFEF720
:10932000FBFF03461A460A4B1A6000BF80BD00BF10
:10933000283BFF1F2A3BFF1F0E48FF1F293BFF1F33
:109340000448FF1F0648FF1F0006FF1F403BFF1F8A
:10935000A016FF1F80B483B000AF0346FB71FB79FA
:10936000002B03D0054BA5221A7002E0034B962276
:109370001A7000BF0C37BD4680BC7047293BFF1FE9
:1093800080B500AF084B1B68002B0AD0064B1B684A
:10939000013B054A1360044B1B68052B01D101F00A
:1093A0003BF800BF80BD00BF403BFF1F80B400AF53
:1093B00000BFBD4680BC704780B584B000AF786008
:1093C0000023FB73FFF77CFC03461A46064B1A800A
:1093D000054BB3F90030DAB27B681A70FB7B184694
:1093E0001037BD4680BD00BF463BFF1F80B582B031
:1093F00000AF0023FB711B4B1B68002B04D0194BE3
:109400001B68B3F5805F13D3164B1B68B3F5803F21
:109410000ED0144B1B68B3F5003F09D0114B1B68ED
:10942000B3F1806F04D0ECF761FB0346012B12D03F
:109430000123FB710B4B1B680B4A1360ECF756FBC7
:1094400003461A46094B1A70ECF746FB03461A46C8
:10945000074B1A8001E00023FB71FB79184608379F
:10946000BD4680BD883BFF1F483BFF1F4C3BFF1F95
:109470004E3BFF1F80B400AF024B1B781846BD4621
:1094800080BC7047C83AFF1F80B582B000AF002390
:10949000FB717A1DBB1D19460020F9F7AFFFBB79A0
:1094A000012B02D00123FB7101E00023FB71FB794A
:1094B00018460837BD4680BD80B500AF0A4B002274
:1094C0001A600A4B00221A60094B1B78042B03D840
:1094D000084B00221A7002E0064B03221A7000208B
:1094E000FFF7DCFD00BF80BDCC3AFF1FD03AFF1F65
:1094F000D43AFF1FD53AFF1F80B582B000AF4C4B66
:109500001B78042B00F2888001A252F823F000BFE0
:1095100025950500319505007B950500CB95050047
:10952000ED950500FFF7C8FF414B02221A7078E065
:10953000FFF78AFD0346002B18D1FB1D1846FFF7E5
:109540003BFF3C4B1B6801333A4A13603A4BDA78D5
:10955000FB799A4203D90120FFF7A0FD61E0344B6B
:1095600002221A700020FFF799FD5AE0304B0222C8
:109570001A700020FFF792FD53E0FFF765FD0346E8
:10958000002B15D1FB1D1846FFF716FFFB791A4675
:10959000294BDB78013B9A4206DA264B00221A60FF
:1095A000234B01221A703CE00020FFF777FD38E0E2
:1095B0001F4B03221A70214B1B780133DAB21F4B69
:1095C0001A700020FFF76AFD2BE01C4B1B78042B60
:1095D00026D8FFF739FD0346002B03D1144B002298
:1095E0001A701DE00020FFF759FD19E0144B1B68AD
:1095F0004EF65F22934205D8114B1B680133104A87
:1096000013600EE00E4B00221A600A4B00221A6013
:10961000074B01221A7004E0054B00221A7000E08B
:1096200000BFFFF75DFD00BF0837BD4680BD00BF2E
:10963000D53AFF1FCC3AFF1F6C3AFF1FD43AFF1FE9
:10964000D03AFF1F80B500AF0A4B00221A600A4BC8
:109650001B78042B03D8094B00221A7005E0074B36
:1096600003221A70064B01221A700020FFF772FEC7
:1096700000BF80BDD83AFF1FDC3AFF1FDD3AFF1F55
:10968000513BFF1F80B584B000AF0346FB71FFF76D
:1096900043FDFB79012B40F01C81914B1B78052B7E
:1096A00000F20D8101A252F823F000BFC59605001B
:1096B000DB960500C59705001D9805004598050037
:1096C00071980500FFF7BEFF864B1B78072B40F013
:1096D000FA80834B02221A70F5E0FFF787FE0346FB
:1096E000002B68D107F10F031846FFF765FE7E4B8C
:1096F0001A79FB7B9A4254D20120FFF72BFE7B4B59
:109700001B68B3F5FA6F46D3794B1B68B3F57A7FC4
:109710001DDA784B1B68B3F5C87F12D3764B1B78E4
:109720000133DAB2744B1A70724B00221A606F4B1D
:1097300000221A606A4B05221A70704B01221A70BF
:10974000C3E06C4B1B6801336A4A1360BDE0694B90
:1097500000221A606A4B1B889AB26A4B1B889BB224
:109760009A4240F2B280664B1B889AB2664B1B88C5
:109770009BB29A4204D3654B0122C3F8C02003E098
:10978000624B0022C3F8C0205D4B1B889BB2184679
:10979000D9F75EFD99E0554B1B680133534A1360BE
:1097A00093E04F4B02221A700020FFF7D3FD4F4B7E
:1097B00000221A6089E04A4B02221A700020FFF74B
:1097C000C9FD82E0FFF712FE0346002B16D107F118
:1097D0000F031846FFF7F0FDFB7B1A46424B1B793F
:1097E00001339A4206DD3E4B01221A703F4B0022A4
:1097F0001A606BE00020FFF7ADFD67E0384B0322F5
:109800001A70434B1B780133DAB2414B1A700020B7
:10981000FFF7A0FD3F4B01221A7057E03D4B1B782C
:10982000012B02D13B4B00221A70FFF7DFFD0346EC
:10983000002B03D12A4B00221A7047E00020FFF7CB
:1098400089FD43E0344B1B684EF65F22934205D8F6
:10985000314B1B680133304A136037E02E4B002236
:109860001A601F4B01221A70204B00221A602DE053
:10987000224B1B78012B04D1EDF7FAFC1F4B002281
:109880001A70264B1B68B3F5FA6F0FD9244B0022D0
:109890001A70244B00221A60114B01221A70134BCC
:1098A00000221A601D4B00221A600FE01B4B1B6840
:1098B00001331A4A13600020FFF74CFD06E0084B05
:1098C00000221A7002E000BF00E000BFFFF76EFD4B
:1098D00002E00020FFF73EFD00BF1037BD4680BD0F
:1098E000DD3AFF1F283BFF1F6C3AFF1FE83AFF1FBE
:1098F0000006FF1FF03AFF1FEC3AFF1F503BFF1F0F
:109900000A48FF1F0448FF1F0848FF1F403EFF1F73
:10991000DC3AFF1F513BFF1FD83AFF1FF83AFF1FE9
:109920003C3BFF1F403BFF1F80B500AF1D4B00229B
:109930001A701D4B00221A701C4B00221A801C4BFF
:1099400000221A701B4B00221A70FFF7B5FD1A4B4C
:1099500000221A70194B00221A70FFF773FE184B81
:1099600000221A60174B00221A70FFF7BFFB164B3C
:1099700000221A60154B00221A70154B00221A6043
:10998000144B00221A70144B00221A60134B002251
:109990001A7000F007F900F0EFFA00F03BFB00BF8F
:1099A00080BD00BF6B3AFF1FC83AFF1FCA3AFF1FB6
:1099B000D53AFF1FD43AFF1FDD3AFF1FDC3AFF1FE5
:1099C000403BFF1F3C3BFF1FE83AFF1FEC3AFF1FE5
:1099D000F03AFF1FF43AFF1FF83AFF1FDE3AFF1F6D
:1099E00080B500AFFFF752FADBF770F90346654A1E
:1099F0001360FFF7C5FC644B1B78062B00F2B580A3
:109A000001A252F823F000BF259A05007D9A0500B7
:109A1000CF9A0500739B05000F9B05001D9B050059
:109A20003B9A05005948FFF7D9FAFFF7B5FAFEF758
:109A300037FD554B05221A70A2E0FFF725FD0346BE
:109A4000002B11D1504B06221A70514B1B88772BDB
:109A500006D84F4B1B8801339AB24D4B1A808FE0CA
:109A60004C4B01221A708BE0474B05221A70484B71
:109A700000221A80474B00221A7081E0FFF704FD94
:109A80000346002B05D1404B05221A70FFF7DAFD83
:109A900071E03E4B9B78A52B03D03C4B5B79022BAE
:109AA0000DD13D4B1B78072B03D00020FFF7EAFDBB
:109AB00002E0354B05221A70FFF7C4FD5BE0334B23
:109AC0009B78962B57D10120FFF7DCFD53E0FFF781
:109AD000DBFC0346002B05D12B4B05221A70FFF748
:109AE000EBFC4AE0294B9B78962B03D0274B5B7904
:109AF000022B05D1FFF7E0FC234B05221A703CE056
:109B0000224B9B78A52B38D1FFF7F6FC35E01F4898
:109B1000FFF78EFA1C4B06221A7031E01B4B5B7963
:109B2000022B0CD1FFF7B0FC0346002B03D1164BE0
:109B300004221A7023E0144B05221A701FE0134B05
:109B40005B79012B1BD1114B9B78A52B06D1134BB5
:109B500000221A700C4B02221A7010E0104B0022E7
:109B60001A70094B01221A7009E0074B00221A7083
:109B700006E000BF04E000BF02E000BF00E000BF5D
:109B800000BF80BD543BFF1F6B3AFF1F6C3AFF1FA5
:109B9000CA3AFF1FC83AFF1F283BFF1FD53AFF1FD5
:109BA000DD3AFF1F80B400AF00BFBD4680BC7047E8
:109BB00080B582B000AF7860274B5B6BDAB27B6810
:109BC0001A70264B1B689AB27B685A80224B1B6F17
:109BD000FA2202FB03F3002B02DA03F5FF437F3383
:109BE000DB139AB27B689A801B4B5B6FFA2202FBF5
:109BF00003F3002B02DA03F5FF437F33DB139AB242
:109C00007B68DA80144B9B6FFA2202FB03F3002B74
:109C100002DA03F5FF437F33DB139AB27B681A81C4
:109C2000FEF7A2FB03461A467B685A81FEF784FBC7
:109C300003460B4A82FB03125211DB17D31ADAB226
:109C40007B681A73074B1B789AB27B68DA81002312
:109C500018460837BD4680BD2C3DFF1F0006FF1F7C
:109C60001F85EB51DD3AFF1F80B582B000AF7860F1
:109C70001C4B1B681B0B03F00103DBB2002B03D052
:109C80007B6866221A8018E0164B1B685B0B03F09A
:109C90000103DBB2002B03D07B6865221A800CE045
:109CA000114B1B78012B05D1104B1B889AB27B6896
:109CB0001A8002E07B6800221A80FEF775FB0346DB
:109CC0001A460B4BA3FB02235B099AB27B685A80AE
:109CD000084B1B789AB27B689A8000231846083795
:109CE000BD4680BD883BFF1F453BFF1F1248FF1F3D
:109CF0001F85EB51D53AFF1F80B582B000AF786069
:109D0000164B1B689B0B03F00103DBB2002B03D047
:109D10007B6866221A8010E0104B1B68DB0B03F097
:109D20000103DBB2002B03D07B6865221A8004E0BC
:109D30000B4B1B889AB27B681A80FEF729FB0346FF
:109D40001A46084BA3FB02235B099AB27B685A8030
:109D5000002318460837BD4680BD00BF883BFF1F63
:109D60001048FF1F1F85EB5180B582B000AF7860AF
:109D7000164B1B689B0A03F00103DBB2002B03D0D8
:109D80007B6866221A8010E0104B1B68DB0A03F028
:109D90000103DBB2002B03D07B6865221A8004E04C
:109DA0000B4B1B889AB27B681A80FEF709FB0346AF
:109DB0001A46084BA3FB0223DB089AB27B685A8041
:109DC000002318460837BD4680BD00BF883BFF1FF3
:109DD0000E48FF1FCDCCCCCC80B483B000AF7860F0
:109DE000114B1B68DB0D03F00103DBB2002B03D02A
:109DF0007B6865221A8010E00B4B1B689B0D03F0FB
:109E00000103DBB2002B03D07B6866221A8004E0DA
:109E1000064B1B889AB27B681A80002318460C37C1
:109E2000BD4680BC704700BF883BFF1F0C48FF1F2A
:109E300080B483B000AF7860114B1B68DB0C03F07B
:109E40000103DBB2002B03D07B6865221A8010E08F
:109E50000B4B1B689B0C03F00103DBB2002B03D000
:109E60007B6866221A8004E0064B1B889AB27B68E6
:109E70001A80002318460C37BD4680BC704700BFCF
:109E8000883BFF1F1448FF1F80B483B000AF786089
:109E9000114B1B685B0D03F00103DBB2002B03D0F9
:109EA0007B6865221A8010E00B4B1B681B0D03F0CA
:109EB0000103DBB2002B03D07B6866221A8004E02A
:109EC000064B1B889AB27B681A80002318460C3711
:109ED000BD4680BC704700BF883BFF1F1648FF1F70
:109EE00080B483B000AF7860074B1B78022B14BF9F
:109EF00001230023DBB29AB27B681A800023184644
:109F00000C37BD4680BC70472D3BFF1F80B582B02B
:109F100000AF7860FEF760FA0346084A82FB03123E
:109F20009210DB17D31A1BB2DBB22833DAB27B688C
:109F30001A70002318460837BD4680BD67666666FE
:109F400080B582B000AF78607868FFF735FA0023FB
:109F500018460837BD4680BD80B582B000AF786036
:109F6000FEF72EFF03461A467B681A800023184628
:109F70000837BD4680BD000080B483B000AF002329
:109F8000FB7114E0FB790E4A0021D154FB790D4A94
:109F90000021D154FB790C4A002122F81310FB79DF
:109FA0000A4A002122F81310FB790133FB71FB7977
:109FB000012BE7D900BF00BF0C37BD4680BC7047FE
:109FC000003BFF1F043BFF1F083BFF1F0C3BFF1F15
:109FD00080B582B000AF0346FB80D9F72DF9FB882E
:109FE0001846D9F735F9044B01221A700023184698
:109FF0000837BD4680BD00BF443BFF1F80B500AFA2
:10A00000D9F70CF9024B00221A700023184680BDC4
:10A01000443BFF1F80B483B000AF0023FB7106E018
:10A02000FB79114A0021D154FB790133FB71FB7993
:10A03000062BF5D90023FB710DE0FB790B4A0021BB
:10A0400002F82310FB79094A9B00134400225A802E
:10A05000FB790133FB71FB79032BEED900BF00BF05
:10A060000C37BD4680BC7047103BFF1F183BFF1FDD
:10A0700080B582B000AF0346FB710B46BB7113463F
:10A08000BB80BB79022B09D1FB79274A0121D1542E
:10A09000FB792649BA8821F8132010E0BB79032BFD
:10A0A00004D1FB79204A0021D15408E0FB792049F2
:10A0B000BA79CA54FB791F49BA8821F81320FB7971
:10A0C000194AD35C002B02D0012B17D021E0FB7979
:10A0D000174AD35C012B0AD1FB79174A52F8333067
:10A0E000FA79144931F812201046984716E0FB79A6
:10A0F000114ADB0013445B6898470FE0FB790E4A76
:10A1000052F83330FA79094931F81220104698474D
:10A1100004E0FB79044A0021D15400BF0023184613
:10A120000837BD4680BD00BF103BFF1F603BFF1FCF
:10A13000703BFF1F783BFF1FCC47FF1F80B483B0ED
:10A1400000AF0346FB710B46BB711346BB80BB7966
:10A15000022B0BD1FB790E4A012102F82310FB7967
:10A160000B4A9B001344BA885A800AE0FB79084ADC
:10A17000002102F82310FB79054A9B0013440022BA
:10A180005A80002318460C37BD4680BC704700BF7C
:10A19000183BFF1F80B500AF104B00221A60104B18
:10A1A0001868104B1988104B1A68104B1B88DAF787
:10A1B00003FC0F4B1B880F4A11880F4A1288184660
:10A1C000DAF71CFC0D4B1B880D4A11680D4A1288EA
:10A1D0001846DAF737FC00BF80BD00BF883BFF1F81
:10A1E0000C4BFF1F144BFF1F104BFF1F164BFF1F85
:10A1F000184BFF1F1A4BFF1F1C4BFF1F1E4BFF1F4F
:10A20000204BFF1F244BFF1F80B500AFDAF75EFD28
:10A210000346644A1360644B1B78012B1BD1634BCC
:10A2200001221A70614B01221A77604B012283F8D8
:10A2300054205E4B012283F838205C4B012283F8C6
:10A24000FC200120DAF786FC0120DAF793FC0120DC
:10A25000DAF7A0FC1AE0554B00221A70534B00228B
:10A260001A77524B002283F85420504B002283F877
:10A2700038204E4B002283F8FC200020DAF76AFCDD
:10A280000020DAF777FC0020DAF784FC484B1B78D3
:10A29000012B04D1454B012283F8342103E0434BC9
:10A2A000002283F83421434B1B78012B08D13F4B0C
:10A2B000012283F850213D4B012283F86C2107E0F5
:10A2C0003A4B002283F85021384B002283F86C214E
:10A2D000394B1B78012B08D1344B012283F888219C
:10A2E000324B012283F8A42107E0304B002283F88F
:10A2F00088212E4B002283F8A421304B1B78012BA0
:10A3000008D12A4B012283F8F821284B012283F837
:10A31000142207E0254B002283F8F821234B00226A
:10A3200083F81422264B1B78012B08D11F4B0122E6
:10A3300083F830221D4B012283F84C2207E01B4B8F
:10A34000002283F83022194B002283F84C221D4B47
:10A350001B78012B08D1154B012283F86822134B7F
:10A36000012283F8842207E0104B002283F8682240
:10A370000E4B002283F884220C4B012283F8C0216B
:10A380000A4B012283F8DC21084B012283F8A0222A
:10A39000064B012283F8BC22044B012283F8D82209
:10A3A00000BF80BD8C3BFF1F443BFF1F1848FF1FB1
:10A3B0005E3AFF1F603AFF1F5F3AFF1F613AFF1FBF
:10A3C000623AFF1F5D3AFF1F80B582B000AF0023E5
:10A3D000FB7116E0FA790F491346DB009B1A9B00CC
:10A3E0000B441B78002B09D0FA790A491346DB008D
:10A3F0009B1A9B000B4418331B689847FB79013369
:10A40000FB71FB791A2BE5D900BF00BF0837BD46A9
:10A4100080BD00BF1848FF1F80B483B000AF184B49
:10A4200000221A600023FB8020E0FA8815491346B9
:10A43000DB009B1A9B000B44013300221A70FA8840
:10A4400010491346DB009B1A9B000B440233002289
:10A450001A70FA880B491346DB009B1A9B000B44C9
:10A46000043300221A60FB880133FB80FB881A2B1F
:10A47000DBD900BF00BF0C37BD4680BC704700BFB2
:10A48000883BFF1F1848FF1F80B582B000AF002334
:10A49000FB80FA8861491346DB009B1A9B000B4442
:10A4A00001331B78012B55D0FDF746FF03461A46B2
:10A4B00042F234139A4242D8FA8858491346DB00D4
:10A4C0009B1A9B000B4404331B68591C53481346CA
:10A4D000DB009B1A9B00034404331960FA884F4940
:10A4E0001346DB009B1A9B000B4404331968FA885F
:10A4F0004A481346DB009B1A9B00034408331B6841
:10A5000099427ED3FA8845491346DB009B1A9B008B
:10A510000B44013301221A70FA8840491346DB00CC
:10A520009B1A9B000B44043300221A60FB88012213
:10A530009A403B4B1B681343394A136061E0FA8829
:10A5400036491346DB009B1A9B000B440433002260
:10A550001A6056E0FDF7F0FE03461A4642F2273332
:10A560009A4244D9FA882D491346DB009B1A9B0076
:10A570000B4404331B68591C28481346DB009B1A04
:10A580009B00034404331960FA8824491346DB0016
:10A590009B1A9B000B4404331968FA881F48134622
:10A5A000DB009B1A9B0003440C331B68994228D3A1
:10A5B000FA881A491346DB009B1A9B000B440133AF
:10A5C00000221A70FA8815491346DB009B1A9B007B
:10A5D0000B44043300221A60FB88012202FA03F3C1
:10A5E000DA430F4B1B6813400D4A136009E0FA88E9
:10A5F0000A491346DB009B1A9B000B4404330022DC
:10A600001A60FA8805491346DB009B1A9B000B442D
:10A6100001331B7818460837BD4680BD1848FF1F18
:10A62000883BFF1F80B582B000AF0123FB80FA8812
:10A6300060491346DB009B1A9B000B4401331B78D7
:10A64000012B55D0FDF778FE03461A4644F27303FA
:10A650009A4242D9FA8857491346DB009B1A9B005D
:10A660000B4404331B68591C52481346DB009B1AE9
:10A670009B00034404331960FA884E491346DB00FB
:10A680009B1A9B000B4404331968FA884948134607
:10A69000DB009B1A9B00034408331B6899427CD360
:10A6A000FA8844491346DB009B1A9B000B44013394
:10A6B00001221A70FA883F491346DB009B1A9B005F
:10A6C0000B44043300221A60FB8801229A403A4B63
:10A6D0001B681343384A13605FE0FA883549134614
:10A6E000DB009B1A9B000B44043300221A6054E0E9
:10A6F000FDF722FE0346B3F57A5F44D8FA882D4968
:10A700001346DB009B1A9B000B4404331B68591C47
:10A7100028481346DB009B1A9B000344043319604E
:10A72000FA8824491346DB009B1A9B000B44043330
:10A730001968FA881F481346DB009B1A9B000344E4
:10A740000C331B68994228D3FA881A491346DB0058
:10A750009B1A9B000B44013300221A70FA8815499A
:10A760001346DB009B1A9B000B44043300221A6043
:10A77000FB88012202FA03F3DA430F4B1B681340F4
:10A780000D4A136009E0FA880A491346DB009B1A58
:10A790009B000B44043300221A60FA8805491346D3
:10A7A000DB009B1A9B000B4401331B7818460837CB
:10A7B000BD4680BD1848FF1F883BFF1F80B582B093
:10A7C00000AF0223FB80FDF7B7FD0346BB80ECF72B
:10A7D000EBF903461A46664B1A60BB88644A126856
:10A7E00002FB03F3634AA2FB03239B09624A136043
:10A7F000FA8862491346DB009B1A9B000B44013325
:10A800001B78012B52D05C4B1B685D4A934242D9A6
:10A81000FA885A491346DB009B1A9B000B44043309
:10A820001B68591C55481346DB009B1A9B000344C8
:10A8300004331960FA8851491346DB009B1A9B00C8
:10A840000B4404331968FA884C481346DB009B1A02
:10A850009B00034408331B6899427BD3FA8847491D
:10A860001346DB009B1A9B000B44013301221A7034
:10A87000FA8842491346DB009B1A9B000B440433C1
:10A8800000221A60FB8801229A403E4B1B6813434A
:10A890003C4A13605EE0FA8838491346DB009B1A95
:10A8A0009B000B44043300221A6053E0324B1B68B8
:10A8B000354A934244D8FA8830491346DB009B1A44
:10A8C0009B000B4404331B68591C2C481346DB00C7
:10A8D0009B1A9B00034404331960FA8827491346E6
:10A8E000DB009B1A9B000B4404331968FA88234849
:10A8F0001346DB009B1A9B0003440C331B689942F0
:10A9000028D3FA881D491346DB009B1A9B000B4491
:10A91000013300221A70FA8818491346DB009B1A8B
:10A920009B000B44043300221A60FB88012202FAC8
:10A9300003F3DA43134B1B681340124A136009E018
:10A94000FA880E491346DB009B1A9B000B44043324
:10A9500000221A60FA8809491346DB009B1A9B0003
:10A960000B4401331B7818460837BD4680BD00BF35
:10A97000903BFF1FD34D6210943BFF1F1848FF1FF1
:10A980008F5F0100883BFF1F084C010080B582B03B
:10A9900000AF0323FB80FEF713FA0346BB80FA885F
:10A9A0005D491346DB009B1A9B000B4401331B7867
:10A9B000012B51D0B7F90430812B42DDFA8856497A
:10A9C0001346DB009B1A9B000B4404331B68591C85
:10A9D00051481346DB009B1A9B0003440433196063
:10A9E000FA884D491346DB009B1A9B000B44043345
:10A9F0001968FA8848481346DB009B1A9B000344F9
:10AA000008331B6899427AD3FA8843491346DB001E
:10AA10009B1A9B000B44013301221A70FA883E49AD
:10AA20001346DB009B1A9B000B44043300221A6080
:10AA3000FB8801229A40394B1B681343374A136045
:10AA40005DE0FA8834491346DB009B1A9B000B44F7
:10AA5000043300221A6052E0B7F904307D2B44DC45
:10AA6000FA882D491346DB009B1A9B000B440433E4
:10AA70001B68591C28481346DB009B1A9B000344A3
:10AA800004331960FA8824491346DB009B1A9B00A3
:10AA90000B4404331968FA881F481346DB009B1ADD
:10AAA0009B0003440C331B68994228D3FA881A4947
:10AAB0001346DB009B1A9B000B44013300221A70E3
:10AAC000FA8815491346DB009B1A9B000B4404339C
:10AAD00000221A60FB88012202FA03F3DA430F4BCB
:10AAE0001B6813400D4A136009E0FA880A491346AF
:10AAF000DB009B1A9B000B44043300221A60FA8887
:10AB000005491346DB009B1A9B000B4401331B785D
:10AB100018460837BD4680BD1848FF1F883BFF1FF9
:10AB200080B582B000AF0423FB80DAF7CFF803468C
:10AB30001B07DB083B60FA885C491346DB009B1A65
:10AB40009B000B4401331B78012B50D03B68002B3A
:10AB500042D0FA8855491346DB009B1A9B000B44F0
:10AB600004331B68591C51481346DB009B1A9B0099
:10AB7000034404331960FA884C491346DB009B1ADE
:10AB80009B000B4404331968FA8848481346DB00DD
:10AB90009B1A9B00034408331B68994279D3FA88B7
:10ABA00042491346DB009B1A9B000B4401330122F0
:10ABB0001A70FA883D491346DB009B1A9B000B4430
:10ABC000043300221A60FB8801229A40384B1B682C
:10ABD0001343374A13605CE0FA8834491346DB00BC
:10ABE0009B1A9B000B44043300221A6051E03B681F
:10ABF000002B44D1FA882D491346DB009B1A9B0099
:10AC00000B4404331B68591C28481346DB009B1A6D
:10AC10009B00034404331960FA8824491346DB007F
:10AC20009B1A9B000B4404331968FA881F4813468B
:10AC3000DB009B1A9B0003440C331B68994228D30A
:10AC4000FA881A491346DB009B1A9B000B44013318
:10AC500000221A70FA8815491346DB009B1A9B00E4
:10AC60000B44043300221A60FB88012202FA03F32A
:10AC7000DA430F4B1B6813400D4A136009E0FA8852
:10AC80000A491346DB009B1A9B000B440433002245
:10AC90001A60FA8805491346DB009B1A9B000B4497
:10ACA00001331B7818460837BD4680BD1848FF1F82
:10ACB000883BFF1F80B582B000AF0523FB80DAF729
:10ACC00005F80346DB061B093B60FA885C4913461E
:10ACD000DB009B1A9B000B4401331B78012B50D0E7
:10ACE0003B68002B42D0FA8855491346DB009B1A7B
:10ACF0009B000B4404331B68591C51481346DB006E
:10AD00009B1A9B00034404331960FA884C4913468C
:10AD1000DB009B1A9B000B4404331968FA884848EF
:10AD20001346DB009B1A9B00034408331B689942BF
:10AD300079D3FA8842491346DB009B1A9B000B44E7
:10AD4000013301221A70FA883D491346DB009B1A31
:10AD50009B000B44043300221A60FB8801229A40B6
:10AD6000384B1B681343374A13605CE0FA88344958
:10AD70001346DB009B1A9B000B44043300221A602D
:10AD800051E03B68002B44D1FA882D491346DB0083
:10AD90009B1A9B000B4404331B68591C284813461C
:10ADA000DB009B1A9B00034404331960FA88244992
:10ADB0001346DB009B1A9B000B4404331968FA8886
:10ADC0001F481346DB009B1A9B0003440C331B688F
:10ADD000994228D3FA881A491346DB009B1A9B0034
:10ADE0000B44013300221A70FA8815491346DB0020
:10ADF0009B1A9B000B44043300221A60FB8801223B
:10AE000002FA03F3DA430F4B1B6813400D4A136039
:10AE100009E0FA880A491346DB009B1A9B000B44A1
:10AE2000043300221A60FA8805491346DB009B1A96
:10AE30009B000B4401331B7818460837BD4680BD84
:10AE40001848FF1F883BFF1F80B582B000AF062364
:10AE5000FB80D9F73BFF03465B059B0A3B60FA8802
:10AE60005C491346DB009B1A9B000B4401331B78A3
:10AE7000012B50D03B68002B42D0FA88554913462D
:10AE8000DB009B1A9B000B4404331B68591C514880
:10AE90001346DB009B1A9B00034404331960FA88B5
:10AEA0004C491346DB009B1A9B000B440433196882
:10AEB000FA8848481346DB009B1A9B00034408337A
:10AEC0001B68994279D3FA8842491346DB009B1AE2
:10AED0009B000B44013301221A70FA883D49134646
:10AEE000DB009B1A9B000B44043300221A60FB8892
:10AEF00001229A40384B1B681343374A13605CE0C9
:10AF0000FA8834491346DB009B1A9B000B44043338
:10AF100000221A6051E03B68002B44D1FA882D4989
:10AF20001346DB009B1A9B000B4404331B68591C1F
:10AF300028481346DB009B1A9B0003440433196026
:10AF4000FA8824491346DB009B1A9B000B44043308
:10AF50001968FA881F481346DB009B1A9B000344BC
:10AF60000C331B68994228D3FA881A491346DB0030
:10AF70009B1A9B000B44013300221A70FA88154972
:10AF80001346DB009B1A9B000B44043300221A601B
:10AF9000FB88012202FA03F3DA430F4B1B681340CC
:10AFA0000D4A136009E0FA880A491346DB009B1A30
:10AFB0009B000B44043300221A60FA8805491346AB
:10AFC000DB009B1A9B000B4401331B7818460837A3
:10AFD000BD4680BD1848FF1F883BFF1F80B582B06B
:10AFE00000AF0723FB80D9F771FE03461B05DB0A80
:10AFF0003B60FA885C491346DB009B1A9B000B44BC
:10B0000001331B78012B50D03B68002B42D0FA88CB
:10B0100055491346DB009B1A9B000B4404331B6805
:10B02000591C51481346DB009B1A9B000344043310
:10B030001960FA884C491346DB009B1A9B000B44AD
:10B0400004331968FA8848481346DB009B1A9B00B2
:10B05000034408331B68994279D3FA88424913465E
:10B06000DB009B1A9B000B44013301221A70FA8803
:10B070003D491346DB009B1A9B000B44043300221E
:10B080001A60FB8801229A40384B1B681343374AE9
:10B0900013605CE0FA8834491346DB009B1A9B007E
:10B0A0000B44043300221A6051E03B68002B44D16A
:10B0B000FA882D491346DB009B1A9B000B4404338E
:10B0C0001B68591C28481346DB009B1A9B0003444D
:10B0D00004331960FA8824491346DB009B1A9B004D
:10B0E0000B4404331968FA881F481346DB009B1A87
:10B0F0009B0003440C331B68994228D3FA881A49F1
:10B100001346DB009B1A9B000B44013300221A708C
:10B11000FA8815491346DB009B1A9B000B44043345
:10B1200000221A60FB88012202FA03F3DA430F4B74
:10B130001B6813400D4A136009E0FA880A49134658
:10B14000DB009B1A9B000B44043300221A60FA8830
:10B1500005491346DB009B1A9B000B4401331B7807
:10B1600018460837BD4680BD1848FF1F883BFF1FA3
:10B1700080B582B000AF0823FB80D9F7A7FD034656
:10B180009B045B0B3B60FA885C491346DB009B1A0F
:10B190009B000B4401331B78012B50D03B68002BE4
:10B1A00042D0FA8855491346DB009B1A9B000B449A
:10B1B00004331B68591C51481346DB009B1A9B0043
:10B1C000034404331960FA884C491346DB009B1A88
:10B1D0009B000B4404331968FA8848481346DB0087
:10B1E0009B1A9B00034408331B68994279D3FA8861
:10B1F00042491346DB009B1A9B000B44013301229A
:10B200001A70FA883D491346DB009B1A9B000B44D9
:10B21000043300221A60FB8801229A40384B1B68D5
:10B220001343374A13605CE0FA8834491346DB0065
:10B230009B1A9B000B44043300221A6051E03B68C8
:10B24000002B44D1FA882D491346DB009B1A9B0042
:10B250000B4404331B68591C28481346DB009B1A17
:10B260009B00034404331960FA8824491346DB0029
:10B270009B1A9B000B4404331968FA881F48134635
:10B28000DB009B1A9B0003440C331B68994228D3B4
:10B29000FA881A491346DB009B1A9B000B440133C2
:10B2A00000221A70FA8815491346DB009B1A9B008E
:10B2B0000B44043300221A60FB88012202FA03F3D4
:10B2C000DA430F4B1B6813400D4A136009E0FA88FC
:10B2D0000A491346DB009B1A9B000B4404330022EF
:10B2E0001A60FA8805491346DB009B1A9B000B4441
:10B2F00001331B7818460837BD4680BD1848FF1F2C
:10B30000883BFF1F80B582B000AF0923FB80D9F7CF
:10B31000DDFC03465B049B0B3B60FA885C491346EB
:10B32000DB009B1A9B000B4401331B78012B50D090
:10B330003B68002B42D0FA8855491346DB009B1A24
:10B340009B000B4404331B68591C51481346DB0017
:10B350009B1A9B00034404331960FA884C49134636
:10B36000DB009B1A9B000B4404331968FA88484899
:10B370001346DB009B1A9B00034408331B68994269
:10B3800079D3FA8842491346DB009B1A9B000B4491
:10B39000013301221A70FA883D491346DB009B1ADB
:10B3A0009B000B44043300221A60FB8801229A4060
:10B3B000384B1B681343374A13605CE0FA88344902
:10B3C0001346DB009B1A9B000B44043300221A60D7
:10B3D00051E03B68002B44D1FA882D491346DB002D
:10B3E0009B1A9B000B4404331B68591C28481346C6
:10B3F000DB009B1A9B00034404331960FA8824493C
:10B400001346DB009B1A9B000B4404331968FA882F
:10B410001F481346DB009B1A9B0003440C331B6838
:10B42000994228D3FA881A491346DB009B1A9B00DD
:10B430000B44013300221A70FA8815491346DB00C9
:10B440009B1A9B000B44043300221A60FB880122E4
:10B4500002FA03F3DA430F4B1B6813400D4A1360E3
:10B4600009E0FA880A491346DB009B1A9B000B444B
:10B47000043300221A60FA8805491346DB009B1A40
:10B480009B000B4401331B7818460837BD4680BD2E
:10B490001848FF1F883BFF1F80B582B000AF0A230A
:10B4A000FB80FA885F491346DB009B1A9B000B4424
:10B4B00001331B78012B53D0FCF782FF0346B3F511
:10B4C0007A7F42D3FA8857491346DB009B1A9B00C8
:10B4D0000B4404331B68591C52481346DB009B1A6B
:10B4E0009B00034404331960FA884E491346DB007D
:10B4F0009B1A9B000B4404331968FA884948134689
:10B50000DB009B1A9B00034408331B6899427CD3E1
:10B51000FA8844491346DB009B1A9B000B44013315
:10B5200001221A70FA883F491346DB009B1A9B00E0
:10B530000B44043300221A60FB8801229A403A4BE4
:10B540001B681343384A13605FE0FA883549134695
:10B55000DB009B1A9B000B44043300221A6054E06A
:10B56000FCF72EFF0346B3F57A7F44D2FA882D49C3
:10B570001346DB009B1A9B000B4404331B68591CC9
:10B5800028481346DB009B1A9B00034404331960D0
:10B59000FA8824491346DB009B1A9B000B440433B2
:10B5A0001968FA881F481346DB009B1A9B00034466
:10B5B0000C331B68994228D3FA881A491346DB00DA
:10B5C0009B1A9B000B44013300221A70FA8815491C
:10B5D0001346DB009B1A9B000B44043300221A60C5
:10B5E000FB88012202FA03F3DA430F4B1B68134076
:10B5F0000D4A136009E0FA880A491346DB009B1ADA
:10B600009B000B44043300221A60FA880549134654
:10B61000DB009B1A9B000B4401331B78184608374C
:10B62000BD4680BD1848FF1F883BFF1F80B582B014
:10B6300000AF0B23FB80FA885E491346DB009B1AA0
:10B640009B000B4401331B78012B52D0FCF7B8FE52
:10B6500003460A2B42D8FA8856491346DB009B1A48
:10B660009B000B4404331B68591C52481346DB00F3
:10B670009B1A9B00034404331960FA884D49134612
:10B68000DB009B1A9B000B4404331968FA88494875
:10B690001346DB009B1A9B00034408331B68994246
:10B6A0007BD3FA8843491346DB009B1A9B000B446B
:10B6B000013301221A70FA883E491346DB009B1AB7
:10B6C0009B000B44043300221A60FB8801229A403D
:10B6D000394B1B681343384A13605EE0FA883549DA
:10B6E0001346DB009B1A9B000B44043300221A60B4
:10B6F00053E0FCF765FE03460A2B44D9FA882D492E
:10B700001346DB009B1A9B000B4404331B68591C37
:10B7100028481346DB009B1A9B000344043319603E
:10B72000FA8824491346DB009B1A9B000B44043320
:10B730001968FA881F481346DB009B1A9B000344D4
:10B740000C331B68994228D3FA881A491346DB0048
:10B750009B1A9B000B44013300221A70FA8815498A
:10B760001346DB009B1A9B000B44043300221A6033
:10B77000FB88012202FA03F3DA430F4B1B681340E4
:10B780000D4A136009E0FA880A491346DB009B1A48
:10B790009B000B44043300221A60FA8805491346C3
:10B7A000DB009B1A9B000B4401331B7818460837BB
:10B7B000BD4680BD1848FF1F883BFF1F80B582B083
:10B7C00000AF0C23FB80FA8861491346DB009B1A0B
:10B7D0009B000B4401331B78012B55D0FCF7E4FD93
:10B7E00003461A4642F20F739A4242D9FA885849E0
:10B7F0001346DB009B1A9B000B4404331B68591C47
:10B8000053481346DB009B1A9B0003440433196022
:10B81000FA884F491346DB009B1A9B000B44043304
:10B820001968FA884A481346DB009B1A9B000344B8
:10B8300008331B6899427ED3FA8845491346DB00DA
:10B840009B1A9B000B44013301221A70FA8840496D
:10B850001346DB009B1A9B000B44043300221A6042
:10B86000FB8801229A403B4B1B681343394A136003
:10B8700061E0FA8836491346DB009B1A9B000B44B3
:10B88000043300221A6056E0FCF78EFD03461A4688
:10B8900042F20F739A4244D8FA882D491346DB00CE
:10B8A0009B1A9B000B4404331B68591C2848134601
:10B8B000DB009B1A9B00034404331960FA88244977
:10B8C0001346DB009B1A9B000B4404331968FA886B
:10B8D0001F481346DB009B1A9B0003440C331B6874
:10B8E000994228D3FA881A491346DB009B1A9B0019
:10B8F0000B44013300221A70FA8815491346DB0005
:10B900009B1A9B000B44043300221A60FB8801221F
:10B9100002FA03F3DA430F4B1B6813400D4A13601E
:10B9200009E0FA880A491346DB009B1A9B000B4486
:10B93000043300221A60FA8805491346DB009B1A7B
:10B940009B000B4401331B7818460837BD4680BD69
:10B950001848FF1F883BFF1F80B582B000AF0D2342
:10B96000FB80FA885E491346DB009B1A9B000B4460
:10B9700001331B78012B52D0FCF716FD0346642BD4
:10B9800042D8FA8856491346DB009B1A9B000B44A9
:10B9900004331B68591C52481346DB009B1A9B005A
:10B9A000034404331960FA884D491346DB009B1A9F
:10B9B0009B000B4404331968FA8849481346DB009E
:10B9C0009B1A9B00034408331B6899427BD3FA8877
:10B9D00043491346DB009B1A9B000B4401330122B1
:10B9E0001A70FA883E491346DB009B1A9B000B44F1
:10B9F000043300221A60FB8801229A40394B1B68ED
:10BA00001343384A13605EE0FA8835491346DB0079
:10BA10009B1A9B000B44043300221A6053E0FCF78E
:10BA2000C3FC0346642B44D9FA882D491346DB0036
:10BA30009B1A9B000B4404331B68591C284813466F
:10BA4000DB009B1A9B00034404331960FA882449E5
:10BA50001346DB009B1A9B000B4404331968FA88D9
:10BA60001F481346DB009B1A9B0003440C331B68E2
:10BA7000994228D3FA881A491346DB009B1A9B0087
:10BA80000B44013300221A70FA8815491346DB0073
:10BA90009B1A9B000B44043300221A60FB8801228E
:10BAA00002FA03F3DA430F4B1B6813400D4A13608D
:10BAB00009E0FA880A491346DB009B1A9B000B44F5
:10BAC000043300221A60FA8805491346DB009B1AEA
:10BAD0009B000B4401331B7818460837BD4680BDD8
:10BAE0001848FF1F883BFF1F80B582B000AF0E23B0
:10BAF000FB80FA885F491346DB009B1A9B000B44CE
:10BB000001331B78012B53D0FCF742FC0346B3F5FD
:10BB1000FA6F42D3FA8857491346DB009B1A9B0001
:10BB20000B4404331B68591C52481346DB009B1A14
:10BB30009B00034404331960FA884E491346DB0026
:10BB40009B1A9B000B4404331968FA884948134632
:10BB5000DB009B1A9B00034408331B6899427CD38B
:10BB6000FA8844491346DB009B1A9B000B440133BF
:10BB700001221A70FA883F491346DB009B1A9B008A
:10BB80000B44043300221A60FB8801229A403A4B8E
:10BB90001B681343384A13605FE0FA88354913463F
:10BBA000DB009B1A9B000B44043300221A6054E014
:10BBB000FCF7EEFB0346B3F5FA6F44D2FA882D4941
:10BBC0001346DB009B1A9B000B4404331B68591C73
:10BBD00028481346DB009B1A9B000344043319607A
:10BBE000FA8824491346DB009B1A9B000B4404335C
:10BBF0001968FA881F481346DB009B1A9B00034410
:10BC00000C331B68994228D3FA881A491346DB0083
:10BC10009B1A9B000B44013300221A70FA881549C5
:10BC20001346DB009B1A9B000B44043300221A606E
:10BC3000FB88012202FA03F3DA430F4B1B6813401F
:10BC40000D4A136009E0FA880A491346DB009B1A83
:10BC50009B000B44043300221A60FA8805491346FE
:10BC6000DB009B1A9B000B4401331B7818460837F6
:10BC7000BD4680BD1848FF1F883BFF1F80B582B0BE
:10BC800000AF0F23FB80FA885E491346DB009B1A46
:10BC90009B000B4401331B78012B52D0FCF778FB3F
:10BCA00003460A2B42D8FA8856491346DB009B1AF2
:10BCB0009B000B4404331B68591C52481346DB009D
:10BCC0009B1A9B00034404331960FA884D491346BC
:10BCD000DB009B1A9B000B4404331968FA8849481F
:10BCE0001346DB009B1A9B00034408331B689942F0
:10BCF0007BD3FA8843491346DB009B1A9B000B4415
:10BD0000013301221A70FA883E491346DB009B1A60
:10BD10009B000B44043300221A60FB8801229A40E6
:10BD2000394B1B681343384A13605EE0FA88354983
:10BD30001346DB009B1A9B000B44043300221A605D
:10BD400053E0FCF725FB03460A2B44D9FA882D491A
:10BD50001346DB009B1A9B000B4404331B68591CE1
:10BD600028481346DB009B1A9B00034404331960E8
:10BD7000FA8824491346DB009B1A9B000B440433CA
:10BD80001968FA881F481346DB009B1A9B0003447E
:10BD90000C331B68994228D3FA881A491346DB00F2
:10BDA0009B1A9B000B44013300221A70FA88154934
:10BDB0001346DB009B1A9B000B44043300221A60DD
:10BDC000FB88012202FA03F3DA430F4B1B6813408E
:10BDD0000D4A136009E0FA880A491346DB009B1AF2
:10BDE0009B000B44043300221A60FA88054913466D
:10BDF000DB009B1A9B000B4401331B781846083765
:10BE0000BD4680BD1848FF1F883BFF1F80B582B02C
:10BE100000AF1023FB80FCF753FF0346BB80FA887A
:10BE200061491346DB009B1A9B000B4401331B78CE
:10BE3000012B55D0B7F90430782B03DCB7F9043067
:10BE4000042B42DCFA8858491346DB009B1A9B00FE
:10BE50000B4404331B68591C53481346DB009B1AE0
:10BE60009B00034404331960FA884F491346DB00F2
:10BE70009B1A9B000B4404331968FA884A481346FE
:10BE8000DB009B1A9B00034408331B6899427ED356
:10BE9000FA8845491346DB009B1A9B000B4401338B
:10BEA00001221A70FA8840491346DB009B1A9B0056
:10BEB0000B44043300221A60FB8801229A403B4B5A
:10BEC0001B681343394A136061E0FA883649134608
:10BED000DB009B1A9B000B44043300221A6056E0DF
:10BEE000B7F90430762B48DCB7F90430062B44DD73
:10BEF000FA882D491346DB009B1A9B000B44043340
:10BF00001B68591C28481346DB009B1A9B000344FE
:10BF100004331960FA8824491346DB009B1A9B00FE
:10BF20000B4404331968FA881F481346DB009B1A38
:10BF30009B0003440C331B68994228D3FA881A49A2
:10BF40001346DB009B1A9B000B44013300221A703E
:10BF5000FA8815491346DB009B1A9B000B440433F7
:10BF600000221A60FB88012202FA03F3DA430F4B26
:10BF70001B6813400D4A136009E0FA880A4913460A
:10BF8000DB009B1A9B000B44043300221A60FA88E2
:10BF900005491346DB009B1A9B000B4401331B78B9
:10BFA00018460837BD4680BD1848FF1F883BFF1F55
:10BFB00080B582B000AF1123FB80FCF701FF034680
:10BFC000BB80FA8861491346DB009B1A9B000B4437
:10BFD00001331B78012B55D0B7F904308C2B03DCCF
:10BFE000B7F90430042B42DCFA8858491346DB00C9
:10BFF0009B1A9B000B4404331B68591C534813467F
:10C00000DB009B1A9B00034404331960FA884F49F4
:10C010001346DB009B1A9B000B4404331968FA8813
:10C020004A481346DB009B1A9B00034408331B68F5
:10C0300099427ED3FA8845491346DB009B1A9B0040
:10C040000B44013301221A70FA8840491346DB0081
:10C050009B1A9B000B44043300221A60FB880122C8
:10C060009A403B4B1B681343394A136061E0FA88DE
:10C0700036491346DB009B1A9B000B440433002215
:10C080001A6056E0B7F904308A2B48DCB7F904305F
:10C09000062B44DDFA882D491346DB009B1A9B00D2
:10C0A0000B4404331B68591C28481346DB009B1AB9
:10C0B0009B00034404331960FA8824491346DB00CB
:10C0C0009B1A9B000B4404331968FA881F481346D7
:10C0D000DB009B1A9B0003440C331B68994228D356
:10C0E000FA881A491346DB009B1A9B000B44013364
:10C0F00000221A70FA8815491346DB009B1A9B0030
:10C100000B44043300221A60FB88012202FA03F375
:10C11000DA430F4B1B6813400D4A136009E0FA889D
:10C120000A491346DB009B1A9B000B440433002290
:10C130001A60FA8805491346DB009B1A9B000B44E2
:10C1400001331B7818460837BD4680BD1848FF1FCD
:10C15000883BFF1F80B582B000AF1223FB80E9F758
:10C16000F3FF03467B71FA885C491346DB009B1A98
:10C170009B000B4401331B78012B50D07B79012BA2
:10C1800042D1FA8855491346DB009B1A9B000B44A9
:10C1900004331B68591C51481346DB009B1A9B0053
:10C1A000034404331960FA884C491346DB009B1A98
:10C1B0009B000B4404331968FA8848481346DB0097
:10C1C0009B1A9B00034408331B68994279D3FA8871
:10C1D00042491346DB009B1A9B000B4401330122AA
:10C1E0001A70FA883D491346DB009B1A9B000B44EA
:10C1F000043300221A60FB8801229A40384B1B68E6
:10C200001343374A13605CE0FA8834491346DB0075
:10C210009B1A9B000B44043300221A6051E07B7987
:10C22000002B44D1FA882D491346DB009B1A9B0052
:10C230000B4404331B68591C28481346DB009B1A27
:10C240009B00034404331960FA8824491346DB0039
:10C250009B1A9B000B4404331968FA881F48134645
:10C26000DB009B1A9B0003440C331B68994228D3C4
:10C27000FA881A491346DB009B1A9B000B440133D2
:10C2800000221A70FA8815491346DB009B1A9B009E
:10C290000B44043300221A60FB88012202FA03F3E4
:10C2A000DA430F4B1B6813400D4A136009E0FA880C
:10C2B0000A491346DB009B1A9B000B4404330022FF
:10C2C0001A60FA8805491346DB009B1A9B000B4451
:10C2D00001331B7818460837BD4680BD1848FF1F3C
:10C2E000883BFF1F80B582B000AF1323FB80E9F7C6
:10C2F0002BFF03467B71FA885C491346DB009B1ACF
:10C300009B000B4401331B78012B50D07B79022B0F
:10C3100042D1FA8855491346DB009B1A9B000B4417
:10C3200004331B68591C51481346DB009B1A9B00C1
:10C33000034404331960FA884C491346DB009B1A06
:10C340009B000B4404331968FA8848481346DB0005
:10C350009B1A9B00034408331B68994279D3FA88DF
:10C3600042491346DB009B1A9B000B440133012218
:10C370001A70FA883D491346DB009B1A9B000B4458
:10C38000043300221A60FB8801229A40384B1B6854
:10C390001343374A13605CE0FA8834491346DB00E4
:10C3A0009B1A9B000B44043300221A6051E07B79F6
:10C3B000002B44D1FA882D491346DB009B1A9B00C1
:10C3C0000B4404331B68591C28481346DB009B1A96
:10C3D0009B00034404331960FA8824491346DB00A8
:10C3E0009B1A9B000B4404331968FA881F481346B4
:10C3F000DB009B1A9B0003440C331B68994228D333
:10C40000FA881A491346DB009B1A9B000B44013340
:10C4100000221A70FA8815491346DB009B1A9B000C
:10C420000B44043300221A60FB88012202FA03F352
:10C43000DA430F4B1B6813400D4A136009E0FA887A
:10C440000A491346DB009B1A9B000B44043300226D
:10C450001A60FA8805491346DB009B1A9B000B44BF
:10C4600001331B7818460837BD4680BD1848FF1FAA
:10C47000883BFF1F80B582B000AF1423FB80E9F733
:10C4800063FE03467B71FA885C491346DB009B1A06
:10C490009B000B4401331B78012B50D07B79012B7F
:10C4A00042D1FA8855491346DB009B1A9B000B4486
:10C4B00004331B68591C51481346DB009B1A9B0030
:10C4C000034404331960FA884C491346DB009B1A75
:10C4D0009B000B4404331968FA8848481346DB0074
:10C4E0009B1A9B00034408331B68994279D3FA884E
:10C4F00042491346DB009B1A9B000B440133012287
:10C500001A70FA883D491346DB009B1A9B000B44C6
:10C51000043300221A60FB8801229A40384B1B68C2
:10C520001343374A13605CE0FA8834491346DB0052
:10C530009B1A9B000B44043300221A6051E07B7964
:10C54000002B44D1FA882D491346DB009B1A9B002F
:10C550000B4404331B68591C28481346DB009B1A04
:10C560009B00034404331960FA8824491346DB0016
:10C570009B1A9B000B4404331968FA881F48134622
:10C58000DB009B1A9B0003440C331B68994228D3A1
:10C59000FA881A491346DB009B1A9B000B440133AF
:10C5A00000221A70FA8815491346DB009B1A9B007B
:10C5B0000B44043300221A60FB88012202FA03F3C1
:10C5C000DA430F4B1B6813400D4A136009E0FA88E9
:10C5D0000A491346DB009B1A9B000B4404330022DC
:10C5E0001A60FA8805491346DB009B1A9B000B442E
:10C5F00001331B7818460837BD4680BD1848FF1F19
:10C60000883BFF1F80B582B000AF1523FB80E9F7A0
:10C610009BFD03467B71FA885C491346DB009B1A3D
:10C620009B000B4401331B78012B50D07B79022BEC
:10C6300042D1FA8855491346DB009B1A9B000B44F4
:10C6400004331B68591C51481346DB009B1A9B009E
:10C65000034404331960FA884C491346DB009B1AE3
:10C660009B000B4404331968FA8848481346DB00E2
:10C670009B1A9B00034408331B68994279D3FA88BC
:10C6800042491346DB009B1A9B000B4401330122F5
:10C690001A70FA883D491346DB009B1A9B000B4435
:10C6A000043300221A60FB8801229A40384B1B6831
:10C6B0001343374A13605CE0FA8834491346DB00C1
:10C6C0009B1A9B000B44043300221A6051E07B79D3
:10C6D000002B44D1FA882D491346DB009B1A9B009E
:10C6E0000B4404331B68591C28481346DB009B1A73
:10C6F0009B00034404331960FA8824491346DB0085
:10C700009B1A9B000B4404331968FA881F48134690
:10C71000DB009B1A9B0003440C331B68994228D30F
:10C72000FA881A491346DB009B1A9B000B4401331D
:10C7300000221A70FA8815491346DB009B1A9B00E9
:10C740000B44043300221A60FB88012202FA03F32F
:10C75000DA430F4B1B6813400D4A136009E0FA8857
:10C760000A491346DB009B1A9B000B44043300224A
:10C770001A60FA8805491346DB009B1A9B000B449C
:10C7800001331B7818460837BD4680BD1848FF1F87
:10C79000883BFF1F80B582B000AF1623FB80E9F70E
:10C7A000D3FC03467B71FA885C491346DB009B1A75
:10C7B0009B000B4401331B78012B50D07B79012B5C
:10C7C00042D1FA8855491346DB009B1A9B000B4463
:10C7D00004331B68591C51481346DB009B1A9B000D
:10C7E000034404331960FA884C491346DB009B1A52
:10C7F0009B000B4404331968FA8848481346DB0051
:10C800009B1A9B00034408331B68994279D3FA882A
:10C8100042491346DB009B1A9B000B440133012263
:10C820001A70FA883D491346DB009B1A9B000B44A3
:10C83000043300221A60FB8801229A40384B1B689F
:10C840001343374A13605CE0FA8834491346DB002F
:10C850009B1A9B000B44043300221A6051E07B7941
:10C86000002B44D1FA882D491346DB009B1A9B000C
:10C870000B4404331B68591C28481346DB009B1AE1
:10C880009B00034404331960FA8824491346DB00F3
:10C890009B1A9B000B4404331968FA881F481346FF
:10C8A000DB009B1A9B0003440C331B68994228D37E
:10C8B000FA881A491346DB009B1A9B000B4401338C
:10C8C00000221A70FA8815491346DB009B1A9B0058
:10C8D0000B44043300221A60FB88012202FA03F39E
:10C8E000DA430F4B1B6813400D4A136009E0FA88C6
:10C8F0000A491346DB009B1A9B000B4404330022B9
:10C900001A60FA8805491346DB009B1A9B000B440A
:10C9100001331B7818460837BD4680BD1848FF1FF5
:10C92000883BFF1F80B582B000AF1723FB80E9F77B
:10C930000BFC03467B71FA885C491346DB009B1AAB
:10C940009B000B4401331B78012B50D07B79022BC9
:10C9500042D1FA8855491346DB009B1A9B000B44D1
:10C9600004331B68591C51481346DB009B1A9B007B
:10C97000034404331960FA884C491346DB009B1AC0
:10C980009B000B4404331968FA8848481346DB00BF
:10C990009B1A9B00034408331B68994279D3FA8899
:10C9A00042491346DB009B1A9B000B4401330122D2
:10C9B0001A70FA883D491346DB009B1A9B000B4412
:10C9C000043300221A60FB8801229A40384B1B680E
:10C9D0001343374A13605CE0FA8834491346DB009E
:10C9E0009B1A9B000B44043300221A6051E07B79B0
:10C9F000002B44D1FA882D491346DB009B1A9B007B
:10CA00000B4404331B68591C28481346DB009B1A4F
:10CA10009B00034404331960FA8824491346DB0061
:10CA20009B1A9B000B4404331968FA881F4813466D
:10CA3000DB009B1A9B0003440C331B68994228D3EC
:10CA4000FA881A491346DB009B1A9B000B440133FA
:10CA500000221A70FA8815491346DB009B1A9B00C6
:10CA60000B44043300221A60FB88012202FA03F30C
:10CA7000DA430F4B1B6813400D4A136009E0FA8834
:10CA80000A491346DB009B1A9B000B440433002227
:10CA90001A60FA8805491346DB009B1A9B000B4479
:10CAA00001331B7818460837BD4680BD1848FF1F64
:10CAB000883BFF1F80B582B000AF1823FB80FBF7D7
:10CAC0001DFC0346BB80FA885E491346DB009B1AB7
:10CAD0009B000B4401331B78012B52D0BB8840F6DE
:10CAE000DA12934242D8FA8856491346DB009B1A61
:10CAF0009B000B4404331B68591C52481346DB004F
:10CB00009B1A9B00034404331960FA884D4913466D
:10CB1000DB009B1A9B000B4404331968FA884948D0
:10CB20001346DB009B1A9B00034408331B689942A1
:10CB30007BD3FA8843491346DB009B1A9B000B44C6
:10CB4000013301221A70FA883E491346DB009B1A12
:10CB50009B000B44043300221A60FB8801229A4098
:10CB6000394B1B681343384A13605EE0FA88354935
:10CB70001346DB009B1A9B000B44043300221A600F
:10CB800053E0BB8840F61122934244D9FA882D49DC
:10CB90001346DB009B1A9B000B4404331B68591C93
:10CBA00028481346DB009B1A9B000344043319609A
:10CBB000FA8824491346DB009B1A9B000B4404337C
:10CBC0001968FA881F481346DB009B1A9B00034430
:10CBD0000C331B68994228D3FA881A491346DB00A4
:10CBE0009B1A9B000B44013300221A70FA881549E6
:10CBF0001346DB009B1A9B000B44043300221A608F
:10CC0000FB88012202FA03F3DA430F4B1B6813403F
:10CC10000D4A136009E0FA880A491346DB009B1AA3
:10CC20009B000B44043300221A60FA88054913461E
:10CC3000DB009B1A9B000B4401331B781846083716
:10CC4000BD4680BD1848FF1F883BFF1F80B582B0DE
:10CC500000AF1923FB80FBF751FB0346BB80FA882A
:10CC60005E491346DB009B1A9B000B4401331B7883
:10CC7000012B52D0BB8840F60942934242D9FA8830
:10CC800056491346DB009B1A9B000B4404331B6878
:10CC9000591C52481346DB009B1A9B000344043383
:10CCA0001960FA884D491346DB009B1A9B000B4420
:10CCB00004331968FA8849481346DB009B1A9B0025
:10CCC000034408331B6899427BD3FA8843491346CF
:10CCD000DB009B1A9B000B44013301221A70FA8877
:10CCE0003E491346DB009B1A9B000B440433002291
:10CCF0001A60FB8801229A40394B1B681343384A5B
:10CD000013605EE0FA8835491346DB009B1A9B00EE
:10CD10000B44043300221A6053E0BB8840F6D23241
:10CD2000934244D8FA882D491346DB009B1A9B0096
:10CD30000B4404331B68591C28481346DB009B1A1C
:10CD40009B00034404331960FA8824491346DB002E
:10CD50009B1A9B000B4404331968FA881F4813463A
:10CD6000DB009B1A9B0003440C331B68994228D3B9
:10CD7000FA881A491346DB009B1A9B000B440133C7
:10CD800000221A70FA8815491346DB009B1A9B0093
:10CD90000B44043300221A60FB88012202FA03F3D9
:10CDA000DA430F4B1B6813400D4A136009E0FA8801
:10CDB0000A491346DB009B1A9B000B4404330022F4
:10CDC0001A60FA8805491346DB009B1A9B000B4446
:10CDD00001331B7818460837BD4680BD1848FF1F31
:10CDE000883BFF1F80B582B000AF1A23FB80FBF7A2
:10CDF000F3FA03469BB2614AA2FB0323DB089BB212
:10CE00002833BB80FA885E491346DB009B1A9B00DF
:10CE10000B4401331B78012B50D0BB889F2B42D988
:10CE2000FA8857491346DB009B1A9B000B440433D6
:10CE30001B68591C52481346DB009B1A9B00034495
:10CE400004331960FA884E491346DB009B1A9B0095
:10CE50000B4404331968FA8849481346DB009B1ACF
:10CE60009B00034408331B68994279D3FA884449EC
:10CE70001346DB009B1A9B000B44013301221A70FE
:10CE8000FA883F491346DB009B1A9B000B4404338E
:10CE900000221A60FB8801229A403A4B1B68134318
:10CEA000384A13605CE0FA8835491346DB009B1A68
:10CEB0009B000B44043300221A6051E0BB888C2B8A
:10CEC00044D8FA882E491346DB009B1A9B000B447A
:10CED00004331B68591C2A481346DB009B1A9B002D
:10CEE000034404331960FA8825491346DB009B1A72
:10CEF0009B000B4404331968FA8821481346DB0071
:10CF00009B1A9B0003440C331B68994228D3FA8870
:10CF10001B491346DB009B1A9B000B440133002284
:10CF20001A70FA8816491346DB009B1A9B000B44C3
:10CF3000043300221A60FB88012202FA03F3DA4369
:10CF4000104B1B6813400F4A136009E0FA880C4924
:10CF50001346DB009B1A9B000B44043300221A602B
:10CF6000FA8807491346DB009B1A9B000B440133E8
:10CF70001B7818460837BD4680BD00BFCDCCCCCC51
:10CF80001848FF1F883BFF1F80B500AFFDF73CF935
:10CF9000FDF71AFA00BF80BD38B5044600F01AF854
:10CFA000054621462046D9F7CFFE20B9002120466C
:10CFB000D9F7A2FE08B9284638BD00F063F8002171
:10CFC0000346212208461A60D9F7ACFD05462846DB
:10CFD00038BD00BF20F00042B2F1FF4F10B504464B
:10CFE00035D29AB30028034642DB10F0FF4F4FEAD8
:10CFF000E05433D0C3F31603E207A4F17F004FF0EF
:10D00000000143F400034FF0190C4FEA60044FF0A5
:10D01000807258BF5B0008465B0000EB020E9E4525
:10D0200004DC0EEB0200A3EB0E031144BCF1010C77
:10D030004FEA43034FEA5202EFD113B1013121F01D
:10D040000101481000F17C5000EBC45010BD0146B6
:10D05000D9F7B4FC2146D9F7A9FB10BD10F40002A2
:10D060000DD15B00114601321802FAD5641AC1E7EE
:10D070000146D9F799FB0146D9F754FD10BD4FF091
:10D08000FF31F3E7014B1868704700BF284BFF1FC3
:10D0900070B5860748D0541E002A3FD0CAB2034656
:10D0A00001E0013C3AD303F8012B9D07F9D1032C91
:10D0B0002DD9CDB20F2C45EA052545EA054536D9CF
:10D0C000A4F1100C03F1200E03F110022CF00F0656
:10D0D0004FEA1C1CB64442E9045542E9025510329D
:10D0E0007245F8D10CF1010214F00C0F04F00F0C92
:10D0F00003EB021213D0ACF1040323F00303043357
:10D10000134442F8045B9342FBD10CF003042CB1AE
:10D11000CAB21C4403F8012B9C42FBD170BD64468B
:10D120001346002CF4D1F9E703461446BFE71A462C
:10D13000A446E0E70000000001B40248844601BCB8
:10D14000604700BFF53BFF1F01B40248844601BCA5
:08D15000604700BF993BFF1F7F
:08D15800D89CFD7F01000000DE
:10D1640080B485B000AF0346FB7145F6A523FB816F
:10D17400114AFB79936000BF0F4B5B6803F0010316
:10D18400012B05D00C4B5B6803F00803082BF3D18B
:10D19400094B5B6803F04E03002B03D145F6A5232E
:10D1A400FB8102E042F2E473FB81FB8918461437E9
:10D1B400BD4680BC704700BF0000014080B58AB006
:10D1C40000AF78603D4BFB613D4A7B6852F82330E9
:10D1D400BB610023FB84EFF310833B613B697B61FC
:10D1E40072B600BFFB6900229A60FB694F225A6045
:10D1F40000F076F800233B620EE0BB695A693B6A93
:10D204009B001A44BB6919693B6A9B000B44126872
:10D214001A603B6A01333B62BB699B693A6A9A4272
:10D22400EBD3042000F054F8244B264AC3F8002220
:10D23400BB69DB68FE2B03D1FB6910229A6004E012
:10D24400BB69DB68DAB2FB699A60BB695B7883F01F
:10D254000103DBB2002B05D07B69FB60FB6883F321
:10D26400108800BFBB691B7883F00103DBB2002B7D
:10D2740015D006E0144B1B68002B02D0124B1B6820
:10D284009847FB695B6803F08003802BF2D1FB694C
:10D294005B6803F04E03002B01D00123FB84BB69C0
:10D2A4005B78002B05D07B69BB60BB6883F3108877
:10D2B40000BFFB8C18462837BD4680BD00000140E6
:10D2C400F00FFF1FF57395FDF40FFF1F0000000022
:10D2D40001B40248844601BC604700BFA92D040084
:10D2E40001B40248844601BC604700BFED2D040030
:10D2F8000000404080C6130000000000000000004D
:10D30800B004000000000000000000000000000061
:10D318000000000000000000000000000000000005
:10D3280000000000000000000000000000000000F5
:10D3380000000000000000000000000000000000E5
:10D3480000000000000000000000000000000000D5
:10D3580000000000000000000000000000000000C5
:10D3680001000000000000000000000000000000B4
:10D378003C0000003C00000000000000000000002D
:10D388000000000000000000000000000000000095
:10D398000000000000000000000000000000000085
:10D3A8000000000000000000000000000000000075
:10D3B8000000000000000000000000000000000065
:10D3C8000000000000000000000000000000000055
:10D3D8000000000000000000000000000000000045
:10D3E8000000000000000000000000000000000035
:10D3F8000000000000000000000000000000000025
:10D40800000000000000000001000000E02E000005
:10D41800204E0000010000000C030000B4050000CD
:10D42800B20200000E060000C8000000E803000079
:10D43800E803000020030000F40100007C01000064
:10D44800C8000000545600001E000000F40100004F
:10D458006400000068420000000000003200000084
:10D468000A00000020A107000000000000000000E2
:10D4780010000000F8110000030000000000000088
:10D488000000000064000000DC05000064000000EB
:10D498000000000002000000D08AFFFFE80300003F
:10D4A8000000000000000000000000000000000074
:10D4B800000000003C000000CEFFFFFF000000005D
:10D4C80000000000F401000000000000000000005F
:10D4D8000000000000000000000000000000000044
:10D4E8000000000000000000010000000000000033
:10D4F80000000000000000008000000000000000A4
:10D508000000000000000000800000000000000093
:10D518000000000000000000000100000000000002
:10D5280000000000000000001000000000000000E3
:10D5380000000000000000004000000000000000A3
:10D5480000000000000000000800000000000000CB
:10D5580000000000000000000002000000000000C1
:10D568000000000000000000A00F00000000000004
:10D578000000000000000000A00F000000000000F4
:10D588000000000000000000400000000000000053
:10D5980000000000E0220200DC05000068420000F4
:10D5A8000000000000000000000000000000000073
:10D5B800000000000000000000000000007D0000E6
:10D5C800E80300000C7B0000F484FFFF000000006B
:10D5D800307500000000000000000000000000009E
:10D5E80000000000E8030000140000000000000034
:10D5F80078ECFFFF000000000000000000000000C1
:10D60800000000000000000000000000007D000095
:10D61800E803000024770000DC88FFFF000000001A
:10D62800307500000000000000000000000000004D
:10D63800000092012403B6044706D9076A09FB0AC9
:10D648008B0C1B0EAB0F3911C7125514E1156D1752
:10D65800F818821A0B1C931D191F9F202322A6233A
:10D668002725A7262628A3291E2B982C102E862F7F
:10D67800FB306D32DE334D35B93624388C39F23A09
:10D68800563CB73D163F7340CD4125437A44CC45BF
:10D698001C476948B349FA4A3F4C804DBF4EFA4F80
:10D6A800335168529A53C954F4551D574258635917
:10D6B800815A9C5BB35CC65DD65EE25FEB60F0614D
:10D6C800F162EE63E764DD65CE66BC67A5688B69C9
:10D6D8006C6A4A6B236CF86CC96D956E5E6F22702C
:10D6E800E1709D7154720673B5735E740375A47509
:10D6F8004076D8766B77F977837808798979047AD0
:10D708007C7AEE7A5C7BC47B297C887CE27C387DE1
:10D71800897DD57D1C7E5E7E9C7ED47E087F377F8A
:10D72800617F867FA67FC17FD77FE87FF57FFC7FFB
:10D73800FF7FFC7FF57FE87FD77FC17FA67F867F4D
:10D74800617F377F087FD47E9C7E5E7E1C7ED57D80
:10D75800897D387DE27C887C297CC47B5C7BEE7A81
:10D768007C7A047A897908798378F9776B77D8761F
:10D778004076A47503755E74B573067354729D7113
:10D78800E17022705E6F956EC96DF86C236C4A6B00
:10D798006C6A8B69A568BC67CE66DD65E764EE6375
:10D7A800F162F061EB60E25FD65EC65DB35C9C5BE4
:10D7B800815A635942581D57F455C9549A536852AF
:10D7C8003351FA4FBF4E804D3F4CFA4AB34969482E
:10D7D8001C47CC457A442543CD417340163FB73D9D
:10D7E800563CF23A8C392438B9364D35DE336D3231
:10D7F800FB30862F102E982C1E2BA3292628A7260F
:10D808002725A62323229F20191F931D0B1C821A4C
:10D81800F8186D17E1155514C7123911AB0F1B0E07
:10D828008B0CFB0A6A09D9074706B6042403920140
:10D8380000006DFEDBFC49FBB8F926F895F604F507
:10D8480074F3E4F154F0C6EE38EDAAEB1EEA92E860
:10D8580007E77DE5F4E36CE2E6E060DFDCDD59DC58
:10D86800D8DA58D9D9D75CD6E1D467D3EFD179D0F3
:10D8780004CF92CD21CCB2CA46C9DBC773C60DC549
:10D88800A9C348C2E9C08CBF32BEDABC85BB33BA73
:10D89800E3B896B74CB605B5C0B37FB240B105B092
:10D8A800CCAE97AD65AC36AB0BAAE2A8BDA79CA6DB
:10D8B8007EA563A44CA339A229A11DA0149F0F9E85
:10D8C8000E9D119C189B229A319943985A977496E9
:10D8D8009395B594DC93079336926A91A190DD8F66
:10D8E8001E8F628EAB8DF98C4A8CA18BFC8A5B8A69
:10D8F800BF892789948806887C87F7867686FB8582
:10D9080083851185A3843B84D68377831D83C7824F
:10D9180076822A82E381A18163812B81F780C88086
:10D928009E80798059803E80288017800A800380F5
:10D93800018003800A80178028803E805980798082
:10D948009E80C880F7802B816381A181E3812A8230
:10D958007682C7821D837783D6833B84A38411850F
:10D968008385FB857686F7867C8706889488278951
:10D97800BF895B8AFC8AA18B4A8CF98CAB8D628E3D
:10D988001E8FDD8FA1906A9136920793DC93B59430
:10D99800939574965A9743983199229A189B119C9B
:10D9A8000E9D0F9E149F1DA029A139A24CA363A40C
:10D9B8007EA59CA6BDA7E2A80BAA36AB65AC97AD21
:10D9C800CCAE05B040B17FB2C0B305B54CB696B782
:10D9D800E3B833BA85BBDABC32BE8CBFE9C048C2F3
:10D9E800A9C30DC573C6DBC746C9B2CA21CC92CD3F
:10D9F80004CF79D0EFD167D3E1D45CD6D9D758D941
:10DA0800D8DA59DCDCDD60DFE6E06CE2F4E37DE5E2
:10DA180007E792E81EEAAAEB38EDC6EE54F0E4F107
:10DA280074F304F595F626F8B8F949FBDBFC6DFEAE
:10DA38000A000000630000002B01000000800000C5
:10DA4800FA00D007B80B000010000000E80300003F
:10DA5800E8030000E8030000E8030000808B0800EA
:10DA6800A8E4FFFFA00F00006842000003010300C4
:10DA7800190100001E0103001F010300240100001A
:10DA880026010000270100002B01000033010000DF
:10DA980009000000A444FF1F240903004C090300E7
:10DAA800C844FF1F01010000000000000000000042
:10DAB800000000010100000000000000000100005B
:10DAC800DC44FF1FE844FF1F0000000001010000C4
:10DAD800000000000000000000000001000000003D
:10DAE80000000000000200000445FF1F1045FF1F52
:10DAF800000000000101000000000000000000001C
:10DB0800000000010000000000000000000200000A
:10DB18002C45FF1F3845FF1F0000000000000002D1
:10DB280000000000004000000000000001000000AC
:10DB380078007800020000020000000000400000A9
:10DB480000000000010000007800780004000002D6
:10DB5800000000000040000000000000010000007C
:10DB68007800780003010000803E000001000000FA
:10DB7800000000005445FF1F040EFF1F01000000B5
:10DB8800000000000000000000000000000000008D
:10DB9800000000000200000000000000000000007B
:10DBA800000000000000000000000000030000006A
:10DBB800000000000000000000000000000000005D
:10DBC8000000000003010000E8030000010000005D
:10DBD80000000000B445FF1F1C0EFF1F00000000DE
:10DBE800000000000000000000000000000000002D
:10DBF800000000000100000000000000000000001C
:10DC0800000000000000000000000000020000000A
:10DC180000000000000000000000000000000000FC
:10DC28000000000003010000E803000001000000FC
:10DC3800000000001446FF1F340EFF1F0000000004
:10DC480000040000000400000004000000080000B8
:10DC580000040000000C0000000400000010000098
:10DC68000004000000140000000400000018000078
:10DC780000040000001C0000000400000000010077
:10DC88000000000068006E0074007A0080008600C2
:10DC9800242526272829141461070400350E0400BA
:10DCA800090D0400610E0400050F0400750F04003F
:10DCB80019100400E110040019110400D105040032
:10DCC80041000400F1F3030019010400B501040048
:10DCD80001F4030009FE030075FC030011F40300BE
:10DCE80021F40300DD09040031F403000000000002
:10DCF8000000000000000000050000000000000017
:10DD0800000000000000000000000000E427E427F5
:10DD1800E4270000006CDC0200FB020004FB0200A8
:10DD280008FB02004857412E302E312E3031FFFFBC
:10DD38000C0000100000102724170300000000004A
:10DD48000100700D410070FE240400000D00001059
:10DD58000000D007D4140300000000000100700D7B
:10DD6800410070FE24040000080000100000102785
:10DD780074190300000000000100700D4100DAFD75
:10DD8800DC05000068100300AA0000000100000084
:10DD980002010000D19F0500FD9F05008581050057
:10DDA800C581050019810500598105009580050088
:10DDB800E1800500B17F0500E17F0500FD7F0500DA
:10DDC8002D8005004980050079800500B80B8C0A74
:10DDD800800CB80B3200640064006400320032002A
:10DDE8000000000000000000640000006400000063
:10DDF800000000000000000089A4050000000000E9
:10DE08000000000064000000640000000000000042
:10DE18000000000025A6050000000000000000002A
:10DE280070170000701700000000000000000000DC
:10DE3800BDA7050000000000000000005802000017
:10DE48005802000000000000000000008DA9050035
:10DE580000000000000000000000000000000000BA
:10DE6800000000000000000021AB050000000000D9
:10DE7800000000000000000000000000000000009A
:10DE880000000000B5AC0500000000000000000024
:10DE9800000000000000000000000000000000007A
:10DEA80049AE05000000000000000000000000006E
:10DEB800000000000000000000000000DDAF0500C9
:10DEC800000000000000000000000000000000004A
:10DED800000000000000000071B105000000000013
:10DEE800000000000000000000000000000000002A
:10DEF8000000000005B3050000000000000000005D
:10DF080006000000060000000000000000000000FD
:10DF180099B405000000000000000000580200004D
:10DF28005802000000000000000000002DB60500A7
:10DF380000000000000000000600000006000000CD
:10DF48000000000000000000BDB705000000000050
:10DF580000000000060000000600000000000000AD
:10DF68000000000059B90500000000000000000092
:10DF7800060000000600000000000000000000008D
:10DF8800E9BA0500000000000000000006000000DB
:10DF98000600000000000000000000007DBC050035
:10DFA8000000000000000000E8030000E803000093
:10DFB80000000000000000000DBE05000000000089
:10DFC80000000000E8030000E80300000000000073
:10DFD80000000000B1BF05000000000000000000C4
:10DFE8009001000090010000000000000000000007
:10DFF80055C105000000000000000000900100006D
:10E00800900100000000000000000000E5C20500CB
:10E0180000000000000000009001000090010000D6
:10E02800000000000000000075C4050000000000AA
:10E0380000000000900100009001000000000000B6
:10E048000000000005C605000000000000000000F8
:10E058009001000090010000000000000000000096
:10E0680095C70500000000000000000090010000B6
:10E0780090010000000000000000000025C9050014
:10E088000000000000000000E8030000E8030000B2
:10E098000000000000000000B5CA050000000000F4
:10E0A80000000000E8030000E80300000000000092
:10E0B800000000004DCC050000000000000000003A
:10E0C800E8030000E8030000000000000000000072
:10E0D800E5CD050014AEA9414E62903EE001007DF9
:10E0E800DC05A00FD007F4018FC28741190000009A
:10E0F800304BFF1F00000000000000001C4EFF1FF7
:10E10800844EFF1FEC4EFF1F0000000000000000BF
:10E1180000000000000000000000000000000000F7
:10E1280000000000000000000000000000000000E7
:10E1380000000000000000000000000000000000D7
:10E1480000000000000000000000000000000000C7
:10E1580000000000000000000000000000000000B7
:10E1680000000000000000000000000000000000A7
:10E178000000000000000000000000000000000097
:10E188000000000000000000000000000000000087
:10E198000000000000000000000000000000000077
:10E1A80001000000000000000E33CDAB34126DE614
:10E1B800ECDE05000B00000000000000000000007D
:10E1C8000000000000000000000000000000000047
:10E1D8000000000000000000000000000000000037
:10E1E8000000000000000000000000000000000027
:10E1F8000000000000000000000000000000000017
:10E208000000000000000000000000000000000006
:10E2180000000000000000000000000000000000F6
:10E2280000000000000000000000000000000000E6
:10E2380000000000000000000000000000000000D6
:10E2480000000000000000000000000000000000C6
:10E2580000000000000000000000000000000000B6
:10E2680000000000000000000000000000000000A6
:10E278000000000000000000000000000000000096
:10E288000000000000000000000000000000000086
:10E298000000000000000000000000000000000076
:10E2A8000000000000000000000000000000000066
:10E2B8000000000000000000000000000000000056
:10E2C8000000000000000000000000000000000046
:10E2D8000000000000000000000000000000000036
:10E2E8000000000000000000000000000000000026
:10E2F8000000000000000000000000000000000016
:10E308000000000000000000000000000000000005
:10E3180000000000000000000000000000000000F5
:10E3280000000000000000000000000000000000E5
:10E3380000000000000000000000000000000000D5
:10E3480000000000000000000000000000000000C5
:10E3580000000000000000000000000000000000B5
:10E3680000000000000000000000000000000000A5
:10E378000000000000000000000000000000000095
:10E388000000000000000000000000000000000085
:10E398000000000000000000000000000000000075
:10E3A8000000000000000000000000000000000065
:10E3B8000000000000000000000000000000000055
:10E3C8000000000000000000000000000000000045
:10E3D8000000000000000000000000000000000035
:10E3E8000000000000000000000000000000000025
:10E3F8000000000000000000000000000000000015
:10E408000000000000000000000000000000000004
:10E4180000000000000000000000000000000000F4
:10E4280000000000000000000000000000000000E4
:10E4380000000000000000000000000000000000D4
:10E4480000000000000000000000000000000000C4
:10E4580000000000000000000000000000000000B4
:10E4680000000000000000000000000000000000A4
:10E478000000000000000000000000000000000094
:10E488000000000000000000000000000000000084
:10E498000000000000000000000000000000000074
:10E4A8000000000000000000000000000000000064
:10E4B8000000000000000000000000000000000054
:10E4C8000000000000000000000000000000000044
:10E4D8000000000000000000000000000000000034
:10E4E8000000000000000000000000000000000024
:10E4F8000000000000000000000000000000000014
:10E508000000000000000000000000000000000003
:10E5180000000000000000000000000000000000F3
:0400000330000401C4
:00000001FF
