


ARM Macro Assembler    Page 1 


    1 00000000                 AREA             RO_REVC,DATA,READONLY
    2 00000000                 EXPORT           CONTROLLER_CODE_REVC_BASE
    3 00000000                 EXPORT           CONTROLLER_CODE_REVC_END
    4 00000000         
    5 00000000         CONTROLLER_CODE_REVC_BASE
    6 00000000 55 AA AA 
              55 01 00 
              00 00 78 
              77 00 00 
              4D 69 CE 
              67 00 80 
              FF 1F 68 
              77 00 00 
              D8 F0 00 
              20 A5 81 
              FF 1F AD 
              81 FF 1F 
              AD 81 FF 
              1F AD 81 
              FF 1F AD 
              81 FF 1F 
              AD 81 FF 
              1F 00 00 
              00 00 00 
              00 00 00 
              00 00 00 
              00 00 00 
              00 00 DD 
              80 FF 1F 
              AD 81 FF 
              1F 00 00 
              00 00 51 
              81 FF 1F 
              B9 D1 FF 
              1F AF 81 
              FF 1F AF 
              81 FF 1F 
              AF 81 FF 
              1F 75 86 
              FF 1F AF 
              81 FF 1F 
              AF 81 FF 
              1F AF 81 
              FF 1F AF 
              81 FF 1F 
              71 EA FF 
              1F 45 AF 
              04 00 23 
              EB FF 1F 
              A9 B0 04 
              00 F9 85 
              FF 1F 35 
              86 FF 1F 
              AF 81 FF 
              1F AF 81 
              FF 1F AF 
              81 FF 1F 
              AF 81 FF 
              1F AF 81 



ARM Macro Assembler    Page 2 


              FF 1F 00 
              00 00 00 
              00 00 00 
              00 AF 81 
              FF 1F AF 
              81 FF 1F 
              AF 81 FF 
              1F 00 00 
              00 00 00 
              00 00 00 
              AF 81 FF 
              1F 00 00 
              00 00 00 
              00 00 00 
              00 00 00 
              00 AF 81 
              FF 1F AF 
              81 FF 1F 
              03 00 01 
              00 DF F8 
              10 D0 00 
              F0 0A F9 
              00 48 00 
              47 E5 85 
              FF 1F AF 
              F3 00 80 
              D8 F0 00 
              20 04 48 
              01 68 09 
              B1 06 F0 
              0B BA 4F 
              F0 01 01 
              01 60 00 
              F0 0E B8 
              E0 1C 00 
              20 72 B6 
              4F F0 00 
              50 80 F3 
              09 88 80 
              F3 08 88 
              01 48 00 
              47 00 BF 
              47 D8 FF 
              1F 22 4B 
              19 68 08 
              68 B0 E8 
              F0 0F 80 
              F3 09 88 
              BF F3 6F 
              8F 4F F0 
              00 00 80 
              F3 11 88 
              4E F0 0D 
              0E 70 47 
              00 00 00 
              00 06 48 
              00 68 00 
              68 80 F3 
              08 88 62 



ARM Macro Assembler    Page 3 


              B6 61 B6 
              BF F3 4F 
              8F BF F3 
              6F 8F 00 
              DF 00 BF 
              00 BF 08 
              ED 00 E0 
              EF F3 09 
              80 BF F3 
              6F 8F 0F 
              4B 1A 68 
              20 E9 F0 
              0F 10 60 
              08 B5 4F 
              F0 20 00 
              80 F3 11 
              88 BF F3 
              4F 8F BF 
              F3 6F 8F 
              04 F0 2A 
              FE 4F F0 
              00 00 80 
              F3 11 88 
              BD E8 08 
              40 19 68 
              08 68 B0 
              E8 F0 0F 
              80 F3 09 
              88 BF F3 
              6F 8F 70 
              47 00 BF 
              1C 1D 00 
              20 EF F3 
              05 80 70 
              47 00 00 
              02 48 80 
              47 02 48 
              00 47 FE 
              E7 FE E7 
              5F 86 FF 
              1F C5 80 
              FF 1F 2D 
              E9 F0 5F 
              05 46 00 
              20 92 46 
              9B 46 88 
              46 06 46 
              81 46 40 
              24 1B E0 
              28 46 41 
              46 47 46 
              22 46 00 
              F0 73 F8 
              53 46 5A 
              46 C0 1A 
              91 41 10 
              D3 11 46 
              18 46 22 
              46 00 F0 



ARM Macro Assembler    Page 4 


              5A F8 2D 
              1A 67 EB 
              01 08 4F 
              46 22 46 
              01 20 00 
              21 00 F0 
              51 F8 17 
              EB 00 09 
              4E 41 20 
              1E A4 F1 
              01 04 DF 
              DC 48 46 
              31 46 2A 
              46 43 46 
              BD E8 F0 
              9F 00 00 
              06 49 07 
              4A 08 68 
              50 43 43 
              F2 39 02 
              10 44 08 
              60 40 08 
              70 47 01 
              49 08 60 
              70 47 00 
              00 48 1F 
              00 20 6D 
              4E C6 41 
              40 EA 01 
              03 9B 07 
              03 D0 09 
              E0 08 C9 
              12 1F 08 
              C0 04 2A 
              FA D2 03 
              E0 11 F8 
              01 3B 00 
              F8 01 3B 
              52 1E F9 
              D2 70 47 
              D2 B2 01 
              E0 00 F8 
              01 2B 49 
              1E FB D2 
              70 47 00 
              22 F6 E7 
              10 B5 13 
              46 0A 46 
              04 46 19 
              46 FF F7 
              F0 FF 20 
              46 10 BD 
              30 B5 04 
              46 00 20 
              03 46 00 
              E0 5B 1C 
              93 42 03 
              D2 E0 5C 
              CD 5C 40 



ARM Macro Assembler    Page 5 


              1B F8 D0 
              30 BD 20 
              2A 04 DB 
              20 3A 00 
              FA 02 F1 
              00 20 70 
              47 91 40 
              C2 F1 20 
              03 20 FA 
              03 F3 19 
              43 90 40 
              70 47 20 
              2A 04 DB 
              20 3A 21 
              FA 02 F0 
              00 21 70 
              47 21 FA 
              02 F3 D0 
              40 C2 F1 
              20 02 91 
              40 08 43 
              19 46 70 
              47 06 4C 
              07 4D 06 
              E0 E0 68 
              40 F0 01 
              03 94 E8 
              07 00 98 
              47 10 34 
              AC 42 F6 
              D3 FF F7 
              E8 FE A0 
              F5 FF 1F 
              D0 F5 FF 
              1F 70 B5 
              8C 18 10 
              F8 01 5B 
              15 F0 07 
              03 01 D1 
              10 F8 01 
              3B 2A 11 
              06 D1 10 
              F8 01 2B 
              03 E0 10 
              F8 01 6B 
              01 F8 01 
              6B 5B 1E 
              F9 D1 2B 
              07 05 D4 
              00 23 52 
              1E 0D D4 
              01 F8 01 
              3B FA E7 
              10 F8 01 
              3B CB 1A 
              92 1C 03 
              E0 13 F8 
              01 5B 01 
              F8 01 5B 



ARM Macro Assembler    Page 6 


              52 1E F9 
              D5 A1 42 
              D8 D3 00 
              20 70 BD 
              4B F2 3D 
              6C C0 F2 
              04 0C 60 
              47 48 F6 
              35 0C C0 
              F2 00 0C 
              60 47 4A 
              F2 D5 0C 
              C0 F2 04 
              0C 60 47 
              45 F6 E9 
              2C C0 F2 
              01 0C 60 
              47 44 F6 
              3D 4C C0 
              F2 00 0C 
              60 47 4A 
              F2 21 1C 
              C0 F2 04 
              0C 60 47 
              44 F6 85 
              3C C0 F2 
              00 0C 60 
              47 44 F6 
              29 4C C0 
              F2 00 0C 
              60 47 44 
              F6 77 4C 
              C0 F2 00 
              0C 60 47 
              40 F2 D5 
              0C C0 F2 
              00 0C 60 
              47 40 F2 
              E3 0C C0 
              F2 00 0C 
              60 47 4A 
              F2 15 1C 
              C0 F2 04 
              0C 60 47 
              45 F6 99 
              2C C0 F2 
              01 0C 60 
              47 46 F2 
              31 2C C0 
              F2 00 0C 
              60 47 47 
              F2 25 5C 
              C0 F2 00 
              0C 60 47 
              43 F6 3D 
              0C C0 F2 
              00 0C 60 
              47 44 F2 
              09 6C C0 



ARM Macro Assembler    Page 7 


              F2 00 0C 
              60 47 4B 
              F2 61 4C 
              C0 F2 04 
              0C 60 47 
              48 F6 1D 
              3C C0 F2 
              00 0C 60 
              47 45 F6 
              21 4C C0 
              F2 01 0C 
              60 47 43 
              F2 8D 1C 
              C0 F2 01 
              0C 60 47 
              48 F6 85 
              0C C0 F2 
              00 0C 60 
              47 47 F2 
              B9 7C C0 
              F2 00 0C 
              60 47 45 
              F6 61 4C 
              C0 F2 01 
              0C 60 47 
              45 F6 C5 
              1C C0 F2 
              01 0C 60 
              47 45 F6 
              E9 4C C0 
              F2 01 0C 
              60 47 45 
              F6 0D 5C 
              C0 F2 01 
              0C 60 47 
              48 F6 D9 
              0C C0 F2 
              00 0C 60 
              47 45 F6 
              89 4C C0 
              F2 01 0C 
              60 47 41 
              F6 3D 1C 
              C0 F2 04 
              0C 60 47 
              44 F2 D1 
              4C C0 F2 
              00 0C 60 
              47 44 F2 
              E9 4C C0 
              F2 00 0C 
              60 47 4E 
              F2 A1 2C 
              C0 F2 01 
              0C 60 47 
              44 F2 11 
              5C C0 F2 
              00 0C 60 
              47 44 F2 



ARM Macro Assembler    Page 8 


              A1 4C C0 
              F2 00 0C 
              60 47 45 
              F6 75 7C 
              C0 F2 01 
              0C 60 47 
              45 F6 ED 
              6C C0 F2 
              01 0C 60 
              47 44 F2 
              05 6C C0 
              F2 02 0C 
              60 47 4B 
              F6 9F 5C 
              C0 F2 01 
              0C 60 47 
              4C F2 E9 
              2C C0 F2 
              04 0C 60 
              47 43 F6 
              01 1C C0 
              F2 00 0C 
              60 47 4C 
              F6 F5 6C 
              C0 F2 04 
              0C 60 47 
              47 F2 ED 
              2C C0 F2 
              01 0C 60 
              47 41 F6 
              65 3C C0 
              F2 04 0C 
              60 47 41 
              F6 79 3C 
              C0 F2 04 
              0C 60 47 
              41 F2 69 
              1C C0 F2 
              00 0C 60 
              47 47 F6 
              21 0C C0 
              F2 01 0C 
              60 47 4D 
              F2 79 0C 
              C0 F2 04 
              0C 60 47 
              4B F6 3D 
              0C C0 F2 
              04 0C 60 
              47 4C F6 
              B5 2C C0 
              F2 03 0C 
              60 47 4C 
              F6 A9 6C 
              C0 F2 03 
              0C 60 47 
              47 F2 F9 
              7C C0 F2 
              00 0C 60 



ARM Macro Assembler    Page 9 


              47 4B F2 
              59 6C C0 
              F2 04 0C 
              60 47 44 
              F6 23 3C 
              C0 F2 00 
              0C 60 47 
              45 F6 49 
              1C C0 F2 
              02 0C 60 
              47 4D F2 
              F1 0C C0 
              F2 04 0C 
              60 47 49 
              F6 29 4C 
              C0 F2 04 
              0C 60 47 
              4B F2 89 
              2C C0 F2 
              04 0C 60 
              47 4B F6 
              A1 2C C0 
              F2 04 0C 
              60 47 49 
              F6 B5 0C 
              C0 F2 04 
              0C 60 47 
              4B F6 95 
              2C C0 F2 
              04 0C 60 
              47 44 F2 
              E5 6C C0 
              F2 02 0C 
              60 47 44 
              F2 1D 7C 
              C0 F2 02 
              0C 60 47 
              47 F2 15 
              6C C0 F2 
              03 0C 60 
              47 45 F6 
              D7 4C C0 
              F2 01 0C 
              60 47 10 
              B5 00 F0 
              AD FB 03 
              F0 3B FF 
              02 F0 D7 
              FA 00 20 
              10 BD 00 
              00 00 B5 
              83 B0 4F 
              F4 80 40 
              FF F7 AB 
              FE 0A 48 
              01 21 C1 
              60 41 69 
              00 91 01 
              69 01 91 



ARM Macro Assembler    Page 10 


              01 68 21 
              F0 01 01 
              01 60 DD 
              E9 00 10 
              02 F0 B7 
              FF 03 B0 
              4F F4 FA 
              70 5D F8 
              04 EB 00 
              F0 FC BB 
              00 00 0E 
              50 10 B5 
              02 22 5C 
              21 00 20 
              FF F7 92 
              FE 84 B2 
              20 46 02 
              F0 6C FD 
              14 F0 20 
              0F 18 BF 
              05 F0 9B 
              F8 14 F0 
              40 0F 18 
              BF 05 F0 
              7E F8 10 
              BD 4F F0 
              A0 40 01 
              68 41 F0 
              02 01 01 
              60 01 68 
              41 F0 04 
              01 01 60 
              70 47 01 
              48 03 F0 
              EF BF 00 
              00 4C 1F 
              00 20 02 
              E0 08 C8 
              12 1F 08 
              C1 00 2A 
              FA D1 70 
              47 70 47 
              00 20 01 
              E0 01 C1 
              12 1F 00 
              2A FB D1 
              70 47 FF 
              F7 66 BE 
              00 00 2D 
              E9 F0 41 
              06 46 11 
              48 17 46 
              0D 46 90 
              F8 36 00 
              80 07 11 
              D5 00 21 
              05 F1 08 
              00 FF F7 
              5B FE 06 



ARM Macro Assembler    Page 11 


              71 04 46 
              45 71 2A 
              46 39 46 
              80 1D FF 
              F7 B7 FD 
              21 46 07 
              48 FF F7 
              54 FE 02 
              E0 30 46 
              00 F0 A5 
              FF 3A 46 
              29 46 30 
              46 BD E8 
              F0 41 FF 
              F7 4E BE 
              B8 19 00 
              20 A4 1D 
              00 20 03 
              48 02 49 
              01 60 03 
              49 41 60 
              70 47 9F 
              86 FF 1F 
              AC 19 00 
              20 A5 86 
              FF 1F 11 
              48 FF F7 
              40 FE 00 
              F0 93 F8 
              00 21 4F 
              F0 FF 32 
              08 46 04 
              F0 C3 F9 
              04 F0 3F 
              FA 0B 48 
              FF F7 38 
              FE 04 46 
              04 F0 4D 
              FA 00 2C 
              EF D0 20 
              79 04 28 
              05 D0 08 
              28 04 BF 
              A0 68 00 
              F0 86 F8 
              01 E0 00 
              F0 DA FB 
              20 46 04 
              F0 51 FA 
              E0 E7 CC 
              1C 00 20 
              00 B5 83 
              B0 05 49 
              02 20 CD 
              E9 00 01 
              C2 01 00 
              23 03 A1 
              04 48 04 
              F0 38 FD 



ARM Macro Assembler    Page 12 


              03 B0 00 
              BD C8 1C 
              00 20 61 
              70 70 00 
              11 87 FF 
              1F 70 B5 
              15 46 0C 
              46 06 46 
              04 F1 08 
              00 03 F0 
              50 F8 10 
              B1 06 71 
              C4 80 70 
              BD 1D B1 
              0A 20 04 
              F0 44 FA 
              F2 E7 00 
              20 70 BD 
              00 00 F8 
              B5 21 4E 
              0C 46 07 
              46 4F F0 
              00 05 EF 
              F3 05 81 
              79 B1 20 
              21 00 95 
              EF F3 11 
              85 81 F3 
              11 88 BF 
              F3 4F 8F 
              BF F3 6F 
              8F 01 46 
              18 48 54 
              B1 FF F7 
              E7 FD 09 
              E0 04 F0 
              E3 F9 15 
              48 39 46 
              C4 B1 FF 
              F7 DF FD 
              17 E0 FF 
              F7 C8 FD 
              85 F3 11 
              88 6A 46 
              00 21 30 
              68 04 F0 
              32 FA 00 
              98 00 28 
              08 BF F8 
              BD 4F F0 
              80 50 0B 
              49 08 60 
              BF F3 4F 
              8F BF F3 
              6F 8F F8 
              BD FF F7 
              B2 FD 04 
              F0 D7 F9 
              00 22 00 



ARM Macro Assembler    Page 13 


              95 02 23 
              11 46 30 
              68 04 F0 
              A4 FD F8 
              BD 00 00 
              C8 1C 00 
              20 CC 1C 
              00 20 04 
              ED 00 E0 
              10 B5 01 
              22 00 21 
              04 20 FF 
              F7 9C FF 
              BD E8 10 
              40 00 21 
              FF F7 AB 
              BF 38 B5 
              04 46 20 
              20 FF F7 
              AA FD 05 
              46 04 22 
              69 46 06 
              20 00 94 
              00 F0 8D 
              FA 28 46 
              FF F7 A5 
              FD 38 BD 
              10 B5 00 
              FB 01 F4 
              A1 1A 89 
              B2 B1 FB 
              F0 F0 18 
              1A C0 B2 
              10 BD 00 
              00 00 06 
              40 EA 01 
              40 03 49 
              40 EA 02 
              20 18 43 
              08 60 70 
              47 00 00 
              80 08 00 
              40 01 46 
              00 20 A1 
              F1 80 02 
              01 2A 03 
              D8 02 48 
              08 44 10 
              F8 80 0C 
              70 47 00 
              00 56 1E 
              00 20 30 
              B5 23 4A 
              22 4C 02 
              EB 40 00 
              98 3C 90 
              F9 00 00 
              B4 F9 94 
              50 00 EB 



ARM Macro Assembler    Page 14 


              C0 02 02 
              EB 00 10 
              C1 EB 80 
              00 B4 F8 
              6C 10 12 
              22 08 44 
              03 B2 25 
              21 00 20 
              9D 42 03 
              DC 20 46 
              90 F8 96 
              00 27 E0 
              B4 F9 00 
              50 9D 42 
              0C DB A0 
              78 21 E0 
              34 F9 22 
              50 9D 42 
              16 DD 11 
              46 01 EB 
              00 02 4F 
              EA 52 02 
              81 42 02 
              D0 0D 1A 
              01 2D F1 
              D1 81 42 
              07 D0 34 
              F9 21 20 
              34 F9 20 
              50 D2 1A 
              5B 1B 9A 
              42 06 DD 
              04 EB 80 
              00 05 E0 
              10 46 E7 
              D1 11 46 
              EE E7 04 
              EB 81 00 
              80 78 C0 
              B2 30 BD 
              00 00 48 
              1E 00 20 
              02 49 01 
              20 88 70 
              02 F0 23 
              BB 00 00 
              70 1D 00 
              20 70 47 
              00 00 2D 
              E9 F0 4F 
              04 46 4F 
              F0 A0 40 
              88 46 81 
              68 89 B0 
              41 F4 40 
              01 81 60 
              AE 49 01 
              61 05 F0 
              CB FD D8 



ARM Macro Assembler    Page 15 


              F8 0C 00 
              AC 4D 40 
              68 A8 60 
              05 F1 34 
              00 FF F7 
              FF FC AA 
              48 A9 49 
              01 26 01 
              60 A9 49 
              D8 F8 08 
              00 08 60 
              A8 49 D8 
              F8 00 00 
              08 60 A7 
              49 D8 F8 
              04 00 08 
              60 A6 48 
              A8 49 06 
              70 A6 48 
              08 60 A8 
              49 A6 48 
              08 60 A8 
              49 A7 48 
              08 60 A9 
              49 A7 48 
              08 60 A9 
              49 A8 48 
              08 60 AA 
              49 A8 48 
              08 60 AA 
              49 A9 48 
              08 60 AB 
              49 A9 48 
              08 60 AB 
              49 AA 48 
              08 60 AC 
              49 AA 48 
              08 60 AC 
              49 AB 48 
              08 60 B1 
              02 AB 48 
              FF F7 E1 
              FC 20 8A 
              AD F8 10 
              00 04 AA 
              02 21 0D 
              20 FF F7 
              BB FC A7 
              49 28 78 
              0A 46 08 
              70 01 21 
              18 20 FF 
              F7 B3 FC 
              00 25 8D 
              F8 14 50 
              05 AA 01 
              21 15 20 
              FF F7 AB 
              FC 06 AA 



ARM Macro Assembler    Page 16 


              04 21 86 
              20 06 95 
              FF F7 A5 
              FC 9D A0 
              02 AA D0 
              E9 00 10 
              CD E9 02 
              10 08 21 
              41 20 FF 
              F7 9B FC 
              8D F8 1C 
              60 07 AA 
              01 21 82 
              20 FF F7 
              94 FC DF 
              F8 58 92 
              DF F8 58 
              A2 DF F8 
              58 B2 9C 
              B3 E6 68 
              86 B1 A2 
              68 0C E0 
              12 F8 01 
              0B B6 1E 
              12 F8 01 
              5B 17 46 
              B5 42 06 
              D8 29 46 
              FF F7 7E 
              FC 7A 19 
              76 1B 02 
              2E F0 D2 
              22 68 1A 
              B1 06 21 
              01 20 FF 
              F7 74 FC 
              62 68 1A 
              B1 06 21 
              03 20 FF 
              F7 6E FC 
              A0 7C 58 
              B1 85 48 
              C9 F8 00 
              B0 CA F8 
              00 00 04 
              F1 12 02 
              01 21 85 
              20 FF F7 
              61 FC 0C 
              E0 80 49 
              C9 F8 00 
              10 80 49 
              CA F8 00 
              10 F1 E7 
              FF E7 7B 
              48 C9 F8 
              00 B0 CA 
              F8 00 00 
              4F F4 80 



ARM Macro Assembler    Page 17 


              41 7B 48 
              FF F7 C1 
              FB FF F7 
              6F FC 02 
              21 CC B1 
              26 7D E0 
              7C 01 EB 
              46 02 10 
              44 00 F0 
              FF 0B 60 
              7D FE 22 
              FD 30 B0 
              FB F2 F0 
              C0 B2 01 
              90 E0 7D 
              65 7E 80 
              1E 00 F0 
              FF 0A A8 
              1E 94 F8 
              16 90 C0 
              B2 00 90 
              27 7E 0A 
              E0 01 20 
              01 90 04 
              20 4F F0 
              0A 0B 02 
              26 DA 46 
              D9 46 06 
              25 07 46 
              00 90 4F 
              EA CA 00 
              00 21 10 
              30 FF F7 
              15 FC 3B 
              4C 00 21 
              E0 60 4F 
              EA C9 00 
              FF F7 0E 
              FC 20 61 
              30 01 00 
              21 FF F7 
              09 FC 60 
              61 00 21 
              40 20 FF 
              F7 04 FC 
              A0 61 00 
              21 70 20 
              FF F7 FF 
              FB E0 61 
              00 21 20 
              20 FF F7 
              FA FB 20 
              62 05 EB 
              45 00 80 
              00 00 21 
              FF F7 F3 
              FB 60 62 
              07 EB 47 
              00 80 00 



ARM Macro Assembler    Page 18 


              00 21 FF 
              F7 EC FB 
              A0 62 4E 
              48 80 F8 
              00 B0 46 
              70 01 99 
              81 70 80 
              F8 03 A0 
              80 F8 04 
              90 02 21 
              01 72 04 
              21 41 72 
              00 99 41 
              71 85 71 
              C7 71 FF 
              F7 09 FC 
              FF F7 0C 
              FC D4 E9 
              07 01 CD 
              E9 00 01 
              04 F1 0C 
              00 0F C8 
              FF F7 08 
              FC D4 E9 
              09 01 FF 
              F7 09 FC 
              00 21 08 
              46 02 F0 
              5C FA 00 
              20 FF F7 
              07 FC 00 
              21 01 20 
              02 F0 55 
              FA 03 F0 
              AD FB 37 
              4C 37 48 
              A0 62 00 
              20 D8 F8 
              0C 10 FF 
              F7 FE FB 
              35 48 E0 
              61 35 48 
              35 49 A0 
              61 02 20 
              C8 74 34 
              49 60 20 
              A1 F8 6E 
              00 33 49 
              00 20 81 
              F8 CC 01 
              09 B0 BD 
              E8 F0 8F 
              00 00 00 
              1C 00 04 
              70 1D 00 
              20 23 E3 
              FF 1F 18 
              04 00 20 
              7C 05 00 



ARM Macro Assembler    Page 19 


              20 80 05 
              00 20 84 
              05 00 20 
              23 04 00 
              20 45 94 
              FF 1F FC 
              05 00 20 
              F9 86 FF 
              1F DC 05 
              00 20 01 
              A6 FF 1F 
              78 04 00 
              20 BF E1 
              FF 1F 08 
              06 00 20 
              0D E2 FF 
              1F 0C 06 
              00 20 E1 
              C1 FF 1F 
              F8 05 00 
              20 01 9C 
              FF 1F 8C 
              05 00 20 
              15 CE FF 
              1F B0 04 
              00 20 AD 
              C1 FF 1F 
              E0 04 00 
              20 D5 A1 
              FF 1F F4 
              04 00 20 
              C5 F3 FF 
              1F 6C 05 
              00 20 10 
              00 00 20 
              EA 05 00 
              20 AF 2A 
              4D DE CB 
              2D 5B 87 
              8C 04 00 
              20 90 04 
              00 20 1C 
              D9 04 00 
              25 D9 04 
              00 18 D9 
              04 00 20 
              D9 04 00 
              00 00 01 
              40 E0 05 
              00 20 14 
              19 00 20 
              95 A5 FF 
              1F B7 93 
              FF 1F D1 
              93 FF 1F 
              3C 14 00 
              20 14 16 
              00 20 00 
              10 00 20 



ARM Macro Assembler    Page 20 


              0F 48 08 
              B5 40 6A 
              4F F0 00 
              02 EF F3 
              05 81 00 
              92 81 B1 
              6A 46 00 
              21 03 F0 
              A7 FF 00 
              98 00 28 
              08 BF 08 
              BD 4F F0 
              80 50 07 
              49 08 60 
              BF F3 4F 
              8F BF F3 
              6F 8F 08 
              BD 00 22 
              02 23 11 
              46 04 F0 
              1F FB 08 
              BD E4 1C 
              00 20 04 
              ED 00 E0 
              70 B5 0B 
              4D 00 24 
              05 EB 84 
              00 C1 68 
              41 F0 01 
              03 D0 E9 
              01 12 55 
              F8 24 00 
              98 47 24 
              1D E4 B2 
              08 2C F1 
              D3 05 49 
              03 48 88 
              62 05 49 
              04 48 08 
              60 70 BD 
              58 F5 FF 
              1F B1 E1 
              FF 1F 78 
              19 00 20 
              BF E1 FF 
              1F 08 06 
              00 20 2D 
              E9 F0 41 
              15 46 0F 
              46 06 46 
              28 2A 16 
              D8 00 22 
              2C 23 11 
              46 41 F2 
              09 10 FF 
              F7 3A FB 
              04 46 03 
              20 20 70 
              46 EA 05 



ARM Macro Assembler    Page 21 


              20 60 80 
              2A 46 39 
              46 20 1D 
              FF F7 43 
              FA 20 46 
              BD E8 F0 
              41 FF F7 
              2F BB BD 
              E8 F0 81 
              04 4A 00 
              28 02 EB 
              40 02 51 
              70 01 D1 
              03 F0 CC 
              B8 70 47 
              00 00 48 
              1E 00 20 
              10 B5 08 
              78 03 28 
              05 D8 C0 
              1D 4A 78 
              C0 B2 89 
              1C FF F7 
              CA FF 00 
              20 10 BD 
              02 48 41 
              68 01 29 
              FC D1 40 
              69 70 47 
              00 00 0E 
              50 06 49 
              08 61 00 
              20 88 60 
              08 68 40 
              F0 02 00 
              08 60 08 
              68 40 F0 
              01 00 08 
              60 70 47 
              00 00 00 
              00 0E 50 
              06 49 08 
              61 01 20 
              88 60 08 
              68 40 F0 
              02 00 08 
              60 08 68 
              40 F0 01 
              00 08 60 
              70 47 00 
              00 00 00 
              0E 50 70 
              B5 0C 46 
              05 46 01 
              22 BA 21 
              00 20 FF 
              F7 86 FA 
              C0 F3 03 
              10 44 EA 



ARM Macro Assembler    Page 22 


              00 13 01 
              22 BA 21 
              00 20 FF 
              F7 E1 FA 
              01 22 AF 
              21 00 20 
              FF F7 78 
              FA C0 B2 
              40 F0 20 
              03 01 22 
              AF 21 00 
              20 FF F7 
              D4 FA 01 
              22 AF 21 
              00 20 FF 
              F7 6B FA 
              C0 B2 40 
              F0 60 03 
              01 22 AF 
              21 00 20 
              FF F7 C7 
              FA 01 22 
              A2 21 00 
              20 FF F7 
              5E FA C0 
              F3 C4 00 
              45 EA C0 
              03 BD E8 
              70 40 01 
              22 A2 21 
              00 20 FF 
              F7 B7 BA 
              01 46 00 
              20 09 68 
              00 29 08 
              BF 70 47 
              09 68 40 
              1C 80 B2 
              00 29 FA 
              D1 70 47 
              01 20 70 
              47 00 00 
              70 B5 05 
              46 00 24 
              03 F0 79 
              FA 48 B1 
              01 46 00 
              23 0E 22 
              04 48 03 
              F0 50 FA 
              10 B1 00 
              68 28 60 
              01 24 20 
              46 70 BD 
              04 40 01 
              40 00 B5 
              83 B0 05 
              49 04 20 
              CD E9 00 



ARM Macro Assembler    Page 23 


              01 C2 01 
              00 23 03 
              A1 06 48 
              04 F0 64 
              F9 03 B0 
              00 BD 08 
              1D 00 20 
              63 6F 6E 
              74 72 6F 
              6C 6C 65 
              72 00 00 
              35 8F FF 
              1F 84 B0 
              4F F0 00 
              09 4F 46 
              CD F8 08 
              90 CD F8 
              00 90 03 
              F0 48 FA 
              06 00 06 
              D0 02 F0 
              72 FC 32 
              46 B4 49 
              00 90 FF 
              F7 73 F9 
              4F F0 A0 
              40 01 68 
              41 F4 00 
              71 01 60 
              B1 4C AF 
              48 00 23 
              20 60 01 
              22 31 46 
              00 98 03 
              F0 0E FA 
              00 28 0C 
              BF 4F F4 
              E1 30 00 
              68 60 60 
              03 20 C4 
              E9 02 09 
              A9 48 20 
              62 A9 48 
              60 62 01 
              25 C4 E9 
              04 95 A4 
              48 03 F0 
              8D FC 20 
              68 01 69 
              41 F0 20 
              01 01 61 
              20 68 01 
              69 41 F0 
              02 01 01 
              61 20 68 
              01 69 41 
              F0 02 01 
              01 61 9E 
              48 4F F0 



ARM Macro Assembler    Page 24 


              40 08 80 
              F8 00 84 
              C0 1E 4F 
              F0 08 0A 
              C0 F8 00 
              A1 1C 20 
              02 F0 2F 
              FC 04 46 
              00 23 03 
              22 31 46 
              00 98 03 
              F0 D8 F9 
              00 28 14 
              BF 20 60 
              C4 F8 00 
              90 00 23 
              04 22 31 
              46 00 98 
              03 F0 CD 
              F9 00 28 
              14 BF 60 
              60 C4 F8 
              04 90 00 
              23 07 22 
              31 46 00 
              98 03 F0 
              C2 F9 A8 
              B1 00 88 
              0F FA 80 
              FB AB F5 
              FE 40 FF 
              38 18 BF 
              00 25 0C 
              D0 0A 22 
              59 46 28 
              46 FF F7 
              49 FC 01 
              46 28 46 
              FF F7 C9 
              FE 68 1C 
              C5 B2 07 
              2D F2 D3 
              00 23 05 
              22 31 46 
              00 98 03 
              F0 A5 F9 
              00 28 1C 
              BF 00 78 
              07 28 02 
              D2 03 F0 
              04 FA 02 
              E0 03 20 
              03 F0 00 
              FA 00 23 
              06 22 31 
              46 00 98 
              03 F0 94 
              F9 00 28 
              18 BF 02 



ARM Macro Assembler    Page 25 


              F0 0A FC 
              00 25 01 
              AB 09 22 
              31 46 CD 
              F8 04 90 
              00 98 03 
              F0 87 F9 
              5F EA 00 
              0B 1C BF 
              01 98 00 
              28 0C D9 
              0B EB 05 
              00 1B F8 
              05 10 43 
              78 01 22 
              00 20 FF 
              F7 C4 F9 
              01 98 AD 
              1C A8 42 
              F2 D8 02 
              AB 02 22 
              31 46 00 
              98 03 F0 
              6E F9 A0 
              60 02 98 
              E0 60 4F 
              F4 96 60 
              20 82 00 
              23 08 22 
              31 46 00 
              98 03 F0 
              62 F9 78 
              B1 01 78 
              A1 74 41 
              78 E1 74 
              81 78 21 
              75 C1 78 
              61 75 41 
              79 A1 75 
              81 79 E1 
              75 C1 79 
              21 76 00 
              7A 0D E0 
              84 F8 12 
              90 04 20 
              E0 74 01 
              20 20 75 
              25 20 60 
              75 84 F8 
              16 A0 84 
              F8 17 A0 
              06 20 20 
              76 60 76 
              00 23 0A 
              22 31 46 
              00 98 03 
              F0 3C F9 
              47 4D 00 
              28 1C BF 



ARM Macro Assembler    Page 26 


              00 78 E8 
              70 00 23 
              0B 22 31 
              46 00 98 
              03 F0 31 
              F9 38 B1 
              01 88 A9 
              80 41 88 
              E9 80 81 
              88 29 81 
              C0 88 68 
              81 00 23 
              0C 22 31 
              46 00 98 
              03 F0 22 
              F9 05 00 
              09 D0 28 
              78 20 B1 
              FF F7 FC 
              FB 38 49 
              01 20 08 
              70 68 78 
              01 F0 42 
              FF 00 23 
              0D 22 31 
              46 00 98 
              03 F0 10 
              F9 20 B1 
              02 22 40 
              21 01 20 
              02 F0 48 
              FA 30 49 
              20 46 FF 
              F7 F0 FB 
              03 F0 E8 
              F8 20 46 
              03 F0 33 
              FD 00 2F 
              1C BF 38 
              46 03 F0 
              2E FD 00 
              2E 1C BF 
              00 98 03 
              F0 29 FD 
              28 4C 21 
              88 C9 B1 
              00 20 02 
              F0 8B FA 
              23 88 02 
              22 2A 21 
              00 20 FF 
              F7 37 F9 
              02 22 24 
              21 00 20 
              FF F7 CE 
              F8 21 88 
              80 B2 40 
              EA 01 03 
              02 22 24 



ARM Macro Assembler    Page 27 


              21 00 20 
              FF F7 29 
              F9 20 20 
              02 F0 72 
              F8 1A 48 
              80 F8 00 
              84 40 1C 
              80 F8 00 
              84 40 1C 
              80 F8 00 
              84 40 1C 
              80 F8 00 
              84 4F F0 
              E0 20 4F 
              F4 80 71 
              C0 F8 00 
              11 00 F5 
              80 70 49 
              00 01 60 
              49 00 01 
              60 00 21 
              4F F0 FF 
              32 08 46 
              03 F0 48 
              FC 05 F0 
              1D F8 F6 
              E7 00 00 
              04 40 01 
              40 00 00 
              03 50 4C 
              1F 00 20 
              F1 99 FF 
              1F B5 95 
              FF 1F 03 
              E0 00 E0 
              E4 1C 00 
              20 C1 1C 
              00 20 40 
              F5 FF 1F 
              C2 1C 00 
              20 08 E0 
              00 E0 4F 
              F0 A0 41 
              8A 68 42 
              F4 00 12 
              8A 60 08 
              49 04 22 
              0A 60 05 
              22 0A 60 
              0A 68 12 
              F0 02 0F 
              FB D0 4A 
              68 02 60 
              8A 68 42 
              60 CA 68 
              82 60 09 
              69 C1 60 
              70 47 00 
              00 09 50 



ARM Macro Assembler    Page 28 


              0A 49 01 
              20 09 68 
              09 B1 00 
              20 70 47 
              08 49 8A 
              69 00 2A 
              04 BF 4A 
              69 00 2A 
              F6 D1 06 
              4A 12 68 
              49 68 A1 
              F1 01 01 
              8A 42 08 
              BF 02 20 
              70 47 20 
              20 00 20 
              1C 1D 00 
              20 34 20 
              00 20 70 
              B5 15 46 
              0E 46 04 
              46 FF F7 
              B7 F8 06 
              4A F1 03 
              41 EA 05 
              21 01 43 
              12 88 04 
              EB 44 00 
              02 EB 40 
              10 02 4A 
              10 44 81 
              82 70 BD 
              B8 04 00 
              20 00 00 
              01 40 04 
              49 00 EB 
              40 00 09 
              88 01 EB 
              80 00 02 
              49 40 5A 
              C0 0B 70 
              47 BC 04 
              00 20 00 
              00 01 40 
              2D E9 F0 
              47 05 46 
              28 48 04 
              68 48 E0 
              60 79 D4 
              F8 00 90 
              01 07 03 
              D5 A1 79 
              2A 78 11 
              42 3E D0 
              40 07 0C 
              D5 A9 78 
              20 7A 01 
              F0 01 01 
              88 42 36 



ARM Macro Assembler    Page 29 


              D1 06 22 
              E9 1C 04 
              F1 09 00 
              FE F7 A3 
              FF 78 BB 
              60 79 C1 
              06 05 D5 
              94 F9 07 
              10 95 F9 
              01 20 91 
              42 26 DC 
              81 07 27 
              D0 10 F0 
              01 0F E0 
              7B 69 7A 
              02 D0 88 
              42 1D D1 
              01 E0 88 
              42 1A D8 
              CE B2 EF 
              68 C1 B2 
              00 22 23 
              69 0D E0 
              17 F8 02 
              C0 13 F8 
              00 80 C4 
              45 04 D1 
              52 1C 40 
              1C D2 B2 
              C0 B2 03 
              E0 10 1A 
              40 1C C2 
              B2 00 20 
              B2 42 01 
              D2 88 42 
              EC D3 88 
              42 02 D0 
              4C 46 00 
              2C B4 D1 
              20 46 BD 
              E8 F0 87 
              58 1E 00 
              20 70 47 
              10 B5 FE 
              F7 FC FF 
              04 46 48 
              F6 3D 21 
              88 47 20 
              46 BD E8 
              10 40 FE 
              F7 F8 BF 
              00 00 70 
              B5 1A 48 
              1A 49 44 
              68 05 20 
              04 F1 08 
              05 88 47 
              28 88 A0 
              F5 00 51 



ARM Macro Assembler    Page 30 


              08 39 17 
              D1 AB 78 
              20 2B 14 
              D8 9B B1 
              02 46 03 
              21 41 F2 
              06 10 FF 
              F7 0D F8 
              06 46 A8 
              78 40 1E 
              C2 B2 32 
              70 61 68 
              70 1C 49 
              1C FE F7 
              17 FF 30 
              46 FF F7 
              14 F8 04 
              E0 A9 78 
              49 F6 C9 
              03 62 68 
              98 47 60 
              68 18 B1 
              FF F7 0F 
              F8 00 20 
              60 60 20 
              46 BD E8 
              70 40 48 
              F6 21 41 
              08 47 F0 
              1E 00 20 
              A5 58 01 
              00 10 B5 
              00 28 0D 
              D1 07 48 
              FE F7 A8 
              FF 04 1E 
              08 D0 61 
              79 20 79 
              A2 1D 00 
              F0 E7 F8 
              20 46 FE 
              F7 F3 FF 
              F1 E7 10 
              BD A4 1D 
              00 20 F0 
              B4 15 46 
              0E 46 B3 
              F5 81 6F 
              04 D0 49 
              F6 A5 34 
              A4 46 F0 
              BC 60 47 
              29 46 30 
              46 F0 BC 
              1A 46 00 
              F0 21 B8 
              00 00 70 
              B5 05 46 
              A3 F5 00 



ARM Macro Assembler    Page 31 


              50 0E 46 
              43 38 06 
              D0 49 F6 
              39 44 28 
              46 A4 46 
              BD E8 70 
              40 60 47 
              07 4C 02 
              20 19 46 
              94 F8 4A 
              52 84 F8 
              4A 02 30 
              46 4C F6 
              41 22 04 
              F2 4A 24 
              90 47 25 
              70 70 BD 
              00 00 10 
              0E 00 20 
              2D E9 F0 
              41 80 46 
              16 46 0D 
              46 0C 24 
              08 46 FE 
              F7 B9 FF 
              38 B1 11 
              48 2C 0A 
              50 F8 24 
              00 90 F8 
              48 10 41 
              B1 0B 24 
              42 46 21 
              46 30 46 
              00 F0 17 
              FD 00 20 
              BD E8 F0 
              81 01 21 
              01 85 FE 
              F7 54 FF 
              07 46 20 
              46 01 F0 
              0C F8 06 
              49 20 46 
              88 47 04 
              46 00 21 
              28 46 FE 
              F7 9D FF 
              38 46 FE 
              F7 4A FF 
              E3 E7 E8 
              04 00 20 
              C9 0E 02 
              00 01 20 
              70 47 70 
              47 00 00 
              A0 F5 00 
              51 65 39 
              05 D0 A0 
              F5 00 51 



ARM Macro Assembler    Page 32 


              67 39 03 
              D0 05 F0 
              32 B8 02 
              48 70 47 
              01 48 0C 
              30 70 47 
              00 00 78 
              F5 FF 1F 
              10 B5 0A 
              46 07 23 
              00 21 41 
              F2 01 10 
              FE F7 54 
              FF 06 49 
              51 F8 88 
              2F C0 F8 
              01 20 89 
              88 A0 F8 
              05 10 00 
              21 01 70 
              FE F7 4D 
              FF 00 20 
              10 BD 10 
              0E 00 20 
              94 46 0A 
              46 05 49 
              C1 F8 14 
              C0 CB 61 
              C1 E9 03 
              02 1B 7B 
              0B 70 01 
              46 02 48 
              03 F0 0E 
              BA E4 1C 
              00 20 4C 
              1F 00 20 
              30 B5 1B 
              48 00 25 
              1B 4C 00 
              78 83 B0 
              00 28 25 
              D0 60 78 
              B8 B1 20 
              78 01 28 
              02 D0 02 
              28 06 D0 
              11 E0 E0 
              68 00 88 
              C0 F3 01 
              30 A0 70 
              17 E0 A0 
              78 00 28 
              18 BF 02 
              28 05 D1 
              68 46 04 
              F0 76 FF 
              E0 68 02 
              99 01 60 
              65 70 20 



ARM Macro Assembler    Page 33 


              78 00 28 
              04 BF 20 
              69 01 28 
              05 D1 E0 
              68 00 78 
              05 28 04 
              BF 01 20 
              60 70 25 
              61 E5 60 
              62 69 E0 
              69 03 B0 
              00 21 BD 
              E8 30 40 
              10 47 00 
              00 C0 1C 
              00 20 E4 
              1C 00 20 
              2D E9 FC 
              41 0C 46 
              01 46 19 
              48 17 46 
              19 4E D0 
              E9 00 20 
              CD E9 00 
              20 B0 68 
              00 28 26 
              D0 E0 1C 
              8D F8 02 
              00 81 29 
              01 D0 00 
              20 00 E0 
              01 20 8D 
              F8 04 10 
              8D F8 03 
              00 8D F8 
              05 40 02 
              21 A0 1D 
              FE F7 86 
              FE 05 46 
              00 98 28 
              60 BD F8 
              04 00 A8 
              80 22 46 
              39 46 A8 
              1D FE F7 
              DF FD A1 
              1D B4 68 
              2B 46 02 
              B0 A4 46 
              BD E8 F0 
              41 04 4A 
              18 46 60 
              47 BD E8 
              FC 81 00 
              00 50 F5 
              FF 1F 70 
              1D 00 20 
              A9 96 FF 
              1F FE F7 



ARM Macro Assembler    Page 34 


              CF BE 2D 
              E9 F0 41 
              10 46 0C 
              46 44 F6 
              7D 05 44 
              F6 41 07 
              15 4E FE 
              F7 C9 FE 
              17 28 1E 
              D0 03 DC 
              E0 B1 16 
              28 04 D1 
              19 E0 18 
              28 17 D0 
              19 28 15 
              D0 20 88 
              A1 88 C0 
              F3 03 20 
              40 1E C0 
              B2 80 46 
              B8 47 01 
              46 40 46 
              00 F0 60 
              FF 28 B1 
              A1 88 40 
              46 A8 47 
              20 88 01 
              21 B0 47 
              00 20 BD 
              E8 F0 81 
              20 88 A1 
              88 C0 F3 
              03 20 40 
              1E C0 B2 
              A8 47 F4 
              E7 3D 71 
              01 00 07 
              49 08 68 
              90 F8 2A 
              20 01 2A 
              08 D1 00 
              22 80 F8 
              2A 20 48 
              68 40 68 
              00 28 01 
              D0 FE F7 
              8A BE 70 
              47 F0 1E 
              00 20 70 
              B5 FE F7 
              39 FE 0D 
              4C 06 46 
              20 68 FF 
              F7 B9 FB 
              05 46 20 
              68 08 30 
              FF F7 B4 
              FB 05 44 
              20 68 10 



ARM Macro Assembler    Page 35 


              30 FF F7 
              AF FB 05 
              44 20 68 
              18 30 FF 
              F7 AA FB 
              44 19 30 
              46 FE F7 
              26 FE 20 
              46 70 BD 
              00 00 F0 
              1E 00 20 
              2D E9 F0 
              47 82 B0 
              0E 46 01 
              21 DD F8 
              28 80 1C 
              46 17 46 
              18 70 0D 
              46 11 28 
              36 D0 29 
              28 4D D0 
              4F F0 00 
              0A 2A 28 
              51 D0 31 
              28 67 D0 
              32 28 6D 
              D0 33 28 
              75 D0 34 
              28 6E D0 
              36 28 04 
              BF 55 48 
              01 70 1D 
              D0 37 28 
              68 D0 41 
              28 67 D0 
              DF F8 48 
              91 3B 28 
              72 D0 3C 
              28 71 D0 
              01 A9 00 
              91 8D F8 
              04 A0 31 
              46 5B 1C 
              02 F0 5C 
              FA 00 28 
              1F BF 88 
              F8 00 50 
              12 20 02 
              B0 BD E8 
              F0 87 9D 
              F8 04 00 
              40 1C C5 
              B2 88 F8 
              00 50 02 
              B0 00 20 
              BD E8 F0 
              87 00 20 
              00 F0 03 
              F9 07 46 



ARM Macro Assembler    Page 36 


              00 20 00 
              F0 09 F9 
              05 46 30 
              78 2B 28 
              03 D9 2B 
              20 FE F7 
              24 FE 01 
              E0 FE F7 
              21 FE C4 
              F8 01 70 
              C4 F8 05 
              50 C4 F8 
              09 00 0D 
              25 E0 E7 
              01 22 EC 
              21 00 20 
              FE F7 92 
              FD 00 F0 
              0F 00 49 
              E0 30 78 
              0F 28 12 
              D2 01 22 
              EC 21 00 
              20 FE F7 
              87 FD 31 
              78 C0 F3 
              03 10 41 
              EA 00 13 
              01 22 EC 
              21 00 20 
              FE F7 E1 
              FD 84 F8 
              01 A0 02 
              25 C2 E7 
              59 70 0F 
              E0 30 78 
              07 28 FA 
              D2 83 F8 
              01 A0 02 
              F0 EE FD 
              07 E0 30 
              46 01 F0 
              FE FF 19 
              E0 04 E0 
              14 E0 19 
              E0 1E E0 
              02 25 AE 
              E7 30 78 
              58 B1 01 
              F0 05 FB 
              02 2F 24 
              BF 70 78 
              01 28 08 
              BF 01 F0 
              8C FB 07 
              E0 14 E0 
              1F E0 01 
              F0 D7 FA 
              F2 E7 30 



ARM Macro Assembler    Page 37 


              88 02 F0 
              AB F8 84 
              F8 01 A0 
              E6 E7 00 
              2A 1C BF 
              30 78 01 
              F0 A7 FB 
              91 E7 30 
              88 FE F7 
              E5 FF 60 
              70 DB E7 
              30 78 01 
              28 89 D1 
              01 F0 02 
              FB 99 F8 
              01 00 00 
              28 18 BF 
              01 F0 46 
              FB 80 E7 
              00 2A 3F 
              F4 7E AF 
              30 78 00 
              28 18 BF 
              01 20 89 
              F8 00 00 
              76 E7 00 
              00 73 1D 
              00 20 C0 
              1C 00 20 
              2D E9 F0 
              41 04 46 
              00 78 1E 
              46 15 46 
              88 46 04 
              28 04 BF 
              60 78 3E 
              28 0E D1 
              E0 78 02 
              28 18 BF 
              0D 28 09 
              D1 FF F7 
              01 FF 0A 
              28 16 D8 
              08 F0 FF 
              00 21 46 
              02 F0 A8 
              FC 80 B9 
              26 48 00 
              78 A0 B1 
              20 78 04 
              28 04 BF 
              60 78 0E 
              28 07 D1 
              20 79 71 
              28 01 BF 
              60 79 FC 
              28 20 7A 
              36 28 06 
              D0 30 46 



ARM Macro Assembler    Page 38 


              AC 46 BD 
              E8 F0 41 
              4F F0 00 
              01 60 47 
              00 22 80 
              21 01 20 
              01 F0 22 
              FE 18 4F 
              F8 78 00 
              28 18 BF 
              04 F0 9E 
              FA 20 78 
              04 28 04 
              BF 60 78 
              FF 28 08 
              D0 3E 62 
              42 46 21 
              46 BD 61 
              BD E8 F0 
              41 10 48 
              03 F0 50 
              B8 03 F0 
              05 FA 42 
              46 21 46 
              0D 48 03 
              F0 22 F8 
              0B 48 00 
              68 C1 6F 
              11 F0 04 
              0F FB D0 
              4F F0 00 
              01 30 46 
              A8 47 01 
              22 4F F4 
              28 61 10 
              46 01 F0 
              F6 FD BD 
              E8 F0 41 
              03 F0 D2 
              BD 73 1D 
              00 20 E4 
              1C 00 20 
              4C 1F 00 
              20 06 4A 
              10 B5 10 
              6A 92 69 
              00 21 90 
              47 01 22 
              BD E8 10 
              40 4F F4 
              28 61 10 
              46 01 F0 
              DE BD E4 
              1C 00 20 
              02 28 00 
              D3 FE E7 
              02 49 01 
              EB 80 00 
              80 69 70 



ARM Macro Assembler    Page 39 


              47 48 E8 
              00 20 02 
              28 00 D3 
              FE E7 03 
              49 01 EB 
              80 00 81 
              68 00 69 
              08 1A 70 
              47 48 E8 
              00 20 2D 
              E9 F0 41 
              04 46 13 
              4D C8 1C 
              20 F0 03 
              00 45 F8 
              24 00 16 
              46 0F 46 
              20 20 FE 
              F7 AE FC 
              01 46 B8 
              19 20 F0 
              03 02 55 
              F8 24 00 
              12 1A 42 
              60 55 F8 
              24 20 09 
              48 10 60 
              55 F8 24 
              20 00 20 
              D0 60 55 
              F8 24 20 
              10 61 05 
              EB 84 00 
              86 60 BD 
              E8 F0 41 
              08 46 FE 
              F7 98 BC 
              00 00 48 
              E8 00 20 
              5A A5 5A 
              A5 2D E9 
              F7 4F 82 
              B0 06 46 
              00 20 00 
              90 32 48 
              89 46 00 
              78 B0 42 
              5C D9 DF 
              F8 C4 B0 
              DB F8 04 
              00 50 F8 
              26 70 EF 
              B3 2E 4C 
              14 F8 16 
              00 A8 B3 
              38 46 FF 
              F7 FA F9 
              04 EB 46 
              0A 80 46 



ARM Macro Assembler    Page 40 


              9A F8 01 
              10 41 45 
              2B D2 00 
              25 23 E0 
              38 46 FE 
              F7 5F FC 
              04 00 1C 
              D0 E0 69 
              FE F7 AF 
              FC 20 46 
              FE F7 AC 
              FC DB F8 
              08 10 DB 
              F8 04 00 
              09 68 B0 
              F8 B4 20 
              8E 54 B0 
              F8 B4 10 
              49 1C 89 
              B2 A0 F8 
              B4 10 B1 
              F5 07 6F 
              02 D3 00 
              21 A0 F8 
              B4 10 18 
              49 0B 20 
              88 47 6D 
              1C AD B2 
              9A F8 01 
              10 A8 EB 
              01 00 A8 
              42 D5 DC 
              38 46 FE 
              F7 35 FC 
              00 E0 16 
              E0 90 B1 
              D9 F8 00 
              10 42 68 
              89 1A F9 
              60 D9 F8 
              00 10 B9 
              60 01 89 
              39 82 42 
              68 C9 F8 
              00 20 04 
              99 42 89 
              0A 80 80 
              69 00 90 
              02 E0 04 
              99 00 20 
              08 80 00 
              98 05 B0 
              BD E8 F0 
              8F E0 05 
              00 20 3C 
              1F 00 20 
              AE E8 00 
              20 65 59 
              01 00 70 



ARM Macro Assembler    Page 41 


              B5 06 46 
              0D 46 14 
              46 01 22 
              04 21 00 
              20 FE F7 
              E9 FB C0 
              B2 40 F0 
              02 03 01 
              22 04 21 
              00 20 FE 
              F7 45 FC 
              01 22 03 
              21 00 20 
              FE F7 DC 
              FB 00 F0 
              FB 03 01 
              22 03 21 
              00 20 FE 
              F7 39 FC 
              33 46 04 
              22 13 21 
              00 20 FE 
              F7 33 FC 
              AB B2 02 
              22 11 21 
              00 20 FE 
              F7 2D FC 
              E0 B2 40 
              F0 02 03 
              01 22 10 
              21 00 20 
              FE F7 25 
              FC 4F F0 
              01 00 1C 
              B1 BD E8 
              70 40 01 
              F0 6A BB 
              BD E8 70 
              40 01 F0 
              56 BB 70 
              47 70 47 
              70 47 00 
              00 2D E9 
              F0 41 0D 
              46 5C 49 
              1C 46 8B 
              42 02 D1 
              5B 48 BD 
              E8 F0 81 
              A4 F5 1C 
              41 39 39 
              09 D0 00 
              23 A4 F5 
              1C 41 69 
              39 06 D0 
              56 49 8C 
              42 2F D1 
              55 48 EF 
              E7 55 48 



ARM Macro Assembler    Page 42 


              ED E7 55 
              4D A2 F5 
              40 60 03 
              38 04 D1 
              54 48 C0 
              8E C0 F3 
              40 30 68 
              70 41 F2 
              09 01 8A 
              42 03 D1 
              00 20 FF 
              F7 85 FC 
              74 E0 B2 
              F5 81 6F 
              0F D1 4D 
              4E 00 20 
              00 EB C0 
              01 31 44 
              91 F8 3C 
              70 03 2F 
              02 D1 C1 
              F8 36 30 
              4B 87 40 
              1C C0 B2 
              02 28 F1 
              D3 A2 F5 
              C0 50 03 
              38 6C D1 
              01 20 28 
              71 69 E0 
              42 49 8C 
              42 01 D1 
              42 48 BC 
              E7 42 49 
              8C 42 01 
              D1 41 48 
              B7 E7 41 
              49 8C 42 
              01 D1 41 
              48 B2 E7 
              41 49 8C 
              42 01 D1 
              40 48 AD 
              E7 B0 F5 
              06 7F 0A 
              D0 A0 F5 
              A0 61 03 
              39 04 D0 
              3D 49 8C 
              42 05 D1 
              3C 48 A1 
              E7 3C 48 
              9F E7 3C 
              48 9D E7 
              80 28 22 
              D0 81 28 
              23 D0 82 
              28 24 D0 
              83 28 25 



ARM Macro Assembler    Page 43 


              D0 84 28 
              25 D0 85 
              28 27 D0 
              A0 F5 C0 
              61 29 39 
              0C D0 A4 
              F5 1B 41 
              A5 39 24 
              D0 A0 F5 
              C0 61 2B 
              39 1E D0 
              A0 F5 C0 
              61 2A 39 
              1E D0 28 
              E0 2E 48 
              01 78 01 
              29 14 D0 
              2D 49 28 
              0A 0B 54 
              20 E0 FF 
              F7 6B FF 
              1D E0 FF 
              F7 69 FF 
              1A E0 FF 
              F7 67 FF 
              17 E0 01 
              20 00 E0 
              00 20 01 
              F0 8D FE 
              11 E0 24 
              48 67 E7 
              03 70 00 
              20 64 E7 
              23 48 62 
              E7 28 46 
              FE F7 82 
              FB 35 28 
              05 D1 2A 
              46 11 46 
              40 F2 02 
              60 FE F7 
              89 FB 1D 
              48 84 42 
              01 D1 1D 
              48 52 E7 
              1D 48 84 
              42 01 D1 
              1C 48 4D 
              E7 20 46 
              4B E7 C1 
              65 01 00 
              E9 9D FF 
              1F 89 8B 
              01 00 91 
              A1 FF 1F 
              91 94 FF 
              1F 70 1D 
              00 20 B8 
              19 00 20 



ARM Macro Assembler    Page 44 


              3C 14 00 
              20 B5 37 
              01 00 AD 
              96 FF 1F 
              5D BB 02 
              00 25 A6 
              FF 1F AD 
              0B 03 00 
              A5 A6 FF 
              1F 95 3E 
              04 00 E9 
              A9 FF 1F 
              EF F6 03 
              00 95 A8 
              FF 1F 11 
              A9 FF 1F 
              01 A7 FF 
              1F F8 1E 
              00 20 56 
              1E 00 20 
              E1 8D FF 
              1F 6D 94 
              FF 1F 2D 
              7F 01 00 
              59 9F FF 
              1F ED D2 
              02 00 75 
              A6 FF 1F 
              2D E9 F8 
              43 4D 48 
              17 0A 90 
              46 50 F8 
              27 50 0C 
              46 40 46 
              FE F7 2B 
              FB 17 28 
              37 D0 03 
              DC A0 B3 
              16 28 04 
              D1 32 E0 
              18 28 30 
              D0 19 28 
              2E D0 FE 
              F7 32 FB 
              02 28 2C 
              D0 95 F8 
              48 00 00 
              28 77 D0 
              60 88 4F 
              EA 18 26 
              81 05 4F 
              F0 00 09 
              06 F1 80 
              06 3B D0 
              39 46 08 
              23 00 22 
              41 F2 07 
              10 FE F7 
              EA FA 06 



ARM Macro Assembler    Page 45 


              80 61 88 
              01 F4 40 
              41 0E 43 
              06 80 62 
              88 26 F4 
              40 51 02 
              F4 40 52 
              11 43 01 
              80 61 88 
              C1 F3 09 
              01 41 80 
              21 88 41 
              60 FE F7 
              DA FA 35 
              E0 FF E7 
              20 88 50 
              E0 FE F7 
              06 FB 06 
              46 FE F7 
              08 FB 05 
              00 0A D0 
              28 48 21 
              88 33 18 
              01 44 60 
              88 68 81 
              C0 F3 09 
              02 18 46 
              FE F7 D3 
              F9 38 46 
              29 46 FE 
              F7 FC FA 
              00 28 E5 
              D0 30 46 
              FE F7 FC 
              FA E1 E7 
              20 88 08 
              B1 FE F7 
              FC FA CD 
              F8 00 90 
              60 88 C0 
              F3 01 30 
              01 28 0B 
              D1 8D F8 
              00 00 8D 
              F8 01 60 
              30 0A 8D 
              F8 02 00 
              03 22 69 
              46 FF 20 
              FE F7 56 
              FF 95 F8 
              87 01 E0 
              B1 95 F8 
              AB 02 C8 
              B1 A8 8D 
              E9 8D 40 
              1A 00 EB 
              80 00 42 
              00 41 46 



ARM Macro Assembler    Page 46 


              40 F2 09 
              60 FE F7 
              DD FA A8 
              8D 41 46 
              00 EB 80 
              00 42 00 
              40 F2 0A 
              60 FE F7 
              D4 FA 04 
              E0 FF E7 
              20 88 08 
              B1 FE F7 
              C9 FA 00 
              20 BD E8 
              F8 83 00 
              00 E8 04 
              00 20 00 
              00 01 40 
              70 B5 14 
              46 0D 46 
              02 46 07 
              23 00 21 
              41 F2 01 
              10 FE F7 
              6C FA 05 
              70 21 68 
              C0 F8 01 
              10 A1 88 
              A0 F8 05 
              10 BD E8 
              70 40 FE 
              F7 66 BA 
              00 00 2D 
              E9 FF 4F 
              0C 46 DF 
              F8 10 92 
              17 0A 09 
              78 59 F8 
              27 60 4D 
              08 85 B0 
              9B 46 92 
              46 7F 2D 
              3A D1 60 
              78 04 28 
              04 D0 03 
              28 09 D0 
              0C 28 0C 
              D0 EA E0 
              09 B0 51 
              46 20 46 
              BD E8 F0 
              4F 00 F0 
              6C BD 01 
              F0 01 00 
              86 F8 39 
              00 DE E0 
              50 46 FE 
              F7 58 FA 
              04 28 ED 



ARM Macro Assembler    Page 47 


              D1 96 F8 
              36 00 00 
              28 E9 D1 
              DF F8 C0 
              81 D8 F8 
              00 10 51 
              F8 30 20 
              52 B1 53 
              8B BB 42 
              07 D1 01 
              EB C0 03 
              5B 68 43 
              B9 12 7F 
              A3 78 9A 
              42 04 D0 
              40 1C C0 
              B2 02 28 
              ED D3 06 
              E0 02 28 
              04 D2 51 
              F8 30 10 
              C9 7F 02 
              29 0C D0 
              31 2D 4A 
              D0 17 2D 
              4E D0 18 
              2D 74 D0 
              39 2D 70 
              D0 24 2D 
              41 D0 33 
              2D 6D D0 
              AA E0 21 
              78 01 F0 
              01 01 86 
              F8 3A 10 
              21 78 01 
              F0 01 01 
              8D F8 00 
              10 A1 78 
              8D F8 01 
              10 E1 78 
              8D F8 02 
              10 21 79 
              8D F8 03 
              10 61 79 
              8D F8 04 
              10 A1 79 
              8D F8 05 
              10 E1 79 
              8D F8 06 
              10 21 7A 
              8D F8 07 
              10 61 7A 
              8D F8 08 
              10 61 89 
              AD F8 0A 
              10 A1 89 
              AD F8 0C 
              10 A1 7B 



ARM Macro Assembler    Page 48 


              8D F8 0E 
              10 E1 7B 
              8D F8 0F 
              10 E1 7B 
              01 29 08 
              D1 D8 F8 
              00 10 01 
              EB C0 00 
              40 68 90 
              F8 54 00 
              8D F8 04 
              00 3F 4B 
              6A 46 02 
              21 50 46 
              98 47 66 
              E0 16 F8 
              55 0F 00 
              F0 FB 00 
              30 70 64 
              E0 55 46 
              59 F8 27 
              60 50 46 
              FE F7 DB 
              F9 2E 28 
              05 D0 28 
              46 FE F7 
              D6 F9 01 
              28 0B D0 
              0F E0 21 
              89 E0 88 
              CD E9 00 
              01 A3 88 
              62 88 61 
              78 2F 4C 
              28 46 A0 
              47 47 E0 
              20 78 00 
              F0 01 00 
              86 F8 39 
              00 09 B0 
              29 46 20 
              46 BD E8 
              F0 4F 29 
              4A 10 47 
              01 E0 0F 
              E0 22 E0 
              50 46 FE 
              F7 B6 F9 
              32 28 37 
              D1 96 F8 
              36 00 01 
              28 33 D1 
              51 46 40 
              F2 05 60 
              FE F7 E2 
              F9 2D E0 
              60 78 80 
              F0 55 05 
              FF 2D 05 



ARM Macro Assembler    Page 49 


              D0 01 20 
              01 F0 60 
              FF 03 2D 
              07 D0 02 
              E0 00 20 
              01 F0 5A 
              FF 00 20 
              01 F0 67 
              FF 1B E0 
              01 20 FA 
              E7 16 48 
              00 78 B0 
              B1 38 46 
              22 78 59 
              F8 20 10 
              02 F0 01 
              02 01 23 
              01 F8 39 
              2F CB 72 
              11 4B 33 
              21 98 47 
              52 46 11 
              46 40 F2 
              1D 60 FE 
              F7 8F F9 
              09 B0 00 
              20 BD E8 
              F0 8F 21 
              46 0B 4C 
              05 98 09 
              B0 5B 46 
              52 46 A4 
              46 BD E8 
              F0 4F 60 
              47 E8 04 
              00 20 14 
              1F 00 20 
              0D AD 01 
              00 75 C7 
              01 00 E9 
              85 04 00 
              74 1D 00 
              20 39 BB 
              01 00 2D 
              7F 01 00 
              10 B5 14 
              46 10 46 
              FE F7 5D 
              F9 18 28 
              15 D0 07 
              DC 98 B1 
              01 28 0E 
              D0 16 28 
              0F D0 17 
              28 08 D1 
              0C E0 19 
              28 0A D0 
              25 28 08 
              D0 26 28 



ARM Macro Assembler    Page 50 


              06 D0 28 
              28 04 D0 
              02 20 10 
              BD 02 49 
              20 46 88 
              47 00 20 
              10 BD 00 
              00 A5 BA 
              01 00 2D 
              E9 FF 4F 
              91 B0 BA 
              48 0E 90 
              11 98 15 
              46 DD E9 
              1E 8B 04 
              0A B7 4A 
              1F 46 21 
              46 68 46 
              90 47 00 
              98 0A 90 
              FE F7 69 
              F9 09 90 
              B3 48 4F 
              F0 00 0A 
              D1 46 50 
              F8 24 60 
              B8 F8 00 
              00 02 28 
              03 D9 02 
              21 A8 F8 
              00 10 89 
              46 BB F8 
              00 00 01 
              28 04 D9 
              01 21 AB 
              F8 00 10 
              4F F0 02 
              09 11 98 
              FE F7 12 
              F9 11 99 
              09 0A 01 
              EB 81 02 
              02 EB C1 
              01 A1 4A 
              10 91 02 
              EB 81 01 
              0F 91 01 
              28 01 D1 
              00 20 48 
              72 38 88 
              4F F6 FF 
              72 02 EA 
              40 00 AD 
              F8 2C 00 
              B8 F8 00 
              00 04 21 
              40 00 04 
              28 00 D3 
              08 46 AD 



ARM Macro Assembler    Page 51 


              F8 2E 00 
              04 F1 80 
              00 AD F8 
              34 00 AD 
              F8 32 00 
              00 90 02 
              90 29 88 
              4F F6 FF 
              70 00 EA 
              41 03 39 
              88 12 9A 
              00 EA 41 
              00 DD E9 
              09 15 C2 
              F3 40 02 
              0D 44 25 
              F0 70 45 
              01 92 85 
              EA C2 62 
              B2 FB F0 
              F5 00 FB 
              15 22 9A 
              1A 11 44 
              21 F0 70 
              41 B1 FB 
              F0 F2 00 
              FB 12 10 
              85 B2 AD 
              F8 30 50 
              96 F8 36 
              00 01 28 
              00 D0 00 
              20 AD F8 
              36 00 7F 
              49 0B A8 
              88 47 E8 
              B3 4F F0 
              01 0A 11 
              98 FE F7 
              B9 F8 01 
              28 3D D1 
              38 88 4F 
              F6 FF 73 
              03 EA 40 
              00 AD F8 
              0C 00 38 
              88 04 22 
              03 EA 40 
              01 AD F8 
              0E 10 B8 
              F8 00 00 
              40 00 04 
              28 00 D3 
              10 46 AD 
              F8 12 00 
              B8 F8 00 
              00 49 1E 
              03 EA 80 
              00 AD F8 



ARM Macro Assembler    Page 52 


              14 00 00 
              20 AD F8 
              16 00 8D 
              F8 20 00 
              AD F8 18 
              10 00 98 
              AD F8 1A 
              00 02 98 
              AD F8 1C 
              00 96 F8 
              36 00 01 
              28 00 D0 
              00 20 AD 
              F8 1E 00 
              63 49 03 
              A8 88 47 
              10 B9 0A 
              98 40 42 
              00 E0 05 
              E0 BD F8 
              16 50 4F 
              F0 02 0A 
              60 F3 01 
              05 39 88 
              4F F6 FF 
              70 00 EA 
              41 00 DD 
              E9 09 13 
              B1 FB F0 
              FC 00 FB 
              1C 1C A5 
              EB 0C 05 
              29 44 19 
              44 01 9A 
              21 F0 70 
              41 81 EA 
              C2 61 B1 
              FB F0 F2 
              00 FB 12 
              10 C0 F3 
              4E 01 0F 
              9D 10 98 
              03 90 69 
              80 B8 F8 
              00 10 A9 
              80 0E 99 
              3A 88 B9 
              F1 00 0F 
              21 F8 20 
              20 BB F8 
              00 00 E8 
              80 12 98 
              28 72 00 
              D0 CA 46 
              DF F8 18 
              C1 5F EA 
              0A 00 05 
              D0 01 28 
              56 D0 BA 



ARM Macro Assembler    Page 53 


              F1 02 0F 
              4D D1 13 
              E0 96 F8 
              36 00 40 
              B9 BB F8 
              00 10 00 
              91 B8 F8 
              00 30 3A 
              88 69 88 
              20 46 E0 
              47 3B 4B 
              96 F8 39 
              20 20 46 
              17 21 98 
              47 2F 21 
              35 E0 96 
              F8 36 00 
              40 B9 BB 
              F8 00 10 
              00 91 B8 
              F8 00 30 
              3A 88 69 
              88 20 46 
              E0 47 2D 
              48 69 88 
              0E 9A 50 
              F8 24 00 
              AD F8 02 
              10 29 7A 
              8D F8 01 
              10 A9 88 
              AD F8 06 
              10 E9 88 
              AD F8 08 
              10 03 99 
              32 F8 21 
              10 AD F8 
              04 10 90 
              F8 36 10 
              68 7A B8 
              B1 00 20 
              41 40 01 
              F0 01 00 
              40 F0 2E 
              00 22 4A 
              8D F8 00 
              00 20 46 
              69 46 40 
              3A 90 47 
              1F 49 11 
              98 88 47 
              2E 21 11 
              98 FD F7 
              F8 FF 15 
              B0 FF 20 
              BD E8 F0 
              8F 01 20 
              E6 E7 96 
              F8 39 30 



ARM Macro Assembler    Page 54 


              20 46 20 
              22 17 21 
              FE F7 27 
              F8 96 F8 
              36 00 10 
              B9 15 49 
              20 46 88 
              47 68 7A 
              90 B1 08 
              23 14 22 
              00 21 41 
              F2 03 10 
              FD F7 B9 
              FF 20 21 
              01 70 00 
              99 41 80 
              00 24 C4 
              80 96 F8 
              3C 10 01 
              71 FD F7 
              B3 FF 6C 
              72 01 21 
              D2 E7 00 
              00 20 12 
              00 20 1D 
              E0 01 00 
              E8 04 00 
              20 69 C3 
              04 00 79 
              C6 04 00 
              19 0A 02 
              00 39 BB 
              01 00 D1 
              D3 01 00 
              BD 17 02 
              00 0C 48 
              C0 68 00 
              68 00 28 
              12 D0 90 
              F8 47 10 
              00 29 0E 
              D1 09 49 
              90 F8 45 
              00 09 88 
              00 EB 40 
              00 01 EB 
              40 10 06 
              49 08 44 
              40 8B 00 
              28 01 D1 
              04 48 00 
              47 70 47 
              00 00 F8 
              1E 00 20 
              B8 04 00 
              20 00 00 
              01 40 F5 
              32 02 00 
              70 B5 05 



ARM Macro Assembler    Page 55 


              46 15 48 
              40 68 50 
              F8 25 40 
              00 2C 24 
              D0 FD F7 
              3A FF 06 
              46 94 F8 
              94 00 01 
              28 18 D1 
              94 F8 95 
              00 04 28 
              14 D1 E0 
              69 A0 F5 
              F8 31 39 
              39 0F D1 
              0B 48 00 
              68 A0 42 
              20 46 08 
              D1 FD F7 
              BB FF 09 
              4B 4F F0 
              FF 32 16 
              21 28 46 
              98 47 01 
              E0 FD F7 
              B2 FF 30 
              46 BD E8 
              70 40 FD 
              F7 1C BF 
              70 BD F8 
              1E 00 20 
              E0 16 00 
              20 29 EE 
              01 00 10 
              B5 FD F7 
              0D FF 04 
              49 04 46 
              88 47 20 
              46 BD E8 
              10 40 FD 
              F7 0A BF 
              00 00 7D 
              3E 02 00 
              2D E9 F0 
              41 0F 46 
              04 46 0C 
              25 FD F7 
              FB FE 06 
              46 0C 48 
              80 68 50 
              F8 24 40 
              74 B1 0B 
              48 00 78 
              28 B1 04 
              F1 58 00 
              FE F7 73 
              FC 06 28 
              05 D2 39 
              46 04 F1 



ARM Macro Assembler    Page 56 


              58 00 FD 
              F7 CE FE 
              00 25 30 
              46 FD F7 
              E8 FE 28 
              46 BD E8 
              F0 81 F8 
              1E 00 20 
              60 1E 00 
              20 70 47 
              00 00 10 
              B4 07 48 
              DD F8 04 
              C0 84 88 
              0C 80 C1 
              88 11 80 
              01 89 19 
              80 40 89 
              AC F8 00 
              00 10 BC 
              70 47 00 
              00 E4 1C 
              00 20 2D 
              E9 F0 41 
              11 4E 0C 
              78 3A 27 
              56 F8 84 
              5F 07 EB 
              84 17 DF 
              F8 34 C0 
              ED 5D E0 
              47 30 68 
              3C 22 02 
              EB 84 13 
              C5 55 30 
              68 00 EB 
              84 11 C3 
              5C 09 68 
              02 2B 06 
              D1 89 78 
              C9 07 03 
              D0 02 EB 
              85 12 04 
              21 81 54 
              00 20 BD 
              E8 F0 81 
              00 00 5D 
              BB 02 00 
              10 0E 00 
              20 10 B5 
              09 4C 94 
              F8 4A 42 
              01 2C 08 
              D1 91 F8 
              20 40 1F 
              2C 04 D9 
              48 8C FD 
              F7 2E FF 
              00 20 10 



ARM Macro Assembler    Page 57 


              BD 03 4C 
              A4 46 BD 
              E8 10 40 
              60 47 10 
              0E 00 20 
              ED D2 02 
              00 2D E9 
              FF 41 12 
              4C 15 0A 
              54 F8 25 
              40 D4 E9 
              02 67 CD 
              E9 02 67 
              0F 4E B0 
              47 05 22 
              04 F1 08 
              01 02 A8 
              FD F7 E0 
              FD 80 B1 
              0C 48 00 
              78 01 28 
              0C D1 8D 
              F8 00 50 
              A0 68 CD 
              F8 01 00 
              20 7B 8D 
              F8 05 00 
              06 22 69 
              46 04 20 
              FE F7 4E 
              FB 04 B0 
              00 20 BD 
              E8 F0 81 
              A8 09 00 
              20 AD 0B 
              03 00 20 
              1F 00 20 
              38 B5 0A 
              4D 0C 46 
              A8 47 09 
              4B 20 78 
              6A 46 1B 
              68 00 21 
              98 47 40 
              B9 00 98 
              90 F8 37 
              10 21 B9 
              05 49 05 
              4C 40 79 
              88 47 A0 
              47 00 20 
              38 BD 4D 
              33 03 00 
              3C 1F 00 
              20 D1 02 
              04 00 6D 
              C6 04 00 
              70 B5 0C 
              46 FD F7 



ARM Macro Assembler    Page 58 


              2E FE 05 
              46 04 20 
              00 EB 04 
              21 FF 22 
              40 F2 0E 
              20 FD F7 
              8E FE 28 
              46 70 BD 
              00 00 2D 
              E9 F8 43 
              1C 4D 07 
              46 43 F6 
              F9 16 A9 
              68 51 F8 
              20 40 94 
              F8 98 00 
              94 F8 A0 
              10 00 1D 
              C0 B2 90 
              34 B0 47 
              80 46 20 
              78 E1 7B 
              00 1D C0 
              B2 B0 47 
              61 88 90 
              3C 88 42 
              00 D3 08 
              46 69 78 
              86 B2 0D 
              46 38 46 
              46 F2 8D 
              62 90 47 
              29 46 38 
              46 46 F2 
              AD 62 90 
              47 08 EB 
              06 00 4F 
              F4 1B 71 
              01 EB 40 
              00 60 66 
              60 61 00 
              21 00 91 
              83 B2 94 
              F8 9A 10 
              04 20 E2 
              6E FD F7 
              93 FE BD 
              E8 F8 83 
              00 00 20 
              1F 00 20 
              70 B5 05 
              46 00 24 
              FD F7 E9 
              FD 02 46 
              08 48 80 
              68 50 F8 
              25 10 31 
              B1 88 6D 
              C9 6E B0 



ARM Macro Assembler    Page 59 


              FB F1 F3 
              01 FB 13 
              00 84 B2 
              10 46 FD 
              F7 DE FD 
              20 46 70 
              BD 00 00 
              20 1F 00 
              20 03 48 
              04 49 00 
              88 08 44 
              B0 F8 5A 
              00 70 47 
              00 00 38 
              04 00 20 
              00 00 01 
              40 0B 48 
              C0 68 00 
              68 00 28 
              10 D0 90 
              F8 2A 10 
              01 29 01 
              D0 00 20 
              06 E0 90 
              F8 2D 00 
              07 28 04 
              D0 02 28 
              02 D0 02 
              20 01 F0 
              A2 BB 01 
              20 FB E7 
              70 47 00 
              00 20 1F 
              00 20 10 
              B5 0C 4C 
              C9 B2 53 
              B1 00 21 
              04 EB 41 
              03 04 F8 
              11 00 49 
              1C C9 B2 
              5A 70 14 
              29 F6 D3 
              10 BD 06 
              4B 1B 78 
              8B 42 FA 
              D9 04 F8 
              11 00 04 
              EB 41 00 
              42 70 10 
              BD 00 00 
              AE E8 00 
              20 E0 05 
              00 20 10 
              B5 00 F0 
              03 F8 00 
              20 10 BD 
              00 00 70 
              B5 12 48 



ARM Macro Assembler    Page 60 


              80 47 12 
              4C 43 F6 
              D1 11 20 
              46 88 47 
              02 28 1A 
              D2 FD F7 
              B2 FC 0C 
              21 90 FB 
              F1 F2 01 
              FB 12 00 
              00 21 C5 
              B2 01 26 
              01 EB 41 
              00 05 EB 
              80 00 C3 
              B2 DA 08 
              03 F0 07 
              00 06 FA 
              00 F0 A3 
              5C 49 1C 
              03 43 C9 
              B2 A3 54 
              03 29 EE 
              D3 70 BD 
              F9 F6 03 
              00 A9 0E 
              00 20 05 
              4A 12 78 
              01 2A 06 
              D9 49 00 
              80 1D B0 
              FB F1 F2 
              01 FB 12 
              00 80 B2 
              70 47 FC 
              04 00 20 
              2D E9 F0 
              47 30 4F 
              0C 46 00 
              26 39 78 
              01 29 08 
              D1 21 78 
              2E 4D 01 
              EB C1 01 
              29 44 91 
              F8 3C 10 
              02 29 06 
              D0 2B 4D 
              3E 70 21 
              46 AC 46 
              BD E8 F0 
              47 60 47 
              DF F8 A0 
              90 29 68 
              4F F0 02 
              08 41 F2 
              03 10 C9 
              B1 0C 23 
              03 22 00 



ARM Macro Assembler    Page 61 


              21 FD F7 
              5F FD 80 
              F8 00 80 
              01 21 81 
              72 29 68 
              0A 68 42 
              60 89 88 
              01 81 4F 
              F6 FF 71 
              41 80 C6 
              72 FD F7 
              55 FD 28 
              68 0C 38 
              FD F7 65 
              FD 2E 60 
              16 E0 69 
              68 E1 B1 
              FF 23 07 
              22 00 21 
              FD F7 43 
              FD 80 F8 
              00 80 69 
              68 0A 68 
              C0 F8 01 
              20 89 88 
              A0 F8 05 
              10 FD F7 
              3D FD 68 
              68 0C 38 
              FD F7 4D 
              FD 6E 60 
              20 78 49 
              46 00 EB 
              C0 00 28 
              44 90 F8 
              3E 00 88 
              47 20 78 
              00 EB C0 
              00 28 44 
              80 F8 3C 
              60 3E 70 
              00 20 BD 
              E8 F0 87 
              00 00 18 
              1F 00 20 
              3C 14 00 
              20 4D 3C 
              04 00 B9 
              2F 04 00 
              2D E9 FF 
              5F 08 78 
              1B 4F 00 
              EB C0 00 
              38 44 0E 
              46 90 F8 
              3C 00 03 
              28 20 D1 
              DF F8 5C 
              80 DF F8 



ARM Macro Assembler    Page 62 


              5C B0 00 
              24 4F F0 
              01 09 4F 
              F0 02 0A 
              04 EB C4 
              00 C5 19 
              95 F8 3C 
              00 01 28 
              0C D1 05 
              F1 36 00 
              06 22 71 
              1C FD F7 
              2E FC 28 
              B9 40 46 
              80 47 85 
              F8 3C A0 
              8B F8 00 
              90 64 1C 
              E4 B2 02 
              2C E7 D3 
              DD E9 02 
              23 08 4C 
              00 98 04 
              B0 31 46 
              A4 46 BD 
              E8 F0 4F 
              5D F8 04 
              EB 60 47 
              00 00 3C 
              14 00 20 
              71 3B 02 
              00 18 1F 
              00 20 95 
              3E 04 00 
              2D E9 F0 
              41 05 46 
              4A 48 0E 
              0A 88 46 
              50 F8 26 
              40 40 46 
              FD F7 E9 
              FC 17 28 
              7C DA 00 
              28 7A D0 
              15 28 78 
              D1 28 78 
              41 46 00 
              F0 01 00 
              84 F8 3A 
              00 40 F2 
              05 60 FD 
              F7 10 FD 
              A8 78 69 
              68 04 EB 
              C0 00 41 
              65 A9 68 
              81 65 94 
              F8 49 10 
              41 F2 03 



ARM Macro Assembler    Page 63 


              10 D9 B1 
              94 F8 B1 
              12 89 B3 
              0E 23 23 
              22 00 21 
              FD F7 A7 
              FC 69 68 
              C0 F8 06 
              10 A9 68 
              C0 F8 0A 
              10 00 27 
              07 70 A9 
              78 01 71 
              E9 78 41 
              71 06 F1 
              80 01 41 
              80 FD F7 
              9B FC 84 
              F8 B1 72 
              18 E0 94 
              F8 B0 12 
              A9 B1 A9 
              78 01 29 
              1C D1 0E 
              23 3D 22 
              00 21 FD 
              F7 88 FC 
              D4 F8 72 
              10 01 60 
              B4 F8 76 
              10 81 80 
              69 68 C0 
              F8 06 10 
              A9 68 C0 
              F8 0A 10 
              FD F7 7F 
              FC A8 78 
              01 28 06 
              D1 40 46 
              FD F7 E7 
              FC 10 B9 
              E8 78 02 
              28 24 D0 
              01 21 40 
              46 FD F7 
              8F FC FD 
              F7 E2 FC 
              18 B3 FD 
              F7 E4 FC 
              00 B3 33 
              21 04 F1 
              54 00 FD 
              F7 E3 FC 
              D0 B1 04 
              F1 5C 00 
              40 21 05 
              46 FD F7 
              DC FC 98 
              B1 88 21 



ARM Macro Assembler    Page 64 


              04 F1 64 
              00 FD F7 
              D6 FC 68 
              B1 43 21 
              28 46 FD 
              F7 D1 FC 
              40 B1 01 
              20 07 E0 
              08 E0 02 
              22 31 46 
              40 46 FD 
              F7 CD FC 
              02 E0 00 
              20 84 F8 
              AB 02 00 
              20 BD E8 
              F0 81 00 
              00 E8 04 
              00 20 38 
              B5 4F F0 
              A0 40 8D 
              49 81 62 
              4F F0 11 
              31 C1 62 
              8B 49 81 
              60 00 F0 
              97 FB 64 
              23 21 46 
              00 22 4F 
              F4 7A 70 
              63 F3 0F 
              01 FE F7 
              DB FF 68 
              46 FE F7 
              86 F9 84 
              49 48 B1 
              00 98 B0 
              EB A1 02 
              1E BF A0 
              F1 B7 72 
              B2 F5 58 
              52 88 42 
              00 D0 00 
              91 00 98 
              02 F0 F6 
              FD 4F F6 
              FF 73 02 
              22 C4 21 
              00 20 FD 
              F7 17 FC 
              4F F6 FF 
              73 02 22 
              C6 21 00 
              20 FD F7 
              10 FC 3F 
              20 00 F0 
              D5 FC 01 
              22 A8 21 
              00 20 FD 



ARM Macro Assembler    Page 65 


              F7 A4 FB 
              C0 B2 40 
              F0 20 03 
              01 22 A8 
              21 00 20 
              FD F7 00 
              FC 01 22 
              A7 21 00 
              20 FD F7 
              97 FB 00 
              F0 7F 03 
              01 22 A7 
              21 00 20 
              FD F7 F4 
              FB 3C 20 
              FE F7 DF 
              F8 FE F7 
              D5 F8 01 
              46 3C 20 
              00 F0 9D 
              FC 64 49 
              01 20 C8 
              60 4F F4 
              7A 70 FE 
              F7 E2 F8 
              4F F0 E0 
              24 4F F4 
              80 50 C4 
              F8 00 01 
              04 F5 80 
              74 5D 49 
              80 20 81 
              F8 00 04 
              FD F7 6E 
              FD 40 21 
              01 20 00 
              F0 20 FD 
              01 22 40 
              21 10 46 
              00 F0 BF 
              FC 02 22 
              DA 21 00 
              20 FD F7 
              64 FB 80 
              B2 40 F0 
              40 03 02 
              22 DA 21 
              00 20 FD 
              F7 C0 FB 
              02 22 D2 
              21 00 20 
              FD F7 57 
              FB 80 B2 
              40 F0 40 
              03 02 22 
              D2 21 00 
              20 FD F7 
              B3 FB 40 
              23 02 22 



ARM Macro Assembler    Page 66 


              2C 21 00 
              20 FD F7 
              AD FB 02 
              22 26 21 
              00 20 FD 
              F7 44 FB 
              80 B2 40 
              F0 40 03 
              02 22 26 
              21 00 20 
              FD F7 A0 
              FB 40 20 
              00 F0 E9 
              FA 3F 49 
              60 20 81 
              F8 00 04 
              4F F4 00 
              50 20 60 
              02 22 DA 
              21 00 20 
              FD F7 2D 
              FB 4F F2 
              7F 54 00 
              EA 04 03 
              02 22 DA 
              21 00 20 
              FD F7 88 
              FB 02 22 
              D2 21 00 
              20 FD F7 
              1F FB 00 
              EA 04 03 
              02 22 D2 
              21 00 20 
              FD F7 7C 
              FB 01 22 
              4F F4 28 
              61 10 46 
              00 F0 44 
              FC 80 21 
              01 20 00 
              F0 C0 FC 
              00 23 02 
              22 C4 21 
              18 46 FD 
              F7 6C FB 
              4F F6 FF 
              73 02 22 
              D8 21 00 
              20 FD F7 
              65 FB 4F 
              F6 FF 73 
              02 22 D0 
              21 00 20 
              FD F7 5E 
              FB 4F F6 
              FF 73 02 
              22 CC 21 
              00 20 FD 



ARM Macro Assembler    Page 67 


              F7 57 FB 
              4F F6 FF 
              73 02 22 
              C8 21 00 
              20 FD F7 
              50 FB 4F 
              F4 70 63 
              02 22 C6 
              21 00 20 
              FD F7 49 
              FB 23 46 
              02 22 DA 
              21 00 20 
              FD F7 43 
              FB 23 46 
              02 22 D2 
              21 00 20 
              FD F7 3D 
              FB 4F F6 
              FF 73 02 
              22 CE 21 
              00 20 FD 
              F7 36 FB 
              4F F2 3F 
              03 02 22 
              CA 21 00 
              20 FD F7 
              2F FB FD 
              F7 AF FB 
              01 F0 B7 
              FF 00 20 
              38 BD 00 
              00 10 10 
              10 88 03 
              3C E0 0D 
              00 6C DC 
              02 00 00 
              0E 50 0C 
              E0 00 E0 
              0D E0 00 
              E0 70 B5 
              13 4C 13 
              4D 70 B1 
              4F F6 CA 
              40 12 49 
              A0 66 69 
              63 0D 22 
              00 21 03 
              F0 B4 FB 
              10 48 10 
              49 A0 67 
              0F 22 E9 
              63 0F E0 
              0F 48 0F 
              49 A0 67 
              E9 63 0F 
              22 00 21 
              03 F0 A6 
              FB 0D 49 



ARM Macro Assembler    Page 68 


              44 F2 62 
              60 C4 E9 
              1A 01 0B 
              49 0D 22 
              69 63 BD 
              E8 70 40 
              00 21 03 
              F0 99 BB 
              70 1E 00 
              20 80 1C 
              00 20 3A 
              D8 02 E0 
              32 CD 02 
              00 41 01 
              08 46 C2 
              E6 01 00 
              09 E0 01 
              F0 57 E6 
              FF 1F 0D 
              DF 00 BF 
              70 B5 0B 
              4C 0C 4D 
              09 48 0A 
              49 A0 65 
              E9 62 0B 
              22 00 21 
              03 F0 7C 
              FB 09 48 
              09 49 20 
              65 A9 62 
              BD E8 70 
              40 0A 22 
              00 21 03 
              F0 72 BB 
              00 00 D2 
              CF 02 00 
              70 1E 00 
              20 16 00 
              01 28 80 
              1C 00 20 
              92 7E 02 
              00 0F D8 
              01 2A 70 
              B5 0A 4C 
              0B 4D 4C 
              F6 2A 30 
              09 49 A0 
              65 E9 62 
              0B 22 00 
              21 03 F0 
              59 FB 07 
              48 08 49 
              20 65 A9 
              62 BD E8 
              70 40 0A 
              22 00 21 
              03 F0 4F 
              BB 70 1E 
              00 20 01 



ARM Macro Assembler    Page 69 


              0F 15 D3 
              80 1C 00 
              20 92 7E 
              02 00 0F 
              D8 01 2A 
              70 B5 1B 
              4C 1C 4D 
              19 48 1A 
              49 20 63 
              A9 61 06 
              22 00 21 
              03 F0 3A 
              FB 1A 49 
              18 48 C4 
              E9 10 01 
              19 49 29 
              62 08 22 
              00 21 03 
              F0 30 FB 
              4E F6 8C 
              10 16 49 
              A0 64 69 
              62 09 22 
              00 21 03 
              F0 27 FB 
              14 49 13 
              48 C4 E9 
              14 01 0F 
              49 0A 22 
              89 1C A9 
              62 00 21 
              03 F0 1C 
              FB 0C 49 
              4D F2 40 
              70 F8 31 
              A0 65 E9 
              62 BD E8 
              70 40 0B 
              22 00 21 
              03 F0 10 
              BB 00 00 
              04 D5 04 
              00 70 1E 
              00 20 99 
              9A FF 1F 
              80 1C 00 
              20 3E D1 
              03 00 05 
              F5 FF 1F 
              08 DF 00 
              BF 8E E0 
              09 E0 46 
              17 01 00 
              3D 95 FF 
              1F 05 49 
              04 48 06 
              4A 08 64 
              04 49 11 
              62 08 22 



ARM Macro Assembler    Page 70 


              00 21 03 
              F0 F1 BA 
              D4 DA 03 
              00 70 1E 
              00 20 00 
              F5 FA 70 
              80 1C 00 
              20 05 49 
              04 48 06 
              4A 88 63 
              04 49 D1 
              61 07 22 
              00 21 03 
              F0 DF BA 
              32 D9 04 
              00 70 1E 
              00 20 EE 
              03 04 00 
              80 1C 00 
              20 05 49 
              04 48 06 
              4A 88 67 
              04 49 D1 
              63 0F 22 
              00 21 03 
              F0 CD BA 
              32 C6 04 
              00 70 1E 
              00 20 09 
              E0 00 BF 
              80 1C 00 
              20 06 49 
              0A 4B 08 
              4A 08 70 
              06 49 05 
              48 08 67 
              9A 63 07 
              4A 4A 67 
              0E 22 00 
              21 03 F0 
              B7 BA 21 
              1F 00 20 
              82 3B 03 
              00 70 1E 
              00 20 0E 
              DF 00 BF 
              80 1C 00 
              20 5D A7 
              FF 1F 70 
              B5 01 46 
              0C 4C 0D 
              4A 0D 4D 
              0A 48 42 
              EA 01 41 
              A0 65 E9 
              62 0B 22 
              00 21 03 
              F0 9D FA 
              05 48 09 



ARM Macro Assembler    Page 71 


              49 00 1D 
              20 65 A9 
              62 BD E8 
              70 40 0A 
              22 00 21 
              03 F0 92 
              BA 00 00 
              B2 00 02 
              00 70 1E 
              00 20 61 
              61 00 20 
              80 1C 00 
              20 00 BF 
              61 68 06 
              49 09 4A 
              08 70 07 
              49 05 48 
              C1 E9 10 
              02 08 4A 
              06 49 11 
              62 08 22 
              00 21 03 
              F0 79 BA 
              22 1F 00 
              20 FA CF 
              02 00 70 
              1E 00 20 
              6D EF FF 
              1F 08 DF 
              00 BF 80 
              1C 00 20 
              01 49 08 
              70 70 47 
              00 00 20 
              1F 00 20 
              30 B4 00 
              29 1E D1 
              10 49 10 
              4B A1 F1 
              08 02 A1 
              F1 10 04 
              50 B1 10 
              68 88 67 
              52 68 CA 
              67 61 68 
              D9 63 0F 
              22 30 BC 
              00 21 03 
              F0 52 BA 
              88 6F 10 
              60 C8 6F 
              50 60 D8 
              6B 60 60 
              06 4A 4F 
              F4 E9 70 
              C1 E9 1E 
              02 04 49 
              EC E7 30 
              BC 70 47 



ARM Macro Assembler    Page 72 


              70 1E 00 
              20 80 1C 
              00 20 01 
              B1 FF 1F 
              00 DF 00 
              BF 3E B5 
              68 46 FD 
              F7 19 FA 
              BD F8 04 
              10 00 98 
              0C 18 FD 
              F7 84 F8 
              01 49 60 
              40 08 60 
              3E BD 10 
              06 00 20 
              10 B5 04 
              46 10 F4 
              80 7F 0C 
              D0 01 22 
              32 21 00 
              20 FD F7 
              18 F9 C0 
              B2 40 F0 
              01 03 01 
              22 32 21 
              00 20 FD 
              F7 74 F9 
              14 F0 01 
              0F 0C D0 
              01 22 17 
              21 00 20 
              FD F7 08 
              F9 C0 B2 
              40 F0 10 
              03 01 22 
              17 21 00 
              20 FD F7 
              64 F9 14 
              F0 08 0F 
              0C D0 01 
              22 3B 21 
              00 20 FD 
              F7 F8 F8 
              C0 B2 40 
              F0 40 03 
              01 22 3B 
              21 00 20 
              FD F7 54 
              F9 14 F4 
              00 5F 0B 
              D0 01 23 
              1A 46 8C 
              21 00 20 
              FD F7 4B 
              F9 00 23 
              01 22 8C 
              21 18 46 
              FD F7 45 



ARM Macro Assembler    Page 73 


              F9 14 F4 
              80 4F 0B 
              D0 02 23 
              01 22 8C 
              21 00 20 
              FD F7 3C 
              F9 00 23 
              01 22 8C 
              21 18 46 
              FD F7 36 
              F9 14 F4 
              00 4F 0B 
              D0 04 23 
              01 22 8C 
              21 00 20 
              FD F7 2D 
              F9 00 23 
              01 22 8C 
              21 18 46 
              FD F7 27 
              F9 14 F0 
              02 0F 0C 
              D0 01 22 
              17 21 00 
              20 FD F7 
              BB F8 C0 
              B2 40 F0 
              04 03 01 
              22 17 21 
              00 20 FD 
              F7 17 F9 
              14 F0 04 
              0F 0C D0 
              01 22 17 
              21 00 20 
              FD F7 AB 
              F8 C0 B2 
              40 F0 08 
              03 01 22 
              17 21 00 
              20 FD F7 
              07 F9 14 
              F0 20 0F 
              0C D0 01 
              22 30 21 
              00 20 FD 
              F7 9B F8 
              C0 B2 40 
              F0 10 03 
              01 22 30 
              21 00 20 
              FD F7 F7 
              F8 14 F0 
              40 0F 0C 
              D0 01 22 
              30 21 00 
              20 FD F7 
              8B F8 C0 
              B2 40 F0 



ARM Macro Assembler    Page 74 


              20 03 01 
              22 30 21 
              00 20 FD 
              F7 E7 F8 
              14 F4 80 
              6F 0C D0 
              01 22 32 
              21 00 20 
              FD F7 7B 
              F8 C0 B2 
              40 F0 04 
              03 01 22 
              32 21 00 
              20 FD F7 
              D7 F8 14 
              F4 00 6F 
              08 BF 10 
              BD 01 22 
              32 21 00 
              20 FD F7 
              6A F8 C0 
              B2 40 F0 
              08 03 01 
              22 32 21 
              BD E8 10 
              40 00 20 
              FD F7 C4 
              B8 10 B5 
              04 46 02 
              22 58 21 
              00 20 FD 
              F7 59 F8 
              A0 43 83 
              B2 02 22 
              58 21 BD 
              E8 10 40 
              00 20 FD 
              F7 B4 B8 
              10 B5 04 
              46 02 22 
              58 21 00 
              20 FD F7 
              49 F8 80 
              B2 40 EA 
              04 03 02 
              22 58 21 
              BD E8 10 
              40 00 20 
              FD F7 A3 
              B8 01 23 
              10 B5 1A 
              46 19 46 
              00 20 FD 
              F7 9C F8 
              B4 23 01 
              22 6F 21 
              00 20 FD 
              F7 96 F8 
              A1 23 01 



ARM Macro Assembler    Page 75 


              22 70 21 
              00 20 FD 
              F7 90 F8 
              A2 23 01 
              22 71 21 
              00 20 FD 
              F7 8A F8 
              A2 23 01 
              22 72 21 
              00 20 FD 
              F7 84 F8 
              A1 23 01 
              22 73 21 
              00 20 FD 
              F7 7E F8 
              85 23 01 
              22 74 21 
              00 20 FD 
              F7 78 F8 
              8B 23 01 
              22 75 21 
              00 20 FD 
              F7 72 F8 
              85 23 01 
              22 76 21 
              00 20 FD 
              F7 6C F8 
              6C 23 01 
              22 77 21 
              00 20 FD 
              F7 66 F8 
              2D 23 01 
              22 78 21 
              00 20 FD 
              F7 60 F8 
              8A 23 01 
              22 79 21 
              00 20 FD 
              F7 5A F8 
              2B 23 01 
              22 7A 21 
              00 20 FD 
              F7 54 F8 
              45 23 01 
              22 7B 21 
              00 20 FD 
              F7 4E F8 
              26 23 01 
              22 7C 21 
              00 20 FD 
              F7 48 F8 
              8E 23 01 
              22 7D 21 
              00 20 FD 
              F7 42 F8 
              50 23 01 
              22 7E 21 
              00 20 FD 
              F7 3C F8 



ARM Macro Assembler    Page 76 


              33 23 01 
              22 7F 21 
              00 20 FD 
              F7 36 F8 
              34 23 01 
              22 80 21 
              00 20 FD 
              F7 30 F8 
              2A 23 01 
              22 81 21 
              00 20 FD 
              F7 2A F8 
              01 22 A9 
              21 00 20 
              FC F7 C1 
              FF 00 F0 
              0F 00 01 
              28 0B D1 
              01 22 B1 
              21 00 20 
              FC F7 B8 
              FF 00 F0 
              BF 03 01 
              22 B1 21 
              00 20 FD 
              F7 15 F8 
              40 23 01 
              22 BC 21 
              00 20 FD 
              F7 0F F8 
              60 23 01 
              22 BC 21 
              00 20 FD 
              F7 09 F8 
              FC 23 01 
              22 A4 21 
              00 20 FD 
              F7 03 F8 
              01 22 6D 
              21 00 20 
              FC F7 9A 
              FF C0 B2 
              40 F0 10 
              03 01 22 
              6D 21 00 
              20 FC F7 
              F6 FF 27 
              23 01 22 
              B4 21 00 
              20 FC F7 
              F0 FF 00 
              23 01 22 
              68 21 18 
              46 FC F7 
              EA FF 32 
              20 02 F0 
              5C FD 08 
              23 01 22 
              68 21 00 



ARM Macro Assembler    Page 77 


              20 FC F7 
              E1 FF 01 
              22 B5 21 
              00 20 FC 
              F7 78 FF 
              00 F0 7F 
              03 01 22 
              B5 21 00 
              20 FC F7 
              D5 FF 28 
              23 01 22 
              B3 21 00 
              20 FC F7 
              CF FF 01 
              22 6C 21 
              00 20 FC 
              F7 66 FF 
              C0 B2 40 
              F0 10 03 
              01 22 6C 
              21 00 20 
              FC F7 C2 
              FF 1F 23 
              01 22 A0 
              21 00 20 
              FC F7 BC 
              FF 01 22 
              69 21 00 
              20 FC F7 
              53 FF C0 
              B2 40 F0 
              02 03 01 
              22 69 21 
              00 20 FC 
              F7 AF FF 
              20 23 01 
              22 F4 21 
              00 20 FC 
              F7 A9 FF 
              01 22 A8 
              21 00 20 
              FC F7 40 
              FF C0 B2 
              40 F0 40 
              03 01 22 
              A8 21 00 
              20 FC F7 
              9C FF 1A 
              23 01 22 
              A9 21 00 
              20 FC F7 
              96 FF 01 
              23 1A 46 
              04 21 00 
              20 FC F7 
              90 FF 9D 
              23 01 22 
              06 21 00 
              20 FC F7 



ARM Macro Assembler    Page 78 


              8A FF 0B 
              23 01 22 
              09 21 00 
              20 FC F7 
              84 FF 10 
              23 01 22 
              EE 21 00 
              20 FC F7 
              7E FF 01 
              22 30 21 
              00 20 FC 
              F7 15 FF 
              C0 B2 40 
              F0 07 03 
              01 22 30 
              21 00 20 
              FC F7 71 
              FF 01 22 
              EC 21 00 
              20 FC F7 
              08 FF C0 
              F3 03 10 
              08 21 41 
              EA 00 13 
              01 22 EC 
              21 00 20 
              FC F7 62 
              FF 10 23 
              01 22 EF 
              21 00 20 
              FC F7 5C 
              FF FF 23 
              01 22 5E 
              21 00 20 
              FC F7 56 
              FF 00 23 
              01 22 BD 
              E8 10 40 
              F7 21 18 
              46 FC F7 
              4E BF 10 
              B5 82 B0 
              0C 46 03 
              46 06 4A 
              69 46 01 
              A8 02 F0 
              8E FC DD 
              E9 00 10 
              22 46 02 
              F0 DA FC 
              02 49 08 
              60 02 B0 
              10 BD 00 
              36 6E 01 
              1C 04 00 
              20 C3 43 
              01 22 F2 
              21 00 20 
              FC F7 32 



ARM Macro Assembler    Page 79 


              BF 70 B5 
              0C 46 D4 
              21 01 EB 
              40 00 C5 
              B2 00 2A 
              4F F0 02 
              02 29 46 
              4F F0 00 
              00 0B D0 
              FC F7 BF 
              FE 80 B2 
              40 EA 04 
              03 29 46 
              BD E8 70 
              40 02 22 
              00 20 FC 
              F7 19 BF 
              FC F7 B3 
              FE A0 43 
              29 46 BD 
              E8 70 40 
              83 B2 02 
              22 00 20 
              FC F7 0E 
              BF 70 B5 
              C8 23 0C 
              46 03 EB 
              40 03 CC 
              21 01 EB 
              40 00 DE 
              B2 C5 B2 
              FA B1 01 
              2A 2B D0 
              02 2A 18 
              BF 70 BD 
              02 22 29 
              46 00 20 
              FC F7 95 
              FE A0 43 
              83 B2 02 
              22 29 46 
              00 20 FC 
              F7 F2 FE 
              02 22 31 
              46 00 20 
              FC F7 89 
              FE 80 B2 
              40 EA 04 
              03 31 46 
              BD E8 70 
              40 02 22 
              00 20 FC 
              F7 E3 BE 
              02 22 31 
              46 00 20 
              FC F7 7A 
              FE A0 43 
              31 46 BD 
              E8 70 40 



ARM Macro Assembler    Page 80 


              83 B2 02 
              22 00 20 
              FC F7 D5 
              BE 02 22 
              29 46 00 
              20 FC F7 
              6C FE 80 
              B2 40 EA 
              04 03 02 
              22 29 46 
              00 20 FC 
              F7 C8 FE 
              D4 E7 70 
              B5 C4 22 
              02 EB 40 
              00 C5 B2 
              0C 46 02 
              22 29 46 
              00 20 FC 
              F7 58 FE 
              80 B2 40 
              EA 04 03 
              29 46 BD 
              E8 70 40 
              02 22 00 
              20 FC F7 
              B2 BE 70 
              B5 C4 22 
              02 EB 40 
              00 C5 B2 
              0C 46 02 
              22 29 46 
              00 20 FC 
              F7 43 FE 
              A0 43 29 
              46 BD E8 
              70 40 83 
              B2 02 22 
              00 20 FC 
              F7 9E BE 
              2D E9 F0 
              41 20 4E 
              0F 46 04 
              46 B5 68 
              30 68 00 
              1D 01 F0 
              16 FA 48 
              B9 30 68 
              01 21 90 
              F8 2C 00 
              01 FA 00 
              F0 F1 68 
              21 EA 00 
              00 F0 60 
              B4 F1 FF 
              3F 15 D1 
              A7 B1 16 
              49 32 68 
              48 68 90 



ARM Macro Assembler    Page 81 


              60 33 68 
              82 68 DA 
              60 32 68 
              13 1D 82 
              68 53 60 
              32 68 12 
              1D 82 60 
              30 68 41 
              61 08 68 
              40 1C 08 
              60 BD E8 
              F0 81 30 
              68 2C 44 
              AC 42 44 
              60 30 68 
              00 F1 04 
              01 04 D2 
              B0 6B BD 
              E8 F0 41 
              01 F0 06 
              BA 70 6B 
              01 F0 03 
              FA 70 6A 
              A0 42 88 
              BF 74 62 
              BD E8 F0 
              81 1C 1D 
              00 20 34 
              20 00 20 
              1A 4D 1B 
              4C 00 20 
              E1 68 01 
              29 88 BF 
              01 20 21 
              68 C9 6A 
              21 B9 29 
              68 01 29 
              98 BF 00 
              28 02 D0 
              4F F0 00 
              00 03 E0 
              60 6A A1 
              68 A0 EB 
              01 00 02 
              28 E9 D3 
              20 6B 40 
              1C 20 63 
              E1 68 00 
              20 01 29 
              88 BF 01 
              20 21 68 
              C9 6A 21 
              B9 29 68 
              01 29 98 
              BF 00 28 
              02 D0 4F 
              F0 00 00 
              03 E0 60 
              6A A1 68 



ARM Macro Assembler    Page 82 


              A0 EB 01 
              00 02 28 
              28 BF 02 
              F0 A2 F9 
              01 F0 CF 
              FE CB E7 
              94 1F 00 
              20 1C 1D 
              00 20 05 
              48 41 6B 
              09 68 00 
              29 0F BF 
              4F F0 FF 
              31 41 6B 
              C9 68 09 
              68 41 62 
              70 47 1C 
              1D 00 20 
              07 4A 20 
              21 EF F3 
              11 80 81 
              F3 11 88 
              BF F3 4F 
              8F BF F3 
              6F 8F 51 
              68 FF 29 
              08 BF 50 
              60 FE E7 
              00 00 58 
              1D 00 20 
              09 4A 10 
              B5 13 78 
              04 46 3B 
              B9 01 23 
              13 70 4F 
              F4 48 42 
              06 49 00 
              20 FE F7 
              F7 F8 21 
              46 BD E8 
              10 40 00 
              20 02 F0 
              A3 BB 00 
              00 6C 1D 
              00 20 48 
              20 00 20 
              4F F0 80 
              7C 40 F8 
              04 CC 21 
              F0 01 01 
              40 F8 08 
              1C 03 4B 
              40 F8 0C 
              3C 40 F8 
              20 2C 40 
              38 70 47 
              00 00 11 
              B8 FF 1F 
              2D E9 F0 



ARM Macro Assembler    Page 83 


              41 01 78 
              B0 F8 01 
              40 B0 F8 
              05 C0 B0 
              F8 07 30 
              B0 F8 09 
              20 B0 F8 
              0B 00 00 
              2C 08 BF 
              BD E8 F0 
              81 0C EA 
              04 06 03 
              EA 04 05 
              02 EA 04 
              07 00 EA 
              04 08 00 
              29 4C D0 
              01 29 18 
              BF BD E8 
              F0 81 02 
              22 DA 21 
              00 20 FC 
              F7 4A FD 
              A0 43 80 
              B2 40 EA 
              06 03 02 
              22 DA 21 
              00 20 FC 
              F7 A5 FD 
              02 22 D2 
              21 00 20 
              FC F7 3C 
              FD 80 B2 
              40 EA 04 
              03 02 22 
              D2 21 00 
              20 FC F7 
              98 FD 02 
              22 CA 21 
              00 20 FC 
              F7 2F FD 
              A0 43 80 
              B2 40 EA 
              05 03 02 
              22 CA 21 
              00 20 FC 
              F7 8A FD 
              02 22 CE 
              21 00 20 
              FC F7 21 
              FD A0 43 
              80 B2 40 
              EA 07 03 
              02 22 CE 
              21 00 20 
              FC F7 7C 
              FD 02 22 
              D6 21 00 
              20 FC F7 



ARM Macro Assembler    Page 84 


              13 FD 84 
              EA 06 01 
              88 43 80 
              B2 40 EA 
              08 03 BD 
              E8 F0 41 
              02 22 D6 
              21 00 20 
              FC F7 6A 
              BD 02 22 
              D8 21 00 
              20 FC F7 
              01 FD A0 
              43 80 B2 
              40 EA 06 
              03 02 22 
              D8 21 00 
              20 FC F7 
              5C FD 02 
              22 D0 21 
              00 20 FC 
              F7 F3 FC 
              80 B2 40 
              EA 04 03 
              02 22 D0 
              21 00 20 
              FC F7 4F 
              FD 02 22 
              C8 21 00 
              20 FC F7 
              E6 FC A0 
              43 80 B2 
              40 EA 05 
              03 02 22 
              C8 21 00 
              20 FC F7 
              41 FD 02 
              22 CC 21 
              00 20 FC 
              F7 D8 FC 
              A0 43 80 
              B2 40 EA 
              07 03 02 
              22 CC 21 
              00 20 FC 
              F7 33 FD 
              02 22 D4 
              21 00 20 
              FC F7 CA 
              FC 84 EA 
              06 01 88 
              43 80 B2 
              40 EA 08 
              03 02 22 
              D4 21 00 
              20 FC F7 
              23 FD 0B 
              48 15 F0 
              40 0F 02 



ARM Macro Assembler    Page 85 


              BF 40 21 
              41 80 BD 
              E8 F0 81 
              15 F4 80 
              6F 08 BF 
              4F F4 80 
              61 05 D0 
              15 F0 20 
              0F 0C BF 
              20 21 BD 
              E8 F0 81 
              41 80 BD 
              E8 F0 81 
              C0 1C 00 
              20 A0 F6 
              44 11 3D 
              29 14 D2 
              0A 49 B0 
              F5 16 6F 
              04 D3 00 
              22 4A 70 
              A0 F5 16 
              60 03 E0 
              01 22 4A 
              70 A0 F6 
              42 10 88 
              70 D0 B2 
              04 4A 10 
              70 88 78 
              02 49 6C 
              31 08 70 
              70 47 0C 
              1F 00 20 
              01 04 0A 
              50 10 B5 
              0E 4C 90 
              B1 0E 48 
              A0 F1 9C 
              01 09 78 
              00 EB 41 
              00 61 1E 
              10 F8 01 
              0C 08 70 
              84 20 20 
              70 C8 22 
              03 21 BD 
              E8 10 40 
              82 20 FC 
              F7 1C BD 
              03 21 82 
              20 FC F7 
              1D FD 04 
              20 20 70 
              10 BD 00 
              00 3F 04 
              0A 50 48 
              1E 00 20 
              7D 49 10 
              B5 B1 F8 



ARM Macro Assembler    Page 86 


              58 22 01 
              28 B1 F8 
              60 02 02 
              F0 60 02 
              7D D0 40 
              F0 01 00 
              A1 F8 60 
              02 B1 F8 
              60 02 4E 
              F6 FD 73 
              18 40 A1 
              F8 60 02 
              B1 F8 58 
              02 20 F0 
              60 00 40 
              F0 40 00 
              A1 F8 58 
              02 B1 F8 
              5C 02 40 
              F0 02 00 
              A1 F8 5C 
              02 08 8A 
              40 F4 80 
              70 08 82 
              08 8A 20 
              F0 F0 00 
              40 F0 70 
              00 08 82 
              08 88 40 
              F0 04 00 
              08 80 08 
              88 20 F0 
              04 00 08 
              80 B1 F8 
              CC 00 00 
              07 FB D5 
              B1 F8 C4 
              03 B1 F8 
              C0 33 00 
              F4 7F 40 
              40 EA 13 
              23 5E 48 
              03 80 B1 
              F8 CC 33 
              B1 F8 C8 
              43 03 F4 
              7F 43 43 
              EA 14 23 
              43 80 B1 
              F8 D4 33 
              B1 F8 D0 
              43 03 F4 
              7F 43 43 
              EA 14 23 
              83 80 B1 
              F8 DC 33 
              B1 F8 D8 
              43 03 F4 
              7F 43 43 



ARM Macro Assembler    Page 87 


              EA 14 23 
              C3 80 B1 
              F8 E4 33 
              B1 F8 E0 
              43 03 F4 
              7F 43 43 
              EA 14 23 
              03 81 B1 
              F8 EC 33 
              B1 F8 E8 
              43 03 F4 
              7F 43 43 
              EA 14 23 
              43 81 B1 
              F8 F4 33 
              B1 F8 F0 
              43 03 F4 
              7F 43 43 
              EA 14 23 
              83 81 B1 
              F8 FC 33 
              B1 F8 F8 
              43 03 F4 
              7F 43 43 
              EA 14 23 
              C3 81 B1 
              F8 C4 33 
              DC B2 B1 
              F8 C0 33 
              00 E0 5C 
              E0 64 F3 
              1F 23 03 
              82 B1 F8 
              CC 33 DC 
              B2 B1 F8 
              C8 33 64 
              F3 1F 23 
              43 82 B1 
              F8 D4 33 
              DC B2 B1 
              F8 D0 33 
              64 F3 1F 
              23 83 82 
              B1 F8 DC 
              33 DC B2 
              B1 F8 D8 
              33 64 F3 
              1F 23 C3 
              82 B1 F8 
              E4 33 DC 
              B2 B1 F8 
              E0 33 64 
              F3 1F 23 
              03 83 B1 
              F8 EC 33 
              DC B2 B1 
              F8 E8 33 
              64 F3 1F 
              23 43 83 



ARM Macro Assembler    Page 88 


              B1 F8 F4 
              33 DC B2 
              B1 F8 F0 
              33 64 F3 
              1F 23 83 
              83 B1 F8 
              FC 33 DC 
              B2 B1 F8 
              F8 33 64 
              F3 1F 23 
              C3 83 B1 
              F8 60 02 
              40 F0 02 
              00 A1 F8 
              60 02 08 
              8A 20 F0 
              F0 00 40 
              F0 40 00 
              08 82 08 
              8A 20 F4 
              80 70 08 
              82 B1 F8 
              58 02 20 
              F0 60 00 
              10 43 A1 
              F8 58 02 
              11 4A 37 
              20 32 F8 
              02 3B 21 
              F8 20 30 
              40 1C C0 
              B2 47 28 
              F7 D3 10 
              BD 41 F2 
              01 03 18 
              43 A1 F8 
              60 02 B1 
              F8 60 02 
              20 F0 02 
              00 A1 F8 
              60 02 B1 
              F8 58 02 
              20 F0 60 
              00 A1 F8 
              58 02 B1 
              F8 5C 02 
              20 F0 02 
              00 24 E7 
              00 00 0B 
              50 6C E8 
              00 20 2D 
              E9 F0 43 
              87 B0 00 
              24 17 38 
              DD F8 38 
              80 1D 46 
              26 46 0E 
              28 80 F0 
              2E 81 DF 



ARM Macro Assembler    Page 89 


              E8 00 F0 
              07 29 49 
              AA 59 7B 
              AA AA 9B 
              F1 B2 DA 
              F0 EF 96 
              48 03 68 
              43 F4 00 
              43 03 60 
              03 2A 28 
              D1 08 78 
              8D F8 01 
              00 48 78 
              8D F8 03 
              00 88 78 
              FF 28 2D 
              D0 8F 49 
              08 5C 00 
              F0 BB FB 
              28 E0 01 
              20 8D F8 
              00 00 25 
              21 8D F8 
              04 00 8D 
              F8 02 10 
              68 46 FC 
              F7 21 FC 
              00 F0 04 
              B9 85 48 
              03 68 43 
              F4 00 43 
              03 60 84 
              48 D0 F8 
              20 33 23 
              F4 FE 03 
              C0 F8 20 
              33 03 2A 
              04 D0 12 
              26 01 20 
              28 70 04 
              46 DF E7 
              08 78 8D 
              F8 01 00 
              48 78 8D 
              F8 03 00 
              88 78 FF 
              28 D1 D1 
              00 20 28 
              70 01 24 
              D2 E7 78 
              49 01 20 
              00 24 08 
              70 73 48 
              04 60 74 
              49 75 48 
              C1 F8 20 
              03 FC F7 
              F8 FB 2C 
              70 01 24 



ARM Macro Assembler    Page 90 


              00 F0 D4 
              B8 6D 48 
              03 68 43 
              F4 00 43 
              03 60 03 
              2A 28 D1 
              08 78 8D 
              F8 01 00 
              48 78 8D 
              F8 03 00 
              88 78 FF 
              28 2D D0 
              66 49 08 
              5C 00 F0 
              69 FB 28 
              E0 01 20 
              8D F8 00 
              00 25 20 
              8D F8 02 
              00 02 20 
              8D F8 04 
              00 68 46 
              FC F7 CE 
              FB B1 E0 
              5C 48 03 
              68 43 F4 
              00 43 03 
              60 5B 48 
              D0 F8 20 
              33 23 F0 
              FE 43 C0 
              F8 20 33 
              03 2A 04 
              D0 12 26 
              01 20 28 
              70 04 46 
              DF E7 08 
              78 8D F8 
              01 00 48 
              78 8D F8 
              03 00 88 
              78 FF 28 
              D1 D1 00 
              20 28 70 
              01 24 D2 
              E7 01 2A 
              0D D0 12 
              26 01 20 
              28 70 04 
              46 00 20 
              8D F8 00 
              00 01 20 
              8D F8 04 
              00 68 46 
              FC F7 9E 
              FB 81 E0 
              08 78 8D 
              F8 01 00 
              00 20 28 



ARM Macro Assembler    Page 91 


              70 01 24 
              EE E7 40 
              48 03 68 
              23 F4 00 
              43 03 60 
              04 2A 0C 
              D0 12 26 
              01 20 28 
              70 04 46 
              01 20 8D 
              F8 00 00 
              8D F8 04 
              00 68 46 
              FC F7 83 
              FB 66 E0 
              08 78 8D 
              F8 01 00 
              48 78 8D 
              F8 03 00 
              C8 78 8D 
              F8 02 00 
              88 78 FF 
              28 03 D0 
              31 49 08 
              5C 00 F0 
              00 FB 00 
              20 28 70 
              01 24 E2 
              E7 2C 48 
              03 68 23 
              F4 00 43 
              03 60 04 
              2A 10 D0 
              12 26 01 
              20 28 70 
              04 46 01 
              20 8D F8 
              00 00 02 
              20 8D F8 
              04 00 68 
              46 FC F7 
              5A FB 3D 
              E0 24 E0 
              14 E0 39 
              E0 08 78 
              8D F8 01 
              00 48 78 
              8D F8 03 
              00 C8 78 
              8D F8 02 
              00 88 78 
              FF 28 03 
              D0 1B 49 
              08 5C 00 
              F0 D4 FA 
              00 20 28 
              70 01 24 
              DE E7 FC 
              F7 45 FB 



ARM Macro Assembler    Page 92 


              00 27 6F 
              F0 7F 49 
              FE F7 9F 
              FC 10 B9 
              7F 1C 4F 
              45 F9 DB 
              29 19 24 
              1D 08 60 
              17 E0 01 
              2A 0D D0 
              12 26 01 
              20 28 70 
              04 46 00 
              20 8D F8 
              00 00 02 
              20 8D F8 
              04 00 68 
              46 FC F7 
              24 FB 07 
              E0 08 78 
              8D F8 01 
              00 00 20 
              28 70 01 
              24 EE E7 
              12 26 88 
              F8 00 40 
              07 B0 30 
              46 BD E8 
              F0 83 00 
              00 D0 08 
              00 40 24 
              F5 FF 1F 
              00 00 0A 
              50 D4 1C 
              00 20 42 
              00 41 41 
              04 48 A0 
              F1 9C 01 
              09 78 00 
              EB 41 00 
              10 F8 01 
              0C 70 47 
              00 00 48 
              1E 00 20 
              00 B5 07 
              28 0A D2 
              06 49 40 
              1C 06 4A 
              08 70 FF 
              F7 EB FF 
              02 F8 2D 
              0F FF F7 
              E7 FF 50 
              70 00 BD 
              00 00 AC 
              1D 00 20 
              78 19 00 
              20 03 49 
              02 48 49 



ARM Macro Assembler    Page 93 


              78 80 F8 
              2C 10 70 
              47 78 19 
              00 20 48 
              1E 00 20 
              10 B5 FD 
              F7 C7 FB 
              FD F7 13 
              FA 10 BD 
              10 B5 0C 
              4A 0C 49 
              80 B1 D1 
              F8 20 33 
              13 F4 FE 
              0F 03 D0 
              01 28 05 
              D0 C1 F8 
              20 23 01 
              20 00 F0 
              2E F8 10 
              BD 06 48 
              C1 F8 20 
              03 F7 E7 
              C1 F8 20 
              23 00 20 
              F4 E7 00 
              00 42 00 
              41 41 00 
              00 0A 50 
              42 00 44 
              48 10 B5 
              06 49 10 
              B1 4F F4 
              C8 62 01 
              E0 4F F4 
              EC 62 A1 
              F8 80 22 
              00 F0 12 
              F8 10 BD 
              00 00 00 
              00 0B 50 
              04 49 08 
              B1 04 48 
              01 E0 03 
              48 80 1F 
              C1 F8 20 
              03 70 47 
              00 00 00 
              00 0A 50 
              48 00 41 
              41 4F F0 
              03 02 11 
              46 08 B1 
              83 20 00 
              E0 84 20 
              FC F7 2A 
              BA 00 00 
              30 B5 16 
              4B 15 4C 



ARM Macro Assembler    Page 94 


              00 22 1B 
              78 9C 34 
              07 E0 04 
              EB 42 05 
              95 F9 00 
              50 85 42 
              03 DA 52 
              1C D2 B2 
              9A 42 F5 
              D3 9A 42 
              13 D0 04 
              EB 42 05 
              95 F9 00 
              30 83 42 
              0F DD 72 
              B1 59 B1 
              02 29 0B 
              D1 15 F9 
              02 1C 41 
              1A 00 D5 
              49 42 C0 
              1A 00 D5 
              40 42 81 
              42 01 DA 
              52 1E D2 
              B2 04 EB 
              42 00 40 
              78 30 BD 
              00 00 AC 
              1D 00 20 
              0B 4B 10 
              B5 A3 F1 
              9C 02 00 
              21 12 78 
              06 E0 03 
              EB 41 04 
              64 78 84 
              42 03 D0 
              49 1C C9 
              B2 91 42 
              F6 D3 91 
              42 00 D1 
              FE E7 03 
              EB 41 00 
              90 F9 00 
              00 10 BD 
              48 1E 00 
              20 70 B5 
              05 46 FC 
              F7 BD F9 
              17 4A 03 
              46 A2 F1 
              9C 00 00 
              21 00 78 
              0B E0 02 
              EB 41 06 
              76 78 9E 
              42 04 D1 
              02 EB 41 



ARM Macro Assembler    Page 95 


              01 91 F9 
              00 40 03 
              E0 49 1C 
              C9 B2 81 
              42 F1 D3 
              00 21 07 
              E0 02 EB 
              41 03 93 
              F9 00 30 
              A3 42 03 
              DA 49 1C 
              C9 B2 81 
              42 F5 D3 
              51 B1 49 
              1E CC B2 
              02 EB 44 
              00 41 78 
              28 46 FC 
              F7 24 FA 
              0C B1 00 
              20 70 BD 
              01 20 70 
              BD 00 00 
              48 1E 00 
              20 2D E9 
              F0 41 07 
              46 FC F7 
              86 F9 19 
              4A 03 46 
              A2 F1 9C 
              06 00 20 
              31 78 0B 
              E0 02 EB 
              40 04 64 
              78 9C 42 
              04 D1 02 
              EB 40 00 
              90 F9 00 
              50 03 E0 
              40 1C C0 
              B2 88 42 
              F1 D3 00 
              24 07 E0 
              02 EB 44 
              00 90 F9 
              00 00 A8 
              42 03 DC 
              64 1C E4 
              B2 8C 42 
              F5 D3 8C 
              42 09 D0 
              02 EB 44 
              00 41 78 
              38 46 FC 
              F7 EE F9 
              30 78 64 
              1C 84 42 
              02 D1 01 
              20 BD E8 



ARM Macro Assembler    Page 96 


              F0 81 00 
              20 FB E7 
              00 00 48 
              1E 00 20 
              04 49 A1 
              F1 9C 02 
              12 78 01 
              EB 42 01 
              11 F8 01 
              1C FC F7 
              D8 B9 48 
              1E 00 20 
              09 48 4F 
              F4 80 62 
              24 21 C2 
              81 01 82 
              02 83 41 
              83 02 21 
              C1 74 05 
              49 00 20 
              81 F8 CC 
              01 04 49 
              60 20 A1 
              F8 6E 00 
              70 47 00 
              00 3C 14 
              00 20 00 
              10 00 20 
              14 16 00 
              20 10 B5 
              0D 4C 30 
              B1 61 78 
              4F F4 00 
              50 41 B1 
              FC F7 B8 
              F9 07 E0 
              09 48 C0 
              8E C0 F3 
              40 30 60 
              70 01 E0 
              FC F7 AB 
              F8 A1 78 
              4F F0 80 
              40 09 B1 
              04 49 00 
              E0 04 49 
              C0 F8 E0 
              10 10 BD 
              70 1D 00 
              20 B8 19 
              00 20 68 
              01 80 02 
              DC 00 40 
              01 70 B5 
              06 78 05 
              46 30 46 
              00 F0 86 
              F8 08 B1 
              00 20 70 



ARM Macro Assembler    Page 97 


              BD 02 21 
              14 20 FC 
              F7 9B F8 
              04 46 14 
              21 FC F7 
              14 F8 26 
              71 68 78 
              60 71 A9 
              78 A1 71 
              E9 78 E1 
              71 29 79 
              21 72 D5 
              F8 05 10 
              C4 F8 09 
              10 B5 F8 
              09 10 A4 
              F8 0D 10 
              80 07 0A 
              D0 E8 7A 
              E0 73 02 
              21 FC F7 
              7F F8 20 
              61 E2 7B 
              05 F1 0C 
              01 FB F7 
              DD FF 21 
              46 02 48 
              FC F7 7A 
              F8 01 20 
              70 BD 00 
              00 58 1E 
              00 20 1F 
              B5 0A 78 
              00 20 04 
              2A 30 D1 
              4A 78 3E 
              2A 2D D1 
              CA 78 02 
              2A 01 D0 
              0D 2A 28 
              D1 00 22 
              00 92 01 
              92 02 92 
              03 92 4A 
              79 8D F8 
              00 20 CB 
              78 02 2B 
              1F D0 CB 
              79 8D F8 
              02 30 8B 
              68 CD F8 
              03 30 8B 
              89 AD F8 
              07 30 8B 
              7C 8D F8 
              01 30 0B 
              7F 1D 31 
              03 91 8D 
              F8 09 30 



ARM Macro Assembler    Page 98 


              D1 06 0A 
              D5 13 49 
              09 68 F9 
              B1 00 21 
              00 29 04 
              D1 68 46 
              FD F7 04 
              F8 D0 B1 
              00 20 04 
              B0 10 BD 
              8A 79 8D 
              F8 02 20 
              D1 F8 07 
              20 CD F8 
              03 20 B1 
              F8 0B 20 
              AD F8 07 
              20 4A 7B 
              8D F8 09 
              20 01 F1 
              0E 02 03 
              92 91 F8 
              2D 10 8D 
              F8 01 10 
              DC E7 01 
              21 DE E7 
              01 20 E3 
              E7 58 1E 
              00 20 02 
              46 05 48 
              00 68 04 
              E0 03 79 
              01 68 93 
              42 02 D0 
              08 46 00 
              28 F8 D1 
              70 47 58 
              1E 00 20 
              01 48 FC 
              F7 1A B8 
              00 00 58 
              1E 00 20 
              70 B5 00 
              25 FF F7 
              E8 FF 04 
              00 0A D0 
              01 46 06 
              48 FC F7 
              F8 F8 20 
              69 FC F7 
              64 F8 20 
              46 FC F7 
              61 F8 01 
              25 28 46 
              70 BD 00 
              00 58 1E 
              00 20 10 
              B4 00 28 
              04 BF 10 



ARM Macro Assembler    Page 99 


              BC 70 47 
              B9 B1 90 
              F8 00 C0 
              94 45 07 
              D1 00 2B 
              1C BF B0 
              F8 01 10 
              19 60 C0 
              1C 10 BC 
              70 47 B0 
              F8 01 C0 
              C0 1C 0C 
              F1 03 04 
              60 44 A1 
              42 03 D3 
              A1 EB 0C 
              01 C9 1E 
              E7 D1 10 
              BC 00 20 
              70 47 00 
              00 70 B5 
              00 25 0D 
              48 04 22 
              0D 49 FB 
              F7 51 FF 
              98 B9 0C 
              4C 04 22 
              0C 49 20 
              46 FB F7 
              4A FF 60 
              B1 B4 F8 
              01 10 E4 
              1C 68 18 
              0C 44 C5 
              1C 04 22 
              06 49 20 
              46 FB F7 
              3E FF 00 
              28 F2 D1 
              28 46 70 
              BD 00 40 
              01 40 38 
              F5 FF 1F 
              04 40 01 
              40 3C F5 
              FF 1F 01 
              49 08 70 
              70 47 00 
              00 30 1F 
              00 20 01 
              46 4F F0 
              A0 42 09 
              48 A1 F1 
              A0 43 11 
              68 4F EA 
              60 0C B3 
              F5 40 33 
              05 D0 11 
              F4 80 6F 



ARM Macro Assembler    Page 100 


              18 BF 70 
              47 60 46 
              70 47 11 
              F4 00 7F 
              FA D0 70 
              47 00 6C 
              DC 02 FF 
              F7 72 BD 
              10 B5 86 
              B0 00 20 
              00 90 01 
              90 02 90 
              03 90 04 
              90 68 46 
              00 F0 A9 
              F8 9D F8 
              0E 00 52 
              4C 00 28 
              1C BF 9D 
              F8 0F 00 
              00 28 7C 
              D0 4F F0 
              01 02 4F 
              F0 A3 01 
              4F F0 00 
              00 FB F7 
              64 FF 9D 
              F8 00 10 
              C0 F3 42 
              10 41 EA 
              40 13 01 
              22 A3 21 
              00 20 FB 
              F7 BD FF 
              01 22 A1 
              21 00 20 
              FB F7 54 
              FF 9D F8 
              06 10 C0 
              F3 42 10 
              41 EA 40 
              13 01 22 
              A1 21 00 
              20 FB F7 
              AD FF 01 
              22 B8 21 
              00 20 FB 
              F7 44 FF 
              C0 F3 C4 
              00 05 21 
              41 EA C0 
              03 01 22 
              B8 21 00 
              20 FB F7 
              9E FF 01 
              22 B7 21 
              00 20 FB 
              F7 35 FF 
              00 F0 8F 



ARM Macro Assembler    Page 101 


              00 40 F0 
              50 03 01 
              22 B7 21 
              00 20 FB 
              F7 90 FF 
              01 22 EC 
              21 00 20 
              FB F7 27 
              FF 00 F0 
              8F 00 40 
              F0 50 03 
              01 22 EC 
              21 00 20 
              FB F7 82 
              FF 01 22 
              B9 21 00 
              20 FB F7 
              19 FF 00 
              F0 8F 00 
              40 F0 30 
              03 01 22 
              B9 21 00 
              20 FB F7 
              74 FF 9D 
              F8 05 00 
              C0 F1 15 
              00 C0 B2 
              0F 28 88 
              BF 0F 20 
              03 D8 05 
              28 98 BF 
              00 21 00 
              D9 41 1F 
              C9 B2 06 
              28 8C BF 
              82 1F 00 
              22 41 EA 
              02 12 D3 
              B2 41 EA 
              00 10 23 
              70 60 70 
              01 22 A5 
              21 00 20 
              FB F7 55 
              FF 1B E0 
              FF E7 C6 
              20 60 70 
              76 23 23 
              70 01 22 
              A5 21 00 
              20 FB F7 
              4A FF 48 
              23 01 22 
              B9 21 00 
              20 FB F7 
              44 FF 48 
              23 01 22 
              EC 21 00 
              20 FB F7 



ARM Macro Assembler    Page 102 


              3E FF 54 
              23 01 22 
              B8 21 00 
              20 FB F7 
              38 FF 0C 
              21 02 20 
              FC F7 42 
              FC 06 B0 
              10 BD D8 
              F0 00 20 
              10 B5 84 
              B0 04 46 
              68 46 FC 
              F7 3C FE 
              00 98 00 
              28 04 BF 
              04 B0 10 
              BD 00 F0 
              1F 00 20 
              70 00 98 
              C0 F3 42 
              10 60 70 
              00 98 C0 
              F3 02 20 
              A0 70 00 
              98 C0 F3 
              C2 20 E0 
              70 00 98 
              C0 F3 82 
              30 20 71 
              00 98 C0 
              F3 43 40 
              60 71 00 
              98 C0 F3 
              44 50 A0 
              71 01 98 
              00 99 80 
              03 00 0A 
              40 EA 91 
              60 C4 F8 
              07 00 01 
              98 C0 F3 
              84 40 E0 
              72 02 98 
              01 99 40 
              02 40 EA 
              D1 50 A0 
              81 02 98 
              C0 F3 C4 
              10 A0 73 
              02 98 C0 
              F3 05 30 
              E0 73 02 
              98 C0 F3 
              81 40 20 
              74 04 B0 
              10 BD 38 
              B5 04 46 
              00 68 81 



ARM Macro Assembler    Page 103 


              68 00 25 
              01 F0 0F 
              01 02 29 
              27 D0 04 
              29 18 BF 
              0C 29 77 
              D0 C0 6F 
              00 99 60 
              F3 00 01 
              00 91 00 
              99 4F EA 
              50 02 62 
              F3 41 01 
              00 91 00 
              99 4F EA 
              90 02 62 
              F3 82 01 
              00 91 00 
              99 4F EA 
              D0 02 62 
              F3 C3 01 
              00 91 00 
              99 4F EA 
              10 12 62 
              F3 04 11 
              00 91 4F 
              EA 50 11 
              00 98 61 
              F3 5F 10 
              00 90 38 
              BD E1 6A 
              A2 6A 91 
              42 1C D3 
              C0 6F 10 
              F0 04 0F 
              08 BF 38 
              BD 20 20 
              FB F7 71 
              FE 01 46 
              20 68 42 
              68 22 F0 
              80 02 42 
              60 20 68 
              42 68 22 
              F0 02 02 
              42 60 08 
              46 FB F7 
              68 FE 84 
              F8 34 50 
              21 6A 00 
              29 08 BF 
              38 BD 62 
              E0 E1 69 
              11 F0 01 
              0F 33 D0 
              C0 6F 10 
              F0 02 0F 
              08 BF 38 
              BD E0 6A 



ARM Macro Assembler    Page 104 


              21 6B 01 
              44 40 1C 
              E0 62 08 
              78 21 68 
              08 60 E0 
              6A A1 6A 
              81 42 20 
              68 C0 6F 
              1C D8 10 
              F0 04 0F 
              08 BF 38 
              BD 20 20 
              FB F7 3E 
              FE 01 46 
              20 68 42 
              68 22 F0 
              80 02 42 
              60 20 68 
              42 68 22 
              F0 02 02 
              42 60 08 
              46 FB F7 
              35 FE 84 
              F8 34 50 
              21 6A 00 
              29 08 BF 
              38 BD 2F 
              E0 0B E0 
              10 F0 02 
              0F D1 D1 
              38 BD E1 
              6A 22 6B 
              0A 44 49 
              1C E1 62 
              11 78 01 
              60 38 BD 
              40 69 10 
              F0 01 0F 
              08 BF 38 
              BD 20 68 
              01 68 E0 
              6B 22 6C 
              02 44 40 
              1C E0 63 
              11 70 E0 
              6B A1 6B 
              88 42 16 
              D3 20 20 
              FB F7 08 
              FE 01 46 
              20 68 42 
              68 22 F0 
              01 02 42 
              60 08 46 
              FB F7 04 
              FE 84 F8 
              44 50 61 
              6A 00 29 
              08 BF 38 



ARM Macro Assembler    Page 105 


              BD 20 46 
              01 B0 BD 
              E8 30 40 
              08 47 20 
              68 40 69 
              10 F0 01 
              0F D7 D1 
              38 BD 2D 
              E9 F0 41 
              04 46 00 
              68 FF F7 
              26 FE 61 
              68 00 27 
              0A 01 B0 
              FB F2 F6 
              B0 FB F2 
              F1 02 FB 
              11 00 42 
              F2 10 71 
              A0 FB 01 
              C8 07 FB 
              01 81 00 
              FB 07 11 
              3B 46 60 
              46 FB F7 
              D5 FC 00 
              22 28 4B 
              DF F8 A0 
              80 53 43 
              1B 0C 63 
              F3 0F 05 
              02 F1 01 
              0C 0C FB 
              08 FC 4F 
              EA 1C 4C 
              C3 1A 6C 
              F3 1F 45 
              71 EB 07 
              03 36 D3 
              BC EB 00 
              0C 77 EB 
              01 03 31 
              D3 AB B2 
              B0 EB 03 
              0C 61 EB 
              07 08 2B 
              0C 18 1A 
              67 EB 01 
              01 BC EB 
              00 00 78 
              EB 01 00 
              34 BF 10 
              46 50 1C 
              21 68 CA 
              68 42 F0 
              80 02 CA 
              60 21 68 
              CA 68 12 
              F0 80 0F 



ARM Macro Assembler    Page 106 


              04 BF 00 
              20 BD E8 
              F0 81 F2 
              B2 0A 60 
              22 68 C6 
              F3 07 21 
              51 60 21 
              68 D1 F8 
              C0 20 60 
              F3 03 02 
              C1 F8 C0 
              20 20 68 
              C1 68 21 
              F0 80 01 
              C1 60 01 
              20 BD E8 
              F0 81 0E 
              2A 04 BF 
              0F 20 00 
              21 52 1C 
              0F 2A AE 
              D3 D5 E7 
              00 00 71 
              02 70 B5 
              00 25 04 
              46 80 F8 
              34 50 20 
              20 FB F7 
              76 FD 01 
              46 20 68 
              42 68 22 
              F0 80 02 
              42 60 20 
              68 42 68 
              22 F0 02 
              02 42 60 
              08 46 FB 
              F7 6D FD 
              84 F8 44 
              50 20 20 
              FB F7 63 
              FD 01 46 
              20 68 42 
              68 22 F0 
              01 02 42 
              60 08 46 
              FB F7 5F 
              FD 20 68 
              22 7A C1 
              68 62 F3 
              01 01 C1 
              60 20 68 
              22 7B C1 
              68 62 F3 
              82 01 C1 
              60 A0 69 
              48 B1 20 
              68 01 69 
              41 F0 20 



ARM Macro Assembler    Page 107 


              01 01 61 
              20 68 01 
              69 41 F0 
              02 01 01 
              61 20 69 
              00 28 20 
              68 C1 68 
              04 BF 21 
              F0 08 01 
              C1 60 20 
              D0 41 F0 
              08 01 C1 
              60 20 69 
              01 28 06 
              D0 02 28 
              0E D0 03 
              28 24 D0 
              04 28 2C 
              D0 13 E0 
              20 68 C1 
              68 21 F0 
              20 01 C1 
              60 20 68 
              C1 68 21 
              F0 10 01 
              08 E0 20 
              68 C1 68 
              21 F0 20 
              01 C1 60 
              20 68 C1 
              68 41 F0 
              10 01 C1 
              60 60 69 
              40 EA C0 
              00 E0 61 
              E0 69 21 
              68 88 60 
              20 46 FF 
              F7 20 FF 
              00 28 18 
              BF 01 20 
              70 BD 20 
              68 C1 68 
              41 F0 20 
              01 C1 60 
              20 68 C1 
              68 41 F0 
              10 01 E6 
              E7 20 68 
              C1 68 41 
              F0 20 01 
              C1 60 20 
              68 C1 68 
              21 F0 10 
              01 DC E7 
              10 B5 04 
              46 90 F8 
              44 00 00 
              28 18 BF 



ARM Macro Assembler    Page 108 


              10 BD 00 
              20 21 64 
              E0 63 A2 
              63 01 20 
              84 F8 44 
              00 20 20 
              FB F7 E5 
              FC 01 46 
              20 68 42 
              68 42 F0 
              01 02 42 
              60 BD E8 
              10 40 08 
              46 FB F7 
              DF BC C3 
              69 13 F0 
              01 0F 13 
              46 A2 F1 
              01 02 0F 
              D0 00 2B 
              08 BF 70 
              47 03 68 
              D3 F8 7C 
              C0 1C F0 
              02 0F F9 
              D0 11 F8 
              01 CB C3 
              F8 00 C0 
              52 1E F3 
              D2 70 47 
              00 2B 08 
              BF 70 47 
              03 68 D3 
              F8 14 C0 
              1C F0 20 
              0F F9 D0 
              11 F8 01 
              CB C3 F8 
              00 C0 52 
              1E F3 D2 
              70 47 10 
              B5 04 46 
              90 F8 34 
              00 00 28 
              18 BF 10 
              BD 00 20 
              21 63 E0 
              62 A2 62 
              01 20 84 
              F8 34 00 
              20 20 FB 
              F7 A2 FC 
              01 46 E0 
              69 10 F0 
              01 0F 20 
              68 42 68 
              08 D0 42 
              F0 80 02 
              42 60 20 



ARM Macro Assembler    Page 109 


              68 42 68 
              42 F0 02 
              02 42 60 
              07 E0 22 
              F0 80 02 
              42 60 20 
              68 42 68 
              42 F0 02 
              02 42 60 
              BD E8 10 
              40 08 46 
              FB F7 8A 
              BC 00 00 
              2D E9 F0 
              41 15 46 
              0F 46 04 
              46 00 F0 
              77 F8 1B 
              4E 30 68 
              00 EB 84 
              00 40 6C 
              88 B9 31 
              68 01 20 
              21 44 81 
              F8 48 00 
              5D B1 01 
              21 28 46 
              FE F7 0B 
              FE 14 49 
              4F F0 80 
              50 08 60 
              BF F3 4F 
              8F BF F3 
              6F 8F 00 
              F0 71 F8 
              00 F0 5B 
              F8 30 68 
              00 EB 84 
              00 45 6C 
              00 20 55 
              B1 27 B1 
              31 68 01 
              EB 84 01 
              48 64 04 
              E0 32 68 
              69 1E 02 
              EB 84 02 
              51 64 31 
              68 21 44 
              81 F8 48 
              00 00 F0 
              58 F8 28 
              46 BD E8 
              F0 81 00 
              00 1C 1D 
              00 20 04 
              ED 00 E0 
              D0 E9 01 
              32 01 69 



ARM Macro Assembler    Page 110 


              9A 60 D0 
              E9 01 23 
              5A 60 4A 
              68 82 42 
              04 BF 82 
              68 4A 60 
              00 22 02 
              61 08 68 
              40 1E 08 
              60 08 68 
              70 47 00 
              F1 08 01 
              4F F0 FF 
              32 C0 E9 
              01 12 C1 
              60 01 61 
              00 21 01 
              60 70 47 
              00 21 01 
              61 70 47 
              10 B4 D1 
              F8 00 C0 
              BC F1 FF 
              3F 0C BF 
              02 69 00 
              F1 08 02 
              05 D0 53 
              68 1C 68 
              64 45 98 
              BF 1A 46 
              F9 D9 53 
              68 4B 60 
              99 60 8A 
              60 51 60 
              08 61 01 
              68 49 1C 
              01 60 10 
              BC 70 47 
              08 4A 20 
              21 EF F3 
              11 80 81 
              F3 11 88 
              BF F3 4F 
              8F BF F3 
              6F 8F 51 
              68 FF 29 
              08 BF 50 
              60 10 68 
              40 1C 10 
              60 70 47 
              58 1D 00 
              20 08 49 
              08 68 40 
              1E 08 60 
              18 BF 70 
              47 48 68 
              80 F3 11 
              88 BF F3 
              4F 8F BF 



ARM Macro Assembler    Page 111 


              F3 6F 8F 
              4F F0 FF 
              00 48 60 
              70 47 00 
              00 58 1D 
              00 20 01 
              F0 4C BA 
              0A 48 45 
              F6 C0 51 
              6F F0 7F 
              42 81 60 
              B2 FB F1 
              F1 C1 60 
              2D 21 01 
              61 4F F0 
              E0 20 00 
              21 01 61 
              81 61 45 
              F6 BF 51 
              41 61 07 
              21 01 61 
              70 47 58 
              1D 00 20 
              10 B5 58 
              B1 0A 49 
              0A 6B 52 
              1C 0A 63 
              00 21 FE 
              F7 59 FD 
              00 F0 A3 
              FC 00 28 
              18 BF 10 
              BD 4F F0 
              80 50 04 
              49 08 60 
              BF F3 4F 
              8F BF F3 
              6F 8F 10 
              BD 00 00 
              1C 1D 00 
              20 04 ED 
              00 E0 F0 
              B4 20 23 
              EF F3 11 
              8C 83 F3 
              11 88 BF 
              F3 4F 8F 
              BF F3 6F 
              8F 43 18 
              93 F8 48 
              40 02 25 
              83 F8 48 
              50 00 EB 
              81 01 4B 
              6C 5B 1C 
              4B 64 01 
              2C 1A D1 
              29 4C 21 
              6B 01 25 



ARM Macro Assembler    Page 112 


              D1 B1 28 
              4E 71 68 
              C1 61 8B 
              68 03 62 
              8F 68 00 
              F1 18 03 
              7B 60 8B 
              60 86 62 
              31 68 49 
              1C 31 60 
              C0 6A 21 
              68 C9 6A 
              88 42 03 
              D9 00 2A 
              18 BF 15 
              60 A5 61 
              8C F3 11 
              88 F0 BC 
              70 47 D0 
              E9 02 63 
              41 69 B3 
              60 D0 E9 
              02 36 73 
              60 4E 68 
              03 1D 9E 
              42 04 BF 
              C6 68 4E 
              60 00 26 
              46 61 0E 
              68 76 1E 
              0E 60 C1 
              6A E7 68 
              05 FA 01 
              F6 3E 43 
              E6 60 0F 
              4E 01 EB 
              81 01 06 
              EB 81 01 
              49 68 81 
              60 8F 68 
              C7 60 8F 
              68 7B 60 
              8B 60 C1 
              6A 01 EB 
              81 01 06 
              EB 81 01 
              41 61 C1 
              6A 01 EB 
              81 01 56 
              F8 21 30 
              5B 1C 46 
              F8 21 30 
              BF E7 00 
              00 1C 1D 
              00 20 20 
              20 00 20 
              94 1F 00 
              20 30 B5 
              83 B0 12 



ARM Macro Assembler    Page 113 


              48 00 25 
              CD E9 00 
              50 2B 46 
              80 22 10 
              A1 12 48 
              00 F0 44 
              FA 11 4A 
              12 4C 01 
              28 14 D1 
              20 21 EF 
              F3 11 80 
              81 F3 11 
              88 BF F3 
              4F 8F BF 
              F3 6F 8F 
              11 68 FF 
              29 08 BF 
              10 60 4F 
              F0 FF 30 
              60 62 01 
              20 20 61 
              A5 60 00 
              F0 FB F9 
              E0 6A 03 
              B0 30 BD 
              44 1D 00 
              20 49 44 
              4C 45 00 
              00 00 00 
              81 B7 FF 
              1F 5C 1D 
              00 20 1C 
              1D 00 20 
              02 49 8A 
              68 10 44 
              88 60 70 
              47 00 00 
              1C 1D 00 
              20 02 48 
              01 6B 49 
              1C 01 63 
              70 47 00 
              00 1C 1D 
              00 20 0F 
              4A 10 6B 
              00 28 1E 
              BF 01 20 
              90 61 70 
              47 00 20 
              90 61 D0 
              68 0B 49 
              B0 FA 80 
              F0 C0 F1 
              1F 00 00 
              EB 80 00 
              01 EB 80 
              00 00 F1 
              08 03 41 
              68 49 68 



ARM Macro Assembler    Page 114 


              41 60 99 
              42 04 BF 
              49 68 41 
              60 C8 68 
              10 60 70 
              47 00 00 
              1C 1D 00 
              20 94 1F 
              00 20 70 
              B5 86 B0 
              00 26 8D 
              F8 04 60 
              0E 70 9D 
              F8 04 20 
              0C 46 22 
              44 01 78 
              91 70 9D 
              F8 04 10 
              49 1C C9 
              B2 8D F8 
              04 10 05 
              78 0E 2D 
              78 D0 0A 
              DC 0E 2D 
              1C D2 DF 
              E8 05 F0 
              29 37 4F 
              66 79 1B 
              1B 1B 1B 
              1B 83 9B 
              A2 BF 35 
              2D 6B D0 
              08 DC 0F 
              2D 69 D0 
              10 2D 68 
              D0 20 2D 
              67 D0 28 
              2D 08 D1 
              31 E1 38 
              2D 7C D0 
              39 2D 7B 
              D0 3A 2D 
              7A D0 3E 
              2D 79 D0 
              01 A9 00 
              91 42 78 
              81 1C A3 
              1C 28 46 
              FC F7 77 
              FC 20 70 
              9D F8 04 
              00 60 70 
              06 B0 70 
              BD 21 44 
              82 78 8A 
              70 9D F8 
              04 10 01 
              22 49 1C 
              8D F8 04 



ARM Macro Assembler    Page 115 


              10 81 78 
              00 20 FB 
              F7 58 FA 
              55 E0 21 
              44 82 78 
              8A 70 9D 
              F8 04 10 
              49 1C C9 
              B2 8D F8 
              04 10 21 
              44 C2 78 
              8A 70 9D 
              F8 04 10 
              01 22 49 
              1C 8D F8 
              04 10 C3 
              78 81 78 
              00 20 FB 
              F7 A4 FA 
              D4 E7 03 
              79 42 88 
              63 F3 1F 
              42 43 79 
              42 EA 03 
              62 12 68 
              21 44 D0 
              F8 02 00 
              C1 F8 02 
              00 9D F8 
              04 00 00 
              1D C0 B2 
              8D F8 04 
              00 20 44 
              C0 F8 02 
              20 EA E0 
              50 F8 02 
              3F 42 68 
              1A 60 21 
              44 02 68 
              41 F8 02 
              2F 40 68 
              48 60 9D 
              F8 04 00 
              08 30 AA 
              E0 5D E0 
              DE E0 71 
              E0 86 E0 
              A8 E0 C1 
              78 4F F4 
              80 70 11 
              B1 FB F7 
              0E FB A3 
              E7 FB F7 
              07 FA A0 
              E7 41 78 
              01 29 0F 
              D0 02 29 
              10 D0 02 
              79 C1 78 



ARM Macro Assembler    Page 116 


              80 78 FB 
              F7 BA FF 
              9D F8 04 
              10 21 44 
              88 70 ED 
              E0 C7 E0 
              EF E0 F4 
              E0 FE E0 
              FF 22 00 
              21 F0 E7 
              FF 22 ED 
              E7 FB F7 
              F1 FC 9D 
              F8 04 00 
              20 44 86 
              70 DD E0 
              03 79 42 
              88 63 F3 
              1F 42 43 
              79 42 EA 
              03 62 12 
              88 21 44 
              D0 F8 02 
              00 C1 F8 
              02 00 9D 
              F8 04 00 
              00 1D C0 
              B2 8D F8 
              04 00 20 
              44 82 70 
              9D F8 04 
              00 40 1C 
              C0 B2 8D 
              F8 04 00 
              11 0A BE 
              E0 03 79 
              42 88 63 
              F3 1F 42 
              43 79 42 
              EA 03 63 
              C2 88 1A 
              80 21 44 
              D0 F8 02 
              20 C1 F8 
              02 20 C0 
              88 C8 80 
              9D F8 04 
              00 80 1D 
              4B E0 03 
              79 42 88 
              63 F3 1F 
              42 43 79 
              42 EA 03 
              62 12 78 
              21 44 D0 
              F8 02 00 
              C1 F8 02 
              00 9D F8 
              04 00 00 



ARM Macro Assembler    Page 117 


              1D C0 B2 
              8D F8 04 
              00 20 44 
              82 70 96 
              E0 02 79 
              41 88 62 
              F3 1F 41 
              42 79 41 
              EA 02 62 
              81 79 11 
              70 9D F8 
              04 10 D0 
              F8 02 20 
              21 44 C1 
              F8 02 20 
              80 79 88 
              71 9D F8 
              04 00 40 
              1D 1F E0 
              85 78 C0 
              1C 0A 2D 
              0A D0 0B 
              2D 7F F4 
              48 AF 00 
              78 FE F7 
              21 F8 9D 
              F8 04 00 
              20 44 85 
              70 71 E0 
              21 44 00 
              78 8D 70 
              9D F8 04 
              10 49 1C 
              C9 B2 62 
              18 8D F8 
              04 10 01 
              46 92 1C 
              01 F0 84 
              FF 9D F8 
              04 10 08 
              44 8D F8 
              04 00 01 
              E7 42 78 
              81 78 07 
              2A FA D1 
              50 F8 03 
              2F 02 92 
              80 88 AD 
              F8 0C 00 
              59 B1 01 
              29 F1 D1 
              35 49 41 
              F8 88 2F 
              02 AA 88 
              80 06 21 
              03 20 FB 
              F7 6A F9 
              EA E6 31 
              49 0A 60 



ARM Macro Assembler    Page 118 


              88 80 01 
              F5 D2 71 
              2E 48 FB 
              F7 56 FA 
              06 21 02 
              AA 01 20 
              F0 E7 02 
              A8 FB F7 
              31 FA 02 
              98 9D F8 
              04 10 00 
              EB 80 00 
              21 44 00 
              09 C1 F8 
              02 00 9D 
              F8 04 00 
              00 1D C9 
              E7 80 78 
              00 B1 01 
              20 FD F7 
              7C FE C8 
              E6 85 78 
              C6 78 00 
              21 15 B1 
              01 2D 04 
              D0 07 E0 
              C0 1C FF 
              F7 8B F8 
              02 E0 30 
              46 FF F7 
              27 F9 01 
              46 9D F8 
              04 00 81 
              F0 01 01 
              20 44 85 
              70 9D F8 
              04 00 40 
              1C C0 B2 
              8D F8 04 
              00 20 44 
              86 70 9D 
              F8 04 00 
              40 1C C0 
              B2 8D F8 
              04 00 20 
              44 81 70 
              9D F8 04 
              00 40 1C 
              9A E7 80 
              78 00 B1 
              01 20 FF 
              F7 65 F9 
              99 E6 85 
              78 C2 78 
              81 88 83 
              79 0D B1 
              01 20 00 
              E0 00 20 
              FD F7 74 



ARM Macro Assembler    Page 119 


              FB 8E E6 
              90 F9 02 
              00 FD F7 
              77 FF 89 
              E6 10 0E 
              00 20 88 
              12 00 20 
              0A 48 10 
              B5 01 68 
              41 F4 7F 
              01 01 60 
              01 68 41 
              F0 7F 41 
              01 60 FF 
              F7 30 FD 
              05 48 00 
              21 01 60 
              FF 21 41 
              60 FA F7 
              C3 FF 00 
              20 10 BD 
              00 00 20 
              ED 00 E0 
              58 1D 00 
              20 10 B5 
              20 20 80 
              F3 11 88 
              BF F3 4F 
              8F BF F3 
              6F 8F 00 
              F0 50 F9 
              18 B1 04 
              49 4F F0 
              80 50 08 
              60 00 20 
              80 F3 11 
              88 10 BD 
              00 00 04 
              ED 00 E0 
              2D E9 F0 
              5F 82 46 
              DD E9 0A 
              56 9B 46 
              17 46 89 
              46 90 00 
              FE F7 1D 
              FB 5F EA 
              00 08 4E 
              D0 4C 20 
              FE F7 17 
              FB 04 00 
              46 D0 6F 
              F0 03 00 
              00 EB 87 
              00 40 44 
              C4 F8 30 
              80 00 27 
              20 F0 07 
              08 B9 F1 



ARM Macro Assembler    Page 120 


              00 0F 0C 
              BF 84 F8 
              34 70 00 
              20 0D D0 
              21 18 19 
              F8 00 20 
              81 F8 34 
              20 19 F8 
              00 10 00 
              29 1C BF 
              40 1C 10 
              28 F3 D3 
              84 F8 43 
              70 05 2D 
              28 BF 04 
              25 20 1D 
              E5 62 FF 
              F7 8B FC 
              04 F1 18 
              00 FF F7 
              87 FC 24 
              61 C5 F1 
              05 01 64 
              62 A1 61 
              67 64 84 
              F8 48 70 
              5A 46 51 
              46 40 46 
              FE F7 F6 
              FA 20 60 
              00 2E 18 
              BF 34 60 
              FF F7 92 
              FC 35 4F 
              78 68 40 
              1C 78 60 
              38 68 34 
              4E 48 B1 
              38 69 38 
              B3 2C E0 
              40 46 FF 
              F7 AD FC 
              4F F0 FF 
              30 BD E8 
              F0 9F 3C 
              60 78 68 
              01 28 08 
              BF 00 25 
              1F D1 05 
              EB 85 00 
              06 EB 80 
              00 FF F7 
              4C FC 6D 
              1C 05 2D 
              F6 D3 27 
              48 FF F7 
              46 FC 27 
              48 FF F7 
              43 FC 26 



ARM Macro Assembler    Page 121 


              48 FF F7 
              40 FC 26 
              48 FF F7 
              3D FC 21 
              48 78 63 
              14 30 B8 
              63 05 E0 
              38 68 E1 
              6A C0 6A 
              88 42 98 
              BF 3C 60 
              38 6A 01 
              21 40 1C 
              38 62 E0 
              6A FA 68 
              81 40 11 
              43 F9 60 
              00 EB 80 
              00 06 EB 
              80 00 40 
              68 A0 60 
              81 68 E1 
              60 82 68 
              21 1D 51 
              60 81 60 
              E0 6A 00 
              EB 80 00 
              06 EB 80 
              01 61 61 
              56 F8 20 
              10 49 1C 
              46 F8 20 
              10 FF F7 
              4D FC 38 
              69 60 B1 
              38 68 E1 
              6A C0 6A 
              88 42 07 
              D2 0B 49 
              4F F0 80 
              50 08 60 
              BF F3 4F 
              8F BF F3 
              6F 8F 01 
              20 BD E8 
              F0 9F 00 
              00 1C 1D 
              00 20 94 
              1F 00 20 
              F8 1F 00 
              20 0C 20 
              00 20 20 
              20 00 20 
              34 20 00 
              20 04 ED 
              00 E0 2D 
              E9 F0 47 
              98 46 15 
              46 89 46 



ARM Macro Assembler    Page 122 


              04 46 01 
              26 08 9F 
              FF F7 0E 
              FC 04 EB 
              89 00 00 
              2F 1C BF 
              41 6C 39 
              60 04 EB 
              09 02 92 
              F8 48 10 
              02 23 82 
              F8 48 30 
              B8 F1 05 
              0F 10 D2 
              DF E8 08 
              F0 0F 03 
              06 0E 0A 
              00 42 6C 
              2A 43 01 
              E0 42 6C 
              52 1C 42 
              64 04 E0 
              02 29 08 
              BF 00 26 
              44 D0 45 
              64 01 29 
              41 D1 D4 
              E9 02 21 
              60 69 91 
              60 D4 E9 
              02 12 51 
              60 42 68 
              21 1D 8A 
              42 04 BF 
              E2 68 42 
              60 00 22 
              62 61 02 
              68 52 1E 
              02 60 1A 
              4D E0 6A 
              01 22 EB 
              68 82 40 
              1A 43 EA 
              60 17 4A 
              00 EB 80 
              00 02 EB 
              80 00 40 
              68 A0 60 
              83 68 E3 
              60 83 68 
              59 60 81 
              60 E0 6A 
              00 EB 80 
              00 02 EB 
              80 00 60 
              61 E0 6A 
              00 EB 80 
              00 52 F8 
              20 10 49 



ARM Macro Assembler    Page 123 


              1C 42 F8 
              20 10 FE 
              F7 DC F9 
              E0 6A 29 
              68 C9 6A 
              88 42 07 
              D9 08 49 
              4F F0 80 
              50 08 60 
              BF F3 4F 
              8F BF F3 
              6F 8F FF 
              F7 BB FB 
              30 46 BD 
              E8 F0 87 
              1C 1D 00 
              20 94 1F 
              00 20 04 
              ED 00 E0 
              2D E9 F0 
              47 43 4E 
              00 25 30 
              6B 28 B1 
              70 69 40 
              1C 70 61 
              28 46 BD 
              E8 F0 87 
              B0 68 44 
              1C B4 60 
              08 D1 70 
              6B B1 6B 
              71 63 B0 
              63 F0 69 
              40 1C F0 
              61 FE F7 
              AB F9 70 
              6A DF F8 
              E0 80 84 
              42 24 BF 
              00 27 4F 
              F0 01 09 
              0D D3 70 
              6B 00 68 
              38 B1 70 
              6B C0 68 
              C1 68 48 
              68 84 42 
              12 D2 70 
              62 02 E0 
              4F F0 FF 
              30 70 62 
              30 68 C0 
              6A 00 EB 
              80 00 58 
              F8 20 00 
              01 28 88 
              BF 01 25 
              B0 69 00 
              28 18 BF 



ARM Macro Assembler    Page 124 


              01 25 CA 
              E7 D1 E9 
              02 32 48 
              69 9A 60 
              D1 E9 02 
              23 5A 60 
              42 68 0B 
              1D 9A 42 
              04 BF CA 
              68 42 60 
              4F 61 02 
              68 52 1E 
              02 60 8A 
              6A 92 B1 
              D1 E9 07 
              0C C0 F8 
              08 C0 D1 
              E9 07 0C 
              CC F8 04 
              00 50 68 
              01 F1 18 
              0C 60 45 
              04 BF 08 
              6A 50 60 
              8F 62 10 
              68 40 1E 
              10 60 C8 
              6A D6 F8 
              0C C0 09 
              FA 00 F2 
              42 EA 0C 
              02 F2 60 
              00 EB 80 
              00 08 EB 
              80 00 40 
              68 88 60 
              82 68 CA 
              60 82 68 
              53 60 83 
              60 C8 6A 
              00 EB 80 
              00 08 EB 
              80 02 4A 
              61 58 F8 
              20 20 52 
              1C 48 F8 
              20 20 C8 
              6A 31 68 
              C9 6A 88 
              42 28 BF 
              01 25 98 
              E7 00 00 
              1C 1D 00 
              20 94 1F 
              00 20 2D 
              E9 F0 47 
              00 25 FF 
              F7 0B FB 
              42 4E 30 



ARM Macro Assembler    Page 125 


              6B 40 1E 
              30 63 30 
              6B 00 28 
              77 D1 70 
              68 00 28 
              74 D0 DF 
              F8 F8 90 
              D9 F8 00 
              00 00 27 
              01 24 00 
              28 18 BF 
              DF F8 EC 
              C0 51 D0 
              D9 F8 0C 
              00 C1 68 
              D1 E9 07 
              32 88 6A 
              9A 60 D1 
              E9 07 23 
              5A 60 42 
              68 01 F1 
              18 03 9A 
              42 04 BF 
              0A 6A 42 
              60 8F 62 
              02 68 52 
              1E 02 60 
              D1 E9 02 
              32 48 69 
              9A 60 D1 
              E9 02 23 
              5A 60 42 
              68 0B 1D 
              9A 42 04 
              BF CA 68 
              42 60 4F 
              61 02 68 
              52 1E 02 
              60 C8 6A 
              D6 F8 0C 
              80 04 FA 
              00 F2 42 
              EA 08 02 
              F2 60 00 
              EB 80 00 
              0C EB 80 
              00 42 68 
              8A 60 90 
              68 C8 60 
              90 68 43 
              60 93 60 
              C8 6A 00 
              EB 80 00 
              0C EB 80 
              02 4A 61 
              5C F8 20 
              20 52 1C 
              4C F8 20 
              20 C8 6A 



ARM Macro Assembler    Page 126 


              32 68 D2 
              6A 90 42 
              28 BF B4 
              61 D9 F8 
              00 00 00 
              28 B1 D1 
              00 29 18 
              BF FE F7 
              CA F8 D6 
              F8 14 80 
              B8 F1 00 
              0F 08 D0 
              FF F7 FF 
              FE 00 28 
              18 BF B4 
              61 B8 F1 
              01 08 F7 
              D1 77 61 
              B0 69 38 
              B1 09 49 
              01 25 28 
              07 08 60 
              BF F3 4F 
              8F BF F3 
              6F 8F FF 
              F7 9E FA 
              28 46 BD 
              E8 F0 87 
              00 00 1C 
              1D 00 20 
              20 20 00 
              20 94 1F 
              00 20 04 
              ED 00 E0 
              01 22 10 
              B5 D1 03 
              10 46 FD 
              F7 AC FF 
              02 22 C4 
              21 00 20 
              FA F7 51 
              FE 3C 4C 
              02 22 C6 
              21 A0 80 
              00 20 FA 
              F7 4A FE 
              E0 80 00 
              23 02 22 
              C4 21 18 
              46 FA F7 
              A7 FE 00 
              23 02 22 
              BD E8 10 
              40 C6 21 
              18 46 FA 
              F7 9F BE 
              70 B5 4F 
              F0 A0 44 
              4F F0 11 



ARM Macro Assembler    Page 127 


              30 E0 62 
              2E 4D 02 
              22 C4 21 
              AB 88 00 
              20 FA F7 
              92 FE EB 
              88 02 22 
              C6 21 00 
              20 FA F7 
              8C FE 00 
              F0 D3 F9 
              4F F4 80 
              40 FA F7 
              21 FF A0 
              68 40 F0 
              80 60 A0 
              60 3C 20 
              FB F7 7D 
              FB 22 49 
              80 20 81 
              F8 00 04 
              41 01 4F 
              F0 E0 20 
              C0 F8 00 
              11 00 F5 
              80 70 1D 
              4A 60 21 
              82 F8 00 
              14 4F F4 
              00 51 01 
              60 70 BD 
              00 F0 96 
              B9 10 B5 
              01 22 D6 
              21 00 20 
              FA F7 00 
              FE C4 B2 
              23 46 01 
              22 2C 21 
              00 20 FA 
              F7 5D FE 
              14 F0 40 
              0F 03 D0 
              BD E8 10 
              40 FA F7 
              00 BF BD 
              E8 10 40 
              FA F7 D4 
              BE 10 B5 
              02 22 D4 
              21 00 20 
              FA F7 E8 
              FD 84 B2 
              23 46 02 
              22 2A 21 
              00 20 FA 
              F7 45 FE 
              04 48 40 
              88 04 42 



ARM Macro Assembler    Page 128 


              18 BF 10 
              BD BD E8 
              10 40 FA 
              F7 BE BE 
              C0 1C 00 
              20 0C E0 
              00 E0 0D 
              E0 00 E0 
              10 B5 04 
              46 00 22 
              04 21 08 
              20 FA F7 
              DB FF 84 
              60 BD E8 
              10 40 00 
              21 FA F7 
              E9 BF 00 
              00 A0 F5 
              37 02 4F 
              F0 A0 41 
              B2 F5 D8 
              52 17 D0 
              A0 F1 B7 
              72 B2 F5 
              58 52 1B 
              D0 A0 F1 
              37 72 B2 
              F5 D8 42 
              18 BF 70 
              47 0A 68 
              22 F0 30 
              02 10 32 
              0A 60 CA 
              69 22 F0 
              3F 02 18 
              32 CA 61 
              54 49 08 
              60 70 47 
              0A 68 42 
              F0 30 02 
              0A 60 CA 
              69 22 F0 
              3F 02 0C 
              32 F2 E7 
              0A 68 22 
              F0 30 02 
              0A 60 CA 
              69 22 F0 
              3F 02 18 
              32 CA 61 
              E9 E7 49 
              48 00 68 
              70 47 82 
              B0 00 20 
              00 F0 95 
              F8 C3 23 
              01 22 08 
              21 00 20 
              FA F7 E9 



ARM Macro Assembler    Page 129 


              FD 00 22 
              40 F2 AA 
              51 4F F4 
              7A 70 00 
              F0 AE F8 
              01 22 EC 
              21 00 20 
              FA F7 79 
              FD C5 B2 
              05 F0 F0 
              03 01 22 
              EC 21 00 
              20 FA F7 
              D5 FD 0A 
              20 FD F7 
              9A FE FF 
              23 01 22 
              C2 21 00 
              20 FA F7 
              CC FD FF 
              23 01 22 
              C1 21 00 
              20 FA F7 
              C6 FD 00 
              23 01 22 
              C0 21 18 
              46 FA F7 
              C0 FD 4F 
              F0 A0 44 
              2E 4E 26 
              61 FA F7 
              69 FE 20 
              68 40 F0 
              02 00 20 
              60 20 68 
              40 F0 04 
              00 20 60 
              A0 68 40 
              F0 80 70 
              A0 60 A0 
              68 40 F0 
              04 00 A0 
              60 A0 68 
              40 F0 00 
              70 A0 60 
              FF 23 01 
              22 C0 21 
              00 20 FA 
              F7 A0 FD 
              4F F6 FF 
              73 02 22 
              C4 21 00 
              20 FA F7 
              99 FD 4F 
              F6 FF 73 
              02 22 C6 
              21 00 20 
              FA F7 92 
              FD 01 20 



ARM Macro Assembler    Page 130 


              00 F0 35 
              F8 2B 46 
              01 22 EC 
              21 00 20 
              FA F7 89 
              FD 55 23 
              01 22 08 
              21 00 20 
              FA F7 83 
              FD 3F 20 
              FD F7 48 
              FE 26 61 
              A0 00 81 
              69 41 F0 
              02 01 81 
              61 C1 69 
              11 F0 02 
              0F FB D0 
              00 20 00 
              90 40 1C 
              00 90 B0 
              F5 FA 6F 
              FA D3 BF 
              F3 4F 8F 
              07 48 01 
              68 07 4A 
              01 F4 E0 
              61 11 43 
              01 60 BF 
              F3 4F 8F 
              00 BF FD 
              E7 D8 1C 
              00 20 00 
              1C 00 04 
              0C ED 00 
              E0 04 00 
              FA 05 10 
              B5 04 46 
              01 22 A5 
              21 00 20 
              FA F7 EF 
              FC 00 F0 
              0F 01 0D 
              48 5C B1 
              00 78 01 
              22 00 F0 
              F0 00 40 
              EA 01 03 
              A5 21 BD 
              E8 10 40 
              00 20 FA 
              F7 43 BD 
              40 78 01 
              22 00 F0 
              F0 00 40 
              EA 01 03 
              A5 21 BD 
              E8 10 40 
              00 20 FA 



ARM Macro Assembler    Page 131 


              F7 37 BD 
              00 00 D8 
              F0 00 20 
              2D E9 F0 
              41 2C 4D 
              82 B0 16 
              46 0F 46 
              03 46 69 
              46 01 A8 
              2A 68 00 
              F0 71 FA 
              DF F8 A0 
              80 DD E9 
              00 10 42 
              46 00 F0 
              BB FA 40 
              1C C0 F3 
              47 04 60 
              1E 10 28 
              D8 BF 12 
              24 02 DD 
              20 2C 88 
              BF 20 24 
              A0 1E 40 
              F0 20 03 
              01 22 7F 
              21 00 20 
              FA F7 0E 
              FD 64 1E 
              44 F0 A0 
              03 01 22 
              6F 21 00 
              20 FA F7 
              06 FD 44 
              F0 20 03 
              01 22 80 
              21 00 20 
              FA F7 FF 
              FC 3B 46 
              69 46 01 
              A8 2A 68 
              00 F0 42 
              FA DD E9 
              00 10 42 
              46 00 F0 
              8E FA 03 
              46 02 22 
              0A 21 00 
              20 FA F7 
              EE FC 33 
              46 69 46 
              01 A8 2A 
              68 00 F0 
              31 FA DD 
              E9 00 10 
              42 46 00 
              F0 7D FA 
              04 46 03 
              46 04 22 



ARM Macro Assembler    Page 132 


              0C 21 00 
              20 FA F7 
              DC FC 02 
              B0 20 46 
              BD E8 F0 
              81 1C 04 
              00 20 40 
              42 0F 00 
              10 B5 4F 
              F4 00 61 
              01 20 FD 
              F7 1C FE 
              01 20 00 
              F0 1B FA 
              20 48 00 
              68 C0 6F 
              10 F0 08 
              0F 06 D0 
              4F F4 00 
              61 01 20 
              FD F7 F9 
              FD 00 20 
              10 BD 4F 
              F4 00 71 
              01 20 FD 
              F7 07 FE 
              01 20 10 
              BD 10 B5 
              4F F4 20 
              61 01 20 
              FD F7 EA 
              FD 4F F0 
              A0 40 81 
              68 41 F4 
              00 61 81 
              60 10 48 
              FE F7 EE 
              FE 0E 49 
              08 68 02 
              69 42 F0 
              20 02 02 
              61 08 68 
              02 69 42 
              F0 02 02 
              02 61 08 
              68 02 69 
              42 F0 02 
              02 02 61 
              08 68 41 
              68 41 F0 
              01 01 41 
              60 05 49 
              40 20 81 
              F8 00 04 
              08 20 C9 
              1E C1 F8 
              00 01 10 
              BD 4C 1F 
              00 20 03 



ARM Macro Assembler    Page 133 


              E0 00 E0 
              01 20 70 
              47 70 47 
              70 47 70 
              47 2D E9 
              F0 4F DB 
              49 87 B0 
              88 42 88 
              BF 08 46 
              72 B6 BF 
              F3 4F 8F 
              BF F3 6F 
              8F 4F F0 
              E0 25 29 
              69 21 F0 
              01 01 29 
              61 4F F4 
              FA 61 48 
              43 02 90 
              02 A8 01 
              F0 09 F8 
              07 46 FB 
              F7 91 FB 
              00 28 18 
              BF 00 2F 
              03 D0 02 
              99 B1 F5 
              FA 6F 07 
              DA 28 69 
              40 F0 01 
              00 28 61 
              62 B6 07 
              B0 BD E8 
              F0 8F 4F 
              F4 FA 60 
              91 FB F0 
              F6 00 24 
              DF F8 10 
              A3 03 2E 
              2B DB 01 
              2F 29 D0 
              FF F7 DC 
              FD 30 B3 
              A8 69 DA 
              F8 00 10 
              A1 EB 00 
              09 03 A9 
              01 A8 FA 
              F7 F2 FC 
              01 24 FF 
              F7 03 F9 
              FF F7 79 
              FD 04 A9 
              68 46 FA 
              F7 E9 FC 
              DD E9 00 
              23 BD F8 
              10 10 BD 
              F8 0C 00 



ARM Macro Assembler    Page 134 


              A2 EB 03 
              02 81 42 
              74 D3 22 
              F0 70 42 
              40 F2 71 
              23 08 1A 
              5A 43 02 
              99 10 44 
              08 1A 02 
              90 76 E0 
              4F F4 7A 
              70 06 FB 
              00 F1 B1 
              FB F0 F0 
              AA 49 09 
              68 88 42 
              88 BF 08 
              46 A9 69 
              DA F8 00 
              20 43 1E 
              02 FB 03 
              11 A6 4A 
              12 68 91 
              42 88 BF 
              89 1A 69 
              61 00 22 
              AA 61 2A 
              69 42 F0 
              01 02 2A 
              61 BF F3 
              4F 8F 30 
              BF BF F3 
              6F 8F 06 
              22 2A 61 
              2A 69 12 
              F4 80 3F 
              0C D0 AA 
              69 00 2A 
              0F BF DA 
              F8 00 10 
              89 1A DA 
              F8 00 20 
              51 1A 49 
              1E 69 61 
              40 1E 0A 
              E0 DA F8 
              00 10 AA 
              69 48 43 
              82 1A B2 
              FB F1 F0 
              43 1C 59 
              43 89 1A 
              69 61 00 
              21 A9 61 
              29 69 41 
              F0 01 01 
              29 61 FF 
              F7 98 F8 
              DA F8 00 



ARM Macro Assembler    Page 135 


              00 40 1E 
              68 61 74 
              B1 FF F7 
              32 FD 01 
              22 10 21 
              00 20 FA 
              F7 68 FB 
              C0 F3 46 
              00 43 00 
              01 22 10 
              21 00 20 
              FA F7 C4 
              FB 62 B6 
              00 2C 04 
              BF 07 B0 
              BD E8 F0 
              8F FF F7 
              3A FF FF 
              F7 68 FC 
              07 B0 BD 
              E8 F0 8F 
              FF E7 52 
              1E 22 F0 
              70 42 40 
              F2 71 23 
              08 1A 5A 
              43 10 44 
              02 99 00 
              F2 71 20 
              08 1A 02 
              90 A0 F2 
              A4 60 40 
              F6 E4 41 
              02 90 88 
              42 00 DA 
              FE E7 00 
              20 FF F7 
              44 FE DF 
              F8 B8 B1 
              DB F8 00 
              80 6D 48 
              07 68 02 
              98 40 F2 
              AA 51 42 
              10 4F F4 
              7A 70 FF 
              F7 5C FE 
              05 90 01 
              22 EC 21 
              00 20 FA 
              F7 26 FB 
              C6 B2 06 
              F0 F0 03 
              01 22 EC 
              21 00 20 
              FA F7 82 
              FB 05 98 
              04 22 00 
              F5 48 63 



ARM Macro Assembler    Page 136 


              13 21 00 
              20 FA F7 
              7A FB 01 
              22 10 21 
              00 20 FA 
              F7 11 FB 
              C0 B2 40 
              F0 01 03 
              01 22 10 
              21 00 20 
              FA F7 6D 
              FB 01 22 
              C7 21 00 
              20 FA F7 
              04 FB C0 
              F3 85 00 
              83 00 01 
              22 C7 21 
              00 20 FA 
              F7 60 FB 
              C3 23 01 
              22 08 21 
              00 20 FA 
              F7 5A FB 
              FF 23 01 
              22 C2 21 
              00 20 FA 
              F7 54 FB 
              FF 23 01 
              22 C1 21 
              00 20 FA 
              F7 4E FB 
              00 23 01 
              22 C0 21 
              18 46 FA 
              F7 48 FB 
              FA F7 F5 
              FB 4F F0 
              A0 40 01 
              68 41 F0 
              02 01 01 
              60 01 68 
              41 F0 04 
              01 01 60 
              81 68 41 
              F0 80 71 
              81 60 81 
              68 41 F0 
              04 01 81 
              60 81 68 
              41 F0 00 
              71 81 60 
              FF 23 01 
              22 C0 21 
              00 20 FA 
              F7 2A FB 
              01 20 FF 
              F7 CD FD 
              FA F7 DE 



ARM Macro Assembler    Page 137 


              FB FA F7 
              E1 FB 33 
              46 01 22 
              EC 21 00 
              20 FA F7 
              1D FB AD 
              23 01 22 
              08 21 00 
              20 FA F7 
              17 FB CB 
              F8 00 80 
              2B 48 07 
              60 FF F7 
              1B FD FF 
              F7 E7 FC 
              29 48 00 
              F0 87 FA 
              62 B6 FA 
              F7 CC FB 
              00 28 FB 
              D1 72 B6 
              04 A9 68 
              46 FA F7 
              B6 FB DD 
              E9 00 23 
              BD F8 0C 
              10 BD F8 
              10 00 A2 
              EB 03 02 
              81 42 0A 
              D9 52 1E 
              22 F0 70 
              42 40 F2 
              71 23 5A 
              43 40 1A 
              10 44 00 
              F2 71 20 
              06 E0 22 
              F0 70 42 
              40 F2 71 
              23 5A 43 
              40 1A 10 
              44 41 08 
              4F F4 7A 
              73 B1 FB 
              F3 F0 B1 
              FB F3 F2 
              03 FB 12 
              11 59 43 
              B1 FB F3 
              F1 DA F8 
              00 20 58 
              43 51 43 
              B1 FB F3 
              F1 B0 FB 
              F3 F0 49 
              44 91 42 
              24 BF 89 
              1A 40 1C 



ARM Macro Assembler    Page 138 


              06 23 2B 
              61 51 1A 
              49 1E E6 
              E6 40 42 
              0F 00 60 
              1D 00 20 
              64 1D 00 
              20 68 1D 
              00 20 08 
              ED 00 E0 
              20 ED 00 
              E0 78 19 
              00 20 01 
              38 FD D1 
              70 47 30 
              B5 A2 FB 
              03 45 04 
              60 0D 60 
              30 BD 00 
              00 00 28 
              08 BF 70 
              47 38 B5 
              04 46 FF 
              F7 B3 FC 
              30 49 B0 
              FB F1 F0 
              C1 B2 4F 
              F4 C8 70 
              60 43 00 
              90 18 29 
              08 BF 40 
              00 0C D0 
              30 29 08 
              BF 80 00 
              08 D0 60 
              29 08 BF 
              C0 00 04 
              D0 AB 20 
              48 43 00 
              99 C0 0A 
              48 43 00 
              90 BD E8 
              38 40 FF 
              F7 D1 BF 
              00 28 08 
              BF 70 47 
              38 B5 04 
              46 FF F7 
              8E FC 1D 
              49 B0 FB 
              F1 F0 C1 
              B2 04 EB 
              84 00 C0 
              00 00 90 
              18 29 08 
              BF 40 00 
              0C D0 30 
              29 08 BF 
              80 00 08 



ARM Macro Assembler    Page 139 


              D0 60 29 
              08 BF C0 
              00 04 D0 
              AB 20 48 
              43 00 99 
              C0 0A 48 
              43 00 90 
              BD E8 38 
              40 FF F7 
              AC BF B0 
              FB F2 FC 
              00 29 04 
              BF 60 46 
              70 47 30 
              B4 4F F0 
              FF 33 B3 
              FB F2 F4 
              B3 FB F2 
              F5 02 FB 
              15 33 B0 
              FB F2 F5 
              02 FB 15 
              00 5B 1C 
              01 FB 03 
              00 B0 FB 
              F2 F0 60 
              44 04 FB 
              01 00 30 
              BC 70 47 
              00 00 40 
              42 0F 00 
              2D E9 F8 
              43 07 46 
              07 98 00 
              90 C8 1C 
              20 F0 03 
              00 00 24 
              00 F1 0C 
              06 14 2E 
              38 BF 14 
              26 20 20 
              FA F7 F9 
              F9 DF F8 
              DC 81 00 
              22 84 46 
              58 F8 27 
              50 00 2D 
              1C BF 74 
              48 06 F1 
              14 03 03 
              D0 29 68 
              81 42 01 
              D0 FE E7 
              FE E7 69 
              68 0A 44 
              B1 42 0C 
              D3 8B 42 
              04 D9 D5 
              F8 10 90 



ARM Macro Assembler    Page 140 


              B9 F1 00 
              0F 05 D0 
              1C B1 D4 
              F8 04 90 
              89 45 00 
              D9 2C 46 
              ED 68 00 
              2D E6 D1 
              00 2C 1C 
              BF 60 68 
              98 42 38 
              BF 06 46 
              08 EB 87 
              00 81 68 
              89 1A 01 
              61 2C B1 
              31 44 01 
              61 82 69 
              8A 42 38 
              BF 81 61 
              00 21 08 
              46 08 EB 
              80 02 40 
              1C 12 69 
              C0 B2 11 
              44 02 28 
              F7 D3 D8 
              F8 20 00 
              81 42 88 
              BF C8 F8 
              20 10 64 
              B1 60 68 
              B0 42 0B 
              D1 20 69 
              40 B1 E1 
              68 C1 60 
              E0 68 00 
              28 1C BF 
              21 69 01 
              61 04 E0 
              FE E7 FE 
              E7 80 1B 
              60 60 04 
              44 4C 48 
              E4 E8 02 
              06 00 98 
              44 F8 04 
              0B 60 46 
              FA F7 9B 
              F9 00 2D 
              04 BF 20 
              46 BD E8 
              F8 83 FE 
              E7 2D E9 
              F8 43 5F 
              EA 00 08 
              07 98 4F 
              F0 00 06 
              00 90 07 



ARM Macro Assembler    Page 141 


              D0 58 F8 
              0C 0C 3F 
              49 A8 F1 
              0C 05 88 
              42 01 D0 
              FE E7 FE 
              E7 3C 48 
              28 60 6F 
              68 00 98 
              A8 60 00 
              24 20 20 
              FA F7 75 
              F9 35 4A 
              03 46 02 
              EB 86 00 
              52 F8 26 
              10 80 68 
              88 45 05 
              D3 01 EB 
              00 0C E0 
              45 98 BF 
              0C 46 01 
              D9 70 1C 
              C6 B2 02 
              2E 02 D2 
              00 2C EC 
              D0 00 E0 
              2C B1 A0 
              45 84 BF 
              00 20 29 
              49 01 D8 
              FE E7 FE 
              E7 D4 F8 
              00 C0 8C 
              45 00 D0 
              FE E7 D4 
              F8 04 C0 
              A4 44 AC 
              45 14 D1 
              60 68 C1 
              19 61 60 
              E0 68 01 
              EB 04 0C 
              60 45 2F 
              D1 D0 F8 
              04 C0 61 
              44 61 60 
              30 B1 C1 
              68 E1 60 
              C0 68 00 
              28 18 BF 
              04 61 23 
              E0 FE E7 
              A5 42 15 
              D2 78 B1 
              C5 60 29 
              60 28 61 
              E8 19 A0 
              42 0A D1 



ARM Macro Assembler    Page 142 


              E0 68 E8 
              60 E0 68 
              00 28 18 
              BF 05 61 
              60 68 38 
              44 68 60 
              0F E0 FE 
              E7 EC 60 
              25 61 6F 
              60 0A E0 
              20 46 E4 
              68 00 2C 
              C4 D1 29 
              60 A4 46 
              C5 60 C5 
              E9 03 C0 
              C5 E9 00 
              17 02 EB 
              86 00 01 
              69 C9 1B 
              01 61 18 
              46 BD E8 
              F8 43 FA 
              F7 10 B9 
              00 00 48 
              E8 00 20 
              5A A5 5A 
              A5 38 83 
              38 83 0F 
              F0 0F F0 
              4F F0 80 
              41 08 6B 
              40 F0 07 
              00 08 63 
              70 47 10 
              B5 3A 4C 
              E0 78 D8 
              B1 00 23 
              04 22 0C 
              21 18 46 
              FA F7 2D 
              F9 55 23 
              01 22 08 
              21 00 20 
              FA F7 27 
              F9 00 20 
              FD F7 EC 
              F9 01 22 
              C7 21 00 
              20 FA F7 
              BB F8 C0 
              B2 40 F0 
              03 03 01 
              22 C7 21 
              00 20 FA 
              F7 17 F9 
              2C 48 00 
              68 E0 62 
              2B 48 00 



ARM Macro Assembler    Page 143 


              68 20 63 
              10 BD 10 
              B5 10 B1 
              02 28 1A 
              D0 1F E0 
              4F F0 A0 
              40 81 68 
              41 F4 40 
              01 81 60 
              25 49 01 
              61 21 49 
              21 4A C8 
              6A 10 60 
              08 6B 20 
              49 08 60 
              88 13 81 
              03 C8 60 
              20 49 08 
              68 40 F0 
              03 00 08 
              60 00 F0 
              6A F9 05 
              E0 1D 49 
              4F F0 80 
              30 08 60 
              09 1D 08 
              60 00 20 
              10 BD 10 
              B5 19 4C 
              20 E0 B1 
              FA 81 F0 
              C0 F1 1F 
              00 C0 B2 
              07 28 01 
              D0 08 28 
              12 D1 8A 
              07 01 D5 
              01 20 0E 
              E0 0A 07 
              01 D5 03 
              20 0A E0 
              CA 06 01 
              D5 04 20 
              06 E0 8A 
              06 01 D5 
              05 20 02 
              E0 49 06 
              00 D5 06 
              20 04 EB 
              80 00 40 
              68 00 B1 
              80 47 21 
              68 00 29 
              DB D1 10 
              BD 00 00 
              70 1D 00 
              20 0C 08 
              00 40 0C 
              04 00 40 



ARM Macro Assembler    Page 144 


              00 1C 00 
              04 50 05 
              00 40 18 
              E4 00 E0 
              14 19 00 
              20 30 B5 
              25 46 0B 
              4C 74 45 
              0A D1 03 
              9C 95 F8 
              9A 10 22 
              46 00 F0 
              15 F8 00 
              2C 08 BF 
              95 F9 A1 
              00 06 E0 
              05 4C 74 
              45 03 D1 
              95 F8 92 
              10 04 4A 
              50 54 40 
              B2 30 BD 
              00 00 23 
              4A 03 00 
              1B F9 01 
              00 56 1E 
              00 20 10 
              B5 00 2A 
              01 D0 FC 
              F7 75 F9 
              10 BD 4F 
              F0 80 41 
              08 6B 40 
              F0 07 00 
              08 63 70 
              47 70 B5 
              02 46 5A 
              48 50 61 
              5A 48 40 
              78 82 F8 
              2C 00 FD 
              F7 FD FD 
              82 F8 2D 
              00 FD F7 
              F9 FD 82 
              F8 2E 00 
              55 48 D0 
              61 55 48 
              90 61 55 
              48 90 60 
              55 48 D0 
              60 55 48 
              10 61 55 
              48 90 62 
              4F F0 80 
              40 00 24 
              04 67 4F 
              F4 81 51 
              41 67 51 



ARM Macro Assembler    Page 145 


              48 01 68 
              41 F4 40 
              01 01 60 
              50 4D 28 
              78 18 B1 
              94 23 14 
              22 19 46 
              02 E0 4A 
              23 0A 22 
              19 46 00 
              20 FA F7 
              80 FA 48 
              49 4A 48 
              0C 31 08 
              60 09 1D 
              08 60 09 
              1D 40 F6 
              4A 20 08 
              60 43 48 
              29 78 18 
              30 09 B1 
              44 49 00 
              E0 44 49 
              01 60 3F 
              49 40 F2 
              03 60 1C 
              31 08 60 
              09 1D 41 
              48 08 60 
              09 1D 41 
              48 08 60 
              41 48 01 
              68 21 F0 
              3F 01 41 
              F0 12 01 
              01 60 38 
              48 3D 49 
              12 30 A8 
              39 08 60 
              3B 48 40 
              F2 04 71 
              A4 38 01 
              60 38 49 
              BC 39 0A 
              68 6F F3 
              0D 02 42 
              F0 40 02 
              0A 60 0A 
              68 22 F4 
              70 22 42 
              F4 E0 22 
              0A 60 01 
              68 21 F4 
              FE 41 41 
              F4 10 61 
              01 60 01 
              68 21 F0 
              7F 01 41 
              F0 06 01 



ARM Macro Assembler    Page 146 


              01 60 01 
              68 64 F3 
              1F 61 01 
              60 29 49 
              2A 48 B8 
              39 08 60 
              00 F0 D8 
              F9 28 78 
              00 28 22 
              D0 1E 48 
              00 1D 01 
              68 21 F0 
              03 21 41 
              F0 01 21 
              01 60 23 
              48 01 68 
              6F F3 08 
              01 41 F0 
              C8 01 01 
              60 FF F7 
              F4 F9 1F 
              4A 4F F0 
              A0 41 80 
              18 0D D0 
              80 18 02 
              D0 52 00 
              D0 42 07 
              D1 C8 69 
              20 F0 3F 
              00 C8 61 
              C8 69 40 
              F0 0C 00 
              C8 61 70 
              BD C8 69 
              20 F0 3F 
              00 C8 61 
              C8 69 40 
              F0 06 00 
              F5 E7 00 
              00 81 C0 
              FF 1F 48 
              1E 00 20 
              C9 E2 FF 
              1F 21 C0 
              FF 1F B5 
              C0 FF 1F 
              21 C1 FF 
              1F 95 C1 
              FF 1F 15 
              E3 FF 1F 
              78 08 00 
              40 72 1D 
              00 20 4A 
              0A 4A 00 
              06 0C 0B 
              00 04 07 
              08 00 02 
              32 22 11 
              02 00 22 



ARM Macro Assembler    Page 147 


              11 34 05 
              00 40 02 
              39 00 39 
              10 0A 00 
              40 00 E5 
              48 FF 3E 
              B5 04 46 
              68 46 FA 
              F7 2A F8 
              9D E8 0E 
              00 84 E8 
              0E 00 3E 
              BD 10 B5 
              40 F2 BD 
              10 80 47 
              C0 B2 10 
              BD 10 B5 
              1E F0 04 
              0F 06 BF 
              EF F3 08 
              84 08 34 
              EF F3 09 
              84 A0 69 
              01 49 88 
              47 A0 61 
              10 BD 4F 
              E5 FF 1F 
              2D E9 F0 
              41 20 4E 
              1F 48 10 
              25 70 60 
              1F 4F 00 
              24 57 F8 
              34 00 18 
              B1 22 46 
              00 21 00 
              F0 1E F8 
              64 1C E4 
              B2 AC 42 
              F4 D3 30 
              68 40 F0 
              03 00 30 
              60 BD E8 
              F0 81 10 
              B5 10 22 
              15 4B 00 
              21 53 F8 
              31 40 84 
              42 03 D0 
              49 1C C9 
              B2 91 42 
              F7 D3 91 
              42 03 D0 
              03 EB C1 
              00 40 68 
              10 BD 00 
              20 10 BD 
              10 B5 A0 
              F5 8E 33 



ARM Macro Assembler    Page 148 


              F4 3B 00 
              D1 0A 48 
              93 00 07 
              4A 1A 44 
              93 68 09 
              4C 23 40 
              E4 1F 20 
              40 03 43 
              43 EA 81 
              70 40 F0 
              01 00 90 
              60 10 BD 
              80 1C 00 
              20 00 20 
              00 E0 70 
              1E 00 20 
              F2 1C 01 
              00 03 00 
              00 20 70 
              B5 01 46 
              DF F8 04 
              E0 70 47 
              00 00 49 
              17 01 00 
              2D E9 F0 
              5F 80 46 
              D0 1C 20 
              F0 03 09 
              0A 98 06 
              26 C0 1C 
              20 F0 03 
              05 06 FB 
              09 F0 2D 
              1D 06 FB 
              05 00 93 
              46 2B 18 
              40 F6 78 
              01 03 22 
              34 46 8B 
              42 01 D8 
              28 44 07 
              24 09 EB 
              00 03 8B 
              42 01 D8 
              48 44 07 
              26 2B 18 
              8B 42 44 
              F2 A5 6E 
              70 47 00 
              00 00 28 
              0D D0 10 
              F8 92 2F 
              40 78 50 
              B1 02 EB 
              42 01 68 
              4A 00 20 
              12 88 02 
              EB 41 11 
              67 4A 11 



ARM Macro Assembler    Page 149 


              44 08 85 
              70 47 47 
              F2 D5 43 
              01 21 10 
              46 18 47 
              00 28 09 
              D0 10 F8 
              92 2F 40 
              78 00 28 
              04 D1 47 
              F2 D5 43 
              01 21 10 
              46 18 47 
              70 47 38 
              B5 06 21 
              04 9C 0B 
              46 00 94 
              FF F7 B0 
              FF 38 BD 
              59 48 C1 
              68 09 68 
              19 B9 00 
              69 00 68 
              00 28 00 
              D0 01 20 
              70 47 55 
              49 52 4A 
              00 20 09 
              88 00 EB 
              40 03 01 
              EB C3 03 
              13 44 5B 
              89 2B B1 
              40 1C C0 
              B2 04 28 
              F4 D3 01 
              20 70 47 
              00 20 70 
              47 4C 48 
              10 B5 4C 
              49 90 F8 
              AC 01 49 
              79 40 1C 
              B0 FB F1 
              F0 44 48 
              44 49 00 
              88 16 31 
              44 18 FF 
              F7 DD FF 
              00 28 34 
              F8 C0 0F 
              02 D0 40 
              F4 00 60 
              01 E0 20 
              F4 00 60 
              20 80 10 
              BD 10 B5 
              02 20 F9 
              F7 6F FF 



ARM Macro Assembler    Page 150 


              00 28 03 
              D0 BD E8 
              10 40 F9 
              F7 6E BF 
              10 BD 70 
              B5 00 24 
              B8 B1 90 
              F8 A1 10 
              90 F8 92 
              00 01 EB 
              40 02 D2 
              B2 61 B1 
              00 21 01 
              EB 40 00 
              C5 B2 10 
              46 FA F7 
              EE FD 30 
              B1 28 46 
              FA F7 EA 
              FD 10 B1 
              02 E0 01 
              21 F1 E7 
              01 24 20 
              46 70 BD 
              70 B5 28 
              49 49 68 
              51 F8 20 
              40 94 F8 
              95 00 04 
              28 3D D0 
              70 BD 94 
              F8 A2 00 
              94 F8 92 
              10 00 EB 
              41 00 C5 
              B2 04 F1 
              44 00 F9 
              F7 28 FE 
              00 28 F1 
              D0 21 4B 
              05 EB 45 
              01 1B 4D 
              1A 88 02 
              EB 81 02 
              2A 44 56 
              88 26 F0 
              78 06 46 
              F0 18 06 
              56 80 1E 
              88 82 79 
              06 EB 81 
              06 D2 00 
              2E 44 42 
              F0 07 02 
              B2 80 1A 
              88 80 88 
              02 EB 81 
              02 2A 44 
              10 81 18 



ARM Macro Assembler    Page 151 


              88 00 EB 
              81 00 28 
              44 01 88 
              21 F4 00 
              41 01 80 
              94 F8 A2 
              00 60 B1 
              00 20 84 
              F8 A2 00 
              94 F8 A3 
              00 40 1C 
              84 F8 A3 
              00 94 F8 
              A3 00 02 
              28 BE D3 
              70 BD 01 
              20 F1 E7 
              00 00 B8 
              04 00 20 
              00 00 01 
              40 F8 1E 
              00 20 BA 
              04 00 20 
              88 12 00 
              20 E0 05 
              00 20 BC 
              04 00 20 
              F0 B5 83 
              48 00 21 
              01 70 81 
              4A 0F 20 
              D2 1C 10 
              70 03 23 
              50 1C 03 
              70 36 20 
              12 1D 10 
              70 54 20 
              92 1C 10 
              70 CC 20 
              D2 1C 10 
              70 55 20 
              52 1C 10 
              70 78 48 
              63 22 13 
              30 02 70 
              76 4C A3 
              20 14 34 
              20 70 FF 
              20 64 1C 
              20 70 64 
              1C 20 70 
              71 4D 2A 
              24 19 35 
              2C 70 6F 
              4D 3F 24 
              2E 35 2C 
              70 6D 4D 
              06 24 1B 
              35 2C 70 



ARM Macro Assembler    Page 152 


              EC 1C 20 
              70 64 1C 
              20 70 50 
              20 E4 1C 
              20 70 85 
              20 64 1C 
              20 70 62 
              20 64 1C 
              20 70 20 
              20 64 1C 
              20 70 A0 
              1C 01 70 
              C0 1C 02 
              70 40 1C 
              02 70 80 
              1C 03 70 
              5F 4A 64 
              20 33 32 
              10 70 2D 
              20 52 1C 
              10 70 05 
              20 52 1C 
              10 70 D2 
              1C 10 70 
              37 20 52 
              1C 10 70 
              D2 1C 58 
              48 10 60 
              12 1D 58 
              48 10 60 
              12 1D 40 
              F2 03 20 
              10 60 12 
              1D 55 48 
              10 60 10 
              1D 01 60 
              00 1D 01 
              60 4F 4A 
              53 48 54 
              32 10 60 
              12 1D 40 
              F2 02 20 
              10 60 12 
              1D 50 48 
              10 60 4A 
              4A 4F 48 
              6C 32 10 
              60 48 48 
              3C 23 7A 
              30 03 70 
              46 4A E0 
              20 7B 32 
              10 70 44 
              48 10 22 
              78 30 02 
              70 42 4D 
              04 24 3B 
              35 2C 70 
              01 25 44 



ARM Macro Assembler    Page 153 


              1C 25 70 
              02 70 3E 
              48 09 22 
              3A 30 02 
              70 43 48 
              08 26 C0 
              F8 84 60 
              2C 02 04 
              82 84 15 
              04 82 40 
              24 04 82 
              F8 24 04 
              83 4E F2 
              08 04 84 
              80 43 24 
              A0 F8 20 
              42 47 F6 
              08 14 A0 
              F8 44 42 
              48 F2 62 
              04 A0 F8 
              54 42 37 
              4C DF F8 
              B8 C0 AC 
              F1 03 0C 
              67 78 8C 
              F8 00 70 
              DF F8 AC 
              C0 A7 78 
              0C F1 69 
              0C 8C F8 
              00 70 DF 
              F8 9C C0 
              80 27 AC 
              F1 01 0C 
              8C F8 00 
              70 A0 F8 
              C0 10 4F 
              F4 01 47 
              A0 F8 C4 
              70 A0 F8 
              00 13 4F 
              F4 02 41 
              A0 F8 04 
              13 28 49 
              26 4F C1 
              F8 44 72 
              45 F2 D0 
              47 A0 F8 
              58 72 4F 
              F4 FE 47 
              A0 F8 64 
              72 A0 F8 
              C4 32 4F 
              F4 EC 63 
              A0 F8 80 
              32 20 48 
              C1 F8 C4 
              02 C1 F8 



ARM Macro Assembler    Page 154 


              CC 22 42 
              20 C1 F8 
              D4 02 C1 
              F8 DC 62 
              1C 48 C1 
              F8 1C 03 
              1B 48 C1 
              F8 20 03 
              1B 48 C1 
              F8 68 03 
              1A 48 C1 
              F8 6C 03 
              1A 48 C1 
              F8 0C 02 
              28 04 C1 
              F8 10 02 
              C8 02 01 
              69 17 4A 
              11 43 01 
              61 20 78 
              18 B9 00 
              20 FD F7 
              59 F8 25 
              70 14 49 
              13 48 08 
              60 F0 BD 
              04 04 0A 
              50 F0 FC 
              E9 DC C0 
              80 4E 00 
              04 05 09 
              0A 01 02 
              03 02 0D 
              0E 0F 0F 
              00 00 06 
              06 00 00 
              0B 50 0C 
              1F 00 20 
              55 1D AB 
              1A 00 00 
              0A 50 DF 
              02 3F 00 
              06 00 66 
              00 42 00 
              41 41 03 
              02 07 C0 
              00 10 60 
              04 4A 00 
              01 00 00 
              9C 00 04 
              85 BF FF 
              1F 78 19 
              00 20 70 
              47 10 B5 
              4F F0 FF 
              30 FE 49 
              88 61 4F 
              F0 80 40 
              81 69 21 



ARM Macro Assembler    Page 155 


              F0 20 01 
              81 61 FB 
              48 00 68 
              00 B1 80 
              47 00 F0 
              11 FC F9 
              48 80 47 
              BD E8 10 
              40 00 F0 
              78 BC 70 
              B5 4F F0 
              80 45 EC 
              69 A0 06 
              03 D5 20 
              20 28 62 
              FF F7 DF 
              FF 60 06 
              03 D5 40 
              20 28 62 
              00 F0 75 
              F9 E0 07 
              0F D0 01 
              20 28 62 
              EA 48 90 
              F8 36 00 
              C0 07 06 
              D0 EB 48 
              00 68 00 
              B1 80 47 
              00 F0 7F 
              F9 01 E0 
              00 F0 D4 
              FB 20 06 
              03 D5 80 
              20 28 62 
              00 F0 69 
              F9 20 07 
              09 D5 08 
              20 28 62 
              A8 69 20 
              F0 08 00 
              A8 61 00 
              F0 5C FC 
              DF 48 80 
              47 20 04 
              04 D5 00 
              F0 6B FB 
              4F F4 00 
              40 28 62 
              A0 07 03 
              D5 02 20 
              28 62 00 
              F0 85 F9 
              60 07 0A 
              D5 04 20 
              28 62 10 
              20 F9 F7 
              2D FC D5 
              49 00 20 



ARM Macro Assembler    Page 156 


              88 47 D5 
              49 02 20 
              88 47 E0 
              06 01 D5 
              10 20 28 
              62 28 69 
              C0 03 02 
              D5 4F F4 
              80 30 68 
              61 70 BD 
              70 B5 CE 
              4E 35 1D 
              34 68 00 
              2C 1E D0 
              20 06 03 
              D5 80 20 
              28 60 F9 
              F7 4B FD 
              E0 03 F4 
              D5 4F F4 
              80 30 28 
              60 C6 4C 
              50 34 20 
              68 FE F7 
              39 FE 20 
              68 21 68 
              00 F0 01 
              00 C1 F3 
              40 01 08 
              43 E4 D0 
              4F F0 A0 
              40 01 7D 
              41 F0 02 
              01 01 75 
              DD E7 70 
              BD 2D E9 
              FE 43 B4 
              4E 04 46 
              00 27 96 
              F8 36 00 
              3D 46 C0 
              07 03 D1 
              F9 F7 2A 
              FD 00 28 
              71 D0 F0 
              8E 01 27 
              00 28 6D 
              D1 68 46 
              F9 F7 D1 
              FC DD E9 
              00 32 30 
              6A 02 9F 
              4F F0 FF 
              31 B0 F1 
              FF 3F 00 
              D0 01 46 
              F0 69 6F 
              F0 78 4C 
              B0 F1 FF 



ARM Macro Assembler    Page 157 


              3F 09 D0 
              B1 F1 FF 
              3F 05 D0 
              A1 EB 00 
              08 28 F0 
              70 48 E0 
              45 00 D2 
              01 46 B0 
              69 DF F8 
              94 92 B0 
              F1 FF 3F 
              0A D0 B1 
              F1 FF 3F 
              05 D0 A0 
              EB 01 08 
              28 F0 70 
              48 E0 45 
              03 D3 01 
              46 01 25 
              48 1C 29 
              D0 C8 1A 
              20 F0 70 
              40 B0 F1 
              00 6F 03 
              D9 58 1A 
              20 F0 70 
              40 40 42 
              00 28 27 
              DB 40 F2 
              71 21 48 
              43 35 B1 
              89 07 D1 
              F8 EC 10 
              89 B2 C1 
              F5 1C 71 
              08 44 99 
              F8 00 30 
              03 B1 40 
              10 21 68 
              88 42 00 
              D3 08 46 
              20 60 1B 
              B1 C2 F3 
              4E 01 61 
              F3 0F 02 
              91 B2 88 
              42 0B DD 
              40 1A 20 
              60 B0 7D 
              80 B1 30 
              7D 99 F8 
              00 10 56 
              F8 20 00 
              C0 1B 19 
              B1 03 E0 
              00 20 BD 
              E8 FE 83 
              40 00 21 
              68 88 42 



ARM Macro Assembler    Page 158 


              00 D3 08 
              46 20 60 
              02 27 38 
              46 F4 E7 
              F8 B5 04 
              46 16 46 
              0D 46 10 
              20 F9 F7 
              71 FC 29 
              46 10 22 
              78 48 F9 
              F7 DB FA 
              F9 F7 93 
              FB 74 4B 
              05 46 40 
              33 18 68 
              00 21 CA 
              00 20 FA 
              02 F2 12 
              06 03 D5 
              49 1C C9 
              B2 04 29 
              F6 D3 04 
              29 00 D1 
              03 21 C9 
              B2 97 27 
              00 90 0D 
              F8 01 70 
              00 9A 1A 
              60 68 4A 
              44 32 12 
              68 C9 00 
              CA 40 11 
              07 05 D0 
              4F F0 A0 
              41 0A 7D 
              42 F0 02 
              02 0A 75 
              18 60 21 
              88 60 88 
              4F F0 80 
              47 41 EA 
              00 40 C7 
              F8 B4 00 
              A0 88 E1 
              88 40 EA 
              01 40 C7 
              F8 B8 00 
              21 89 60 
              89 41 EA 
              00 40 C7 
              F8 BC 00 
              A0 89 E1 
              89 40 EA 
              01 40 C7 
              F8 C0 00 
              56 20 C7 
              F8 C4 00 
              04 20 38 



ARM Macro Assembler    Page 159 


              62 01 20 
              4F 49 48 
              37 88 47 
              B8 6E 20 
              F0 02 00 
              40 EA 46 
              00 B8 66 
              B8 6E 40 
              F0 01 00 
              B8 66 28 
              46 F9 F7 
              42 FB F8 
              BD 2D E9 
              F0 41 15 
              46 0E 46 
              07 46 00 
              24 F9 F7 
              34 FB 80 
              46 00 F0 
              5F FB 28 
              B1 2A 46 
              31 46 38 
              46 00 F0 
              BD FB 01 
              24 40 46 
              F9 F7 2C 
              FB 00 2C 
              05 D1 2A 
              46 31 46 
              38 46 BD 
              E8 F0 41 
              7D E7 BD 
              E8 F0 81 
              32 49 4F 
              F0 FF 30 
              C8 61 4F 
              F0 80 40 
              81 69 21 
              F0 40 01 
              81 61 37 
              48 00 47 
              2C 49 4F 
              F0 FF 30 
              08 62 4F 
              F0 80 40 
              81 69 21 
              F0 80 01 
              81 61 2D 
              49 0A 20 
              08 47 3E 
              B5 68 46 
              F9 F7 C3 
              FB 28 49 
              00 20 20 
              39 88 47 
              21 4C E0 
              69 41 1C 
              04 D0 00 
              99 81 42 



ARM Macro Assembler    Page 160 


              01 D1 FF 
              F7 D6 FF 
              A0 69 41 
              1C 04 D0 
              00 99 81 
              42 01 D1 
              FF F7 32 
              FE 20 6A 
              41 1C 04 
              D0 00 99 
              81 42 01 
              D1 FF F7 
              D2 FF 01 
              20 F9 F7 
              B3 FA 1E 
              49 00 20 
              08 70 3E 
              BD 1C B5 
              04 22 0C 
              21 00 20 
              F9 F7 AE 
              FA 04 46 
              08 20 F9 
              F7 A5 FA 
              01 20 F9 
              F7 A6 FB 
              23 46 C9 
              24 16 4A 
              69 46 01 
              A8 A0 47 
              15 48 48 
              F2 39 73 
              02 68 DD 
              E9 00 10 
              98 47 0C 
              49 09 78 
              01 B1 40 
              00 40 F2 
              71 22 B0 
              FB F2 F1 
              53 42 1B 
              E0 B8 19 
              00 20 10 
              1F 00 20 
              A5 BE 04 
              00 F0 05 
              00 20 35 
              C3 04 00 
              B5 4B 01 
              00 65 59 
              01 00 10 
              08 00 40 
              72 1D 00 
              20 58 01 
              01 40 11 
              BC 04 00 
              EC 05 00 
              20 80 84 
              1E 00 1C 



ARM Macro Assembler    Page 161 


              04 00 20 
              B0 FB F2 
              F2 01 FB 
              03 01 4F 
              F0 80 44 
              C1 F5 1C 
              71 42 F0 
              00 42 89 
              B2 62 64 
              21 64 0B 
              49 0A 68 
              42 F0 01 
              02 0A 60 
              08 49 40 
              08 08 31 
              08 60 20 
              6B 40 F0 
              08 00 20 
              63 A0 69 
              20 F0 E0 
              40 A0 61 
              03 49 01 
              20 88 47 
              01 20 20 
              62 1C BD 
              C0 09 00 
              40 95 4B 
              01 00 28 
              46 59 46 
              FB F7 10 
              FD 05 46 
              BD F8 04 
              10 DF F8 
              04 E0 70 
              47 49 1C 
              04 00 2D 
              E9 FC 47 
              00 4B 18 
              47 E1 8B 
              02 00 17 
              49 51 F8 
              20 00 30 
              F8 86 1F 
              21 F0 08 
              01 01 80 
              70 47 2D 
              E9 F0 41 
              07 46 11 
              48 15 46 
              0E 46 50 
              F8 27 40 
              10 4A 01 
              21 38 46 
              90 47 01 
              46 30 78 
              06 28 02 
              D0 0C 28 
              0B D0 0C 
              E0 94 F8 



ARM Macro Assembler    Page 162 


              86 00 C0 
              07 08 D1 
              48 79 11 
              28 05 D1 
              50 20 FE 
              F7 ED FF 
              01 E0 AF 
              F2 4F 05 
              2A 46 31 
              46 38 46 
              BD E8 F0 
              41 FF F7 
              CA BF A8 
              09 00 20 
              C1 A6 02 
              00 50 46 
              31 46 FB 
              F7 EE FB 
              DF F8 04 
              E0 70 47 
              00 00 C3 
              35 03 00 
              02 D3 00 
              F0 76 F8 
              01 D1 02 
              4B 18 47 
              50 46 02 
              4B 18 47 
              00 00 AD 
              CF 02 00 
              FD CF 02 
              00 30 B5 
              43 4B 43 
              4C 44 4D 
              9B 68 53 
              F8 20 30 
              10 70 01 
              EB 81 00 
              00 EB 41 
              10 21 88 
              01 EB 80 
              01 29 44 
              09 8B C1 
              F3 41 31 
              51 70 93 
              F8 99 10 
              91 70 93 
              F8 A0 10 
              D1 70 93 
              F8 9F 10 
              11 71 21 
              88 01 EB 
              80 00 28 
              44 41 8E 
              51 71 09 
              0A 91 71 
              81 8E D1 
              71 09 0A 
              11 72 C1 



ARM Macro Assembler    Page 163 


              8E 01 F0 
              1F 01 51 
              72 FF 21 
              91 72 93 
              F8 86 10 
              D1 72 B3 
              F8 7A 10 
              11 73 09 
              0A 51 73 
              53 F8 6C 
              1F 89 08 
              91 73 09 
              0A D1 73 
              C1 89 11 
              74 09 0A 
              51 74 01 
              8A 91 74 
              09 0A D1 
              74 41 8A 
              11 75 09 
              0A 51 75 
              80 8A 90 
              75 00 20 
              D0 75 58 
              8A 10 76 
              00 0A 50 
              76 98 8A 
              D9 8A 08 
              44 90 76 
              00 0A D0 
              76 1C 20 
              30 BD 90 
              F8 4A 10 
              03 29 0C 
              D1 B0 F8 
              80 10 B0 
              F8 48 20 
              89 1A 89 
              B2 47 F6 
              FF 72 91 
              42 02 D3 
              00 21 80 
              F8 3A 10 
              70 47 0E 
              49 10 4A 
              48 68 12 
              88 90 F8 
              ED 00 00 
              EB C0 00 
              02 EB 80 
              00 0B 4A 
              10 44 C0 
              88 91 F9 
              02 10 40 
              B2 81 42 
              01 DA 01 
              20 70 47 
              00 20 70 
              47 03 49 



ARM Macro Assembler    Page 164 


              00 20 49 
              68 C1 F8 
              F0 00 70 
              47 00 00 
              20 1F 00 
              20 38 04 
              00 20 00 
              00 01 40 
              3E 04 00 
              20 F8 B5 
              F7 49 04 
              46 01 EB 
              00 10 00 
              88 F5 4D 
              C0 F3 C2 
              07 68 68 
              00 EB 04 
              10 06 7A 
              40 68 80 
              B1 F2 49 
              88 42 02 
              D1 00 20 
              FC F7 5F 
              FF 03 2F 
              01 D0 01 
              22 00 E0 
              00 22 68 
              68 00 EB 
              04 13 99 
              68 09 CB 
              98 47 68 
              68 00 27 
              00 EB 04 
              11 0F 73 
              90 F8 02 
              21 52 1E 
              80 F8 02 
              21 48 68 
              E5 49 88 
              42 02 D1 
              30 46 FF 
              F7 0E FB 
              68 68 E2 
              49 00 EB 
              04 10 40 
              68 88 42 
              02 D1 30 
              46 FB F7 
              E5 F9 68 
              68 DE 49 
              00 EB 04 
              10 40 68 
              88 42 01 
              D1 FF F7 
              D3 FA 68 
              68 00 EB 
              04 11 09 
              7B 21 B1 
              07 E0 64 



ARM Macro Assembler    Page 165 


              1C 04 F0 
              0F 04 F6 
              E7 90 F8 
              01 11 A1 
              42 F7 D1 
              80 F8 00 
              41 90 F8 
              02 01 18 
              B9 4F F4 
              00 70 F9 
              F7 FE F8 
              D0 4C 94 
              F8 21 00 
              00 28 25 
              D0 CE 4B 
              19 68 00 
              20 C2 00 
              21 FA 02 
              F2 12 06 
              03 D5 40 
              1C C0 B2 
              04 28 F6 
              D3 04 28 
              00 D1 03 
              20 C0 B2 
              83 25 00 
              91 0D F8 
              00 50 00 
              9A 1A 60 
              C3 4A 12 
              1D 12 68 
              C0 00 C2 
              40 19 60 
              D0 06 07 
              D4 BE 49 
              14 F8 20 
              2F 10 31 
              BC 48 FF 
              F7 60 FD 
              67 70 F8 
              BD 2D E9 
              F0 41 4F 
              F0 80 40 
              44 6A 25 
              0F C4 F3 
              03 66 20 
              07 02 D5 
              B7 49 30 
              46 88 47 
              AE 4F E0 
              06 12 D5 
              38 78 60 
              B1 78 68 
              00 EB 06 
              10 40 68 
              A0 F5 69 
              31 1D 39 
              04 D1 AE 
              49 4F F0 



ARM Macro Assembler    Page 166 


              01 10 E4 
              31 08 60 
              AC 49 30 
              46 B4 39 
              88 47 60 
              06 03 D5 
              A9 49 30 
              46 D0 39 
              88 47 A0 
              06 03 D5 
              A6 49 30 
              46 1C 39 
              88 47 60 
              07 18 D5 
              78 68 00 
              EB 05 10 
              01 7B 79 
              B1 99 4A 
              02 EB 05 
              11 09 88 
              C1 F3 C2 
              01 06 29 
              07 D1 40 
              68 28 B1 
              96 49 88 
              42 02 D1 
              00 20 FC 
              F7 A7 FE 
              99 49 28 
              46 98 39 
              88 47 A0 
              07 02 D5 
              30 46 FF 
              F7 2A FF 
              BD E8 F0 
              41 FF F7 
              17 BF 3E 
              B5 8B 4C 
              60 68 D0 
              F8 04 01 
              00 28 0C 
              D0 68 46 
              F9 F7 65 
              F9 62 68 
              00 98 92 
              F8 08 11 
              D2 F8 04 
              21 03 B0 
              BD E8 30 
              40 10 47 
              3E BD 70 
              B5 80 4D 
              A8 68 04 
              68 00 2C 
              28 D0 82 
              4A E1 69 
              6C 3A 91 
              42 03 D1 
              BD E8 70 



ARM Macro Assembler    Page 167 


              40 FF F7 
              FE B9 81 
              4A 91 42 
              1C D1 80 
              68 D8 B1 
              C1 69 91 
              42 18 D1 
              FF F7 1A 
              FA 00 21 
              F8 22 01 
              28 0F D1 
              68 78 40 
              1C C0 B2 
              68 70 04 
              28 09 D8 
              A8 68 F9 
              F7 67 F8 
              01 46 A8 
              68 BD E8 
              70 40 0C 
              30 F9 F7 
              51 B8 69 
              70 A2 76 
              70 BD A0 
              7E F8 28 
              FB D3 F0 
              20 A0 76 
              70 BD FE 
              B5 65 4D 
              A8 68 04 
              68 00 2C 
              2F D0 68 
              46 F9 F7 
              1B F9 BD 
              F8 04 00 
              69 28 04 
              D2 00 F5 
              02 70 AD 
              F8 04 00 
              07 E0 69 
              38 AD F8 
              04 00 00 
              98 40 1C 
              20 F0 70 
              40 00 90 
              6F F0 78 
              46 60 68 
              00 99 42 
              1A 22 F0 
              70 42 B2 
              42 06 D2 
              88 42 10 
              D1 BD F8 
              04 00 21 
              89 88 42 
              0B D9 A8 
              68 F9 F7 
              2A F8 01 
              46 A8 68 



ARM Macro Assembler    Page 168 


              0C 30 F9 
              F7 16 F8 
              A8 68 04 
              68 00 2C 
              E5 D1 FE 
              BD 53 48 
              00 68 00 
              28 10 D0 
              52 4A C1 
              69 91 42 
              01 D1 FF 
              F7 63 BE 
              50 4A 91 
              42 01 D1 
              FF F7 49 
              B9 A1 F5 
              F3 32 A9 
              3A 01 D1 
              FF F7 59 
              B9 70 47 
              30 B5 3F 
              48 46 4D 
              4A 4A 80 
              68 4A 4B 
              4A 4C C0 
              68 E4 3D 
              0E E0 41 
              6A 91 42 
              05 D0 99 
              42 03 D0 
              A1 42 01 
              D0 A9 42 
              04 D1 81 
              7E F0 29 
              01 D2 08 
              31 81 76 
              00 68 00 
              28 EE D1 
              30 BD 70 
              B5 04 46 
              3F 48 05 
              78 E0 69 
              A0 F5 F3 
              31 A9 39 
              13 D1 60 
              69 A0 F5 
              10 51 9F 
              39 02 D1 
              42 F2 10 
              70 60 61 
              02 2D 02 
              D3 40 F2 
              53 70 60 
              61 FF F7 
              39 F9 18 
              B1 15 B9 
              46 F2 A8 
              10 60 61 
              24 49 E0 



ARM Macro Assembler    Page 169 


              69 58 39 
              88 42 01 
              D1 FB F7 
              0C FA FF 
              20 70 BD 
              30 B5 2E 
              48 C0 8E 
              80 05 4F 
              F0 00 00 
              33 D5 1B 
              49 19 4D 
              49 68 91 
              F8 00 21 
              01 EB 02 
              11 09 7A 
              05 EB 01 
              12 12 88 
              02 F0 07 
              04 00 22 
              13 46 01 
              2C 02 D0 
              02 2C 0E 
              D0 1C E0 
              01 EB 41 
              02 21 49 
              09 88 01 
              EB 42 11 
              29 44 CA 
              8A C9 8A 
              02 F0 03 
              02 C1 F3 
              01 23 0E 
              E0 01 EB 
              81 02 02 
              EB 41 12 
              1A 49 09 
              88 01 EB 
              82 01 29 
              44 4A 88 
              49 88 C2 
              F3 80 02 
              C1 F3 40 
              03 1A 43 
              00 D0 01 
              20 30 BD 
              00 00 01 
              40 30 1F 
              00 20 99 
              C9 03 00 
              01 E9 01 
              00 19 36 
              02 00 F9 
              25 02 00 
              8C E8 00 
              20 50 08 
              00 40 05 
              CC 04 00 
              A9 E6 01 
              00 E0 16 



ARM Macro Assembler    Page 170 


              00 20 65 
              39 03 00 
              E9 03 02 
              00 65 63 
              03 00 09 
              A3 03 00 
              4D C0 02 
              00 FC 04 
              00 20 B8 
              19 00 20 
              B8 04 00 
              20 38 04 
              00 20 70 
              B5 0D 46 
              14 46 01 
              46 10 22 
              07 48 F8 
              F7 AC FE 
              05 48 10 
              22 29 46 
              10 30 F8 
              F7 A6 FE 
              02 48 01 
              21 00 F8 
              20 4F 41 
              70 70 BD 
              8C E8 00 
              20 0F B4 
              49 46 62 
              46 3B 46 
              F9 F7 B3 
              F9 07 46 
              0F BC 03 
              FB 00 F1 
              DF F8 04 
              E0 70 47 
              00 00 41 
              D1 03 00 
              00 00 01 
              02 00 00 
              03 03 02 
              03 04 04 
              02 04 00 
              05 00 04 
              05 06 66 
              72 65 71 
              63 68 69 
              70 35 B8 
              FF 1F F9 
              CB FF 1F 
              FD 8C FF 
              1F 0C 1D 
              00 20 04 
              FF 00 00 
              00 00 00 
              00 90 16 
              05 00 00 
              00 00 20 
              14 06 00 



ARM Macro Assembler    Page 171 


              00 C8 02 
              00 00 A0 
              17 05 00 
              14 06 00 
              20 48 16 
              00 00 94 
              22 00 00 
              65 20 39 
              01 98 F5 
              FF 1F 90 
              F5 FF 1F 
              67 20 39 
              03 94 F5 
              FF 1F 9C 
              F5 FF 1F 
              42 42 00 
              00 48 42 
              00 00 42 
              00 00 00 
              42 48 00 
              00 D0 F5 
              FF 1F 80 
              1C 00 20 
              40 00 00 
              00 80 86 
              FF 1F 10 
              F6 FF 1F 
              C0 1C 00 
              20 8C 02 
              00 00 04 
              83 FF 1F 
              68 F7 FF 
              1F 4C 1F 
              00 20 8C 
              D1 00 00 
              90 86 FF 
              1F 00 BF 
              48 F2 01 
              DF 00 BF 
              02 DF 00 
              BF 03 DF 
              00 BF 04 
              DF 00 BF 
              05 DF 00 
              BF 06 DF 
              00 BF 07 
              DF 00 BF 
              00 DF 00 
              BF 00 DF 
              00 BF 00 
              DF 00 BF 
              00 DF 00 
              BF 0C DF 
              00 BF 0D 
              DF 00 BF 
              0E DF 00 
              BF 09 E0 
              01 F0 01 
              19 A4 36 



ARM Macro Assembler    Page 172 


              6E 01 12 
              02 12 FB 
              2B 48 08 
              04 01 1C 
              18 0A 91 
              95 FF 1F 
              15 99 FF 
              1F 39 08 
              1A 35 04 
              01 2C F2 
              04 1A AA 
              01 02 13 
              FF 02 3B 
              02 32 07 
              23 31 F9 
              14 4A FA 
              81 14 A0 
              FA 61 14 
              F6 FA 41 
              14 4C FB 
              21 14 A2 
              FB 01 14 
              C2 FB 82 
              14 18 FC 
              62 14 70 
              FC 42 14 
              C5 FC 22 
              14 1C FD 
              02 14 4F 
              FD 65 14 
              A5 FD 45 
              14 FC FD 
              25 14 52 
              FE 05 14 
              72 FE 86 
              14 C8 FE 
              66 14 1E 
              FF 46 14 
              74 FF 26 
              14 CA FF 
              06 14 EC 
              FF 69 12 
              42 12 49 
              12 98 12 
              29 12 EE 
              12 09 14 
              3B 01 4D 
              14 92 01 
              2D 14 E8 
              01 0D 14 
              18 02 0A 
              14 26 02 
              51 14 7C 
              02 31 14 
              D2 02 11 
              14 F4 02 
              2E 14 4A 
              03 0E 14 
              5C 03 52 



ARM Macro Assembler    Page 173 


              14 B2 03 
              32 14 08 
              04 12 14 
              4A 04 33 
              14 A0 04 
              13 17 F4 
              01 F8 02 
              FC 03 00 
              08 1A 09 
              04 0D 08 
              12 0A 13 
              63 56 93 
              14 B2 40 
              03 10 08 
              D9 A7 FF 
              1F 46 1C 
              04 27 CD 
              EE FF 1F 
              96 77 10 
              08 BD 92 
              FF 1F BE 
              35 03 10 
              08 59 EF 
              FF 1F DE 
              8B 02 1A 
              03 08 01 
              30 14 DE 
              AF 04 27 
              3D ED FF 
              1F 62 46 
              8B 57 E6 
              40 54 C2 
              E6 01 13 
              94 16 14 
              20 FC 19 
              42 20 13 
              18 05 1B 
              20 20 04 
              1A 38 04 
              1A 2C 04 
              21 52 02 
              4B 10 12 
              20 2A 08 
              14 13 0C 
              9C 13 0C 
              0A 14 20 
              78 0B 4C 
              20 A0 04 
              18 1A F0 
              44 1A D8 
              04 14 E5 
              D9 03 13 
              60 07 5B 
              20 34 18 
              00 00 00 
              00 00 00 
              00 00 00         incbin           controller_code_revc
    7 00007788         CONTROLLER_CODE_REVC_END
    8 00007788         



ARM Macro Assembler    Page 174 


    9 00007788                 END
Command Line: --debug --xref --diag_suppress=9931,A1950W --cpu=Cortex-M33 --fpu
=FPv5-SP --depend=.\objects\controller_code.d -o.\objects\controller_code.o -I.
\RTE\_Project -ID:\softinstall\MDK_Pack\ARM\CMSIS\5.8.0\Device\ARM\ARMCM33\Incl
ude --predefine="__MICROLIB SETA 1" --predefine="__UVISION_VERSION SETA 543" --
predefine="ARMCM33_DSP_FP SETA 1" --predefine="_RTE_ SETA 1" --list=.\listings\
controller_code.lst ..\..\..\common\btdm\controller_code.s



ARM Macro Assembler    Page 1 Alphabetic symbol ordering
Relocatable symbols

CONTROLLER_CODE_REVC_BASE 00000000

Symbol: CONTROLLER_CODE_REVC_BASE
   Definitions
      At line 5 in file ..\..\..\common\btdm\controller_code.s
   Uses
      At line 2 in file ..\..\..\common\btdm\controller_code.s
Comment: CONTROLLER_CODE_REVC_BASE used once
CONTROLLER_CODE_REVC_END 00007788

Symbol: CONTROLLER_CODE_REVC_END
   Definitions
      At line 7 in file ..\..\..\common\btdm\controller_code.s
   Uses
      At line 3 in file ..\..\..\common\btdm\controller_code.s
Comment: CONTROLLER_CODE_REVC_END used once
RO_REVC 00000000

Symbol: RO_REVC
   Definitions
      At line 1 in file ..\..\..\common\btdm\controller_code.s
   Uses
      None
Comment: RO_REVC unused
3 symbols
337 symbols in table
