


ARM Macro Assembler    Page 1 


    1 00000000         ;************************* (C) COPYRIGHT 2023 FreqChip *
                       **************************
    2 00000000         ;* File Name          : startup_fr30xx.s
    3 00000000         ;* Author             : FreqChip Firmware Team
    4 00000000         ;* Version            : V1.0.0
    5 00000000         ;* Date               : 2022
    6 00000000         ;* Description        : fr30xx Devices vector table for 
                       MDK-ARM toolchain. 
    7 00000000         ;*                      This module performs:
    8 00000000         ;*                      - Set the initial SP
    9 00000000         ;*                      - Set the initial PC == Reset_Ha
                       ndler
   10 00000000         ;*                      - Set the vector table entries w
                       ith the exceptions ISR address
   11 00000000         ;*                      - Configure the clock system
   12 00000000         ;*                      - Branches to __main in the C li
                       brary (which eventually
   13 00000000         ;*                        calls main()).
   14 00000000         ;*                      After Reset the Cortex-M33 proce
                       ssor is in Thread mode,
   15 00000000         ;*                      priority is Privileged, and the 
                       Stack is set to Main.
   16 00000000         ;*******************************************************
                       **************************
   17 00000000         ;* @attention
   18 00000000         ;*
   19 00000000         ;* Copyright (c) 2022 FreqChip.
   20 00000000         ;* All rights reserved.
   21 00000000         ;*******************************************************
                       ************************
   22 00000000         
   23 00000000         ;//-------- <<< Use Configuration Wizard in Context Menu
                        >>> ------------------
   24 00000000         
   25 00000000         ;<h> Stack Configuration
   26 00000000         ;  <o> Stack Size (in Bytes) <0x0-0xFFFFFFFF:8>
   27 00000000         ;</h>
   28 00000000         
   29 00000000 00001000 
                       Stack_Size
                               EQU              0x00001000
   30 00000000         
   31 00000000                 AREA             STACK, NOINIT, READWRITE, ALIGN
=3
   32 00000000         __stack_limit
   33 00000000         Stack_Mem
                               SPACE            Stack_Size
   34 00001000         __initial_sp
   35 00001000         
   36 00001000         
   37 00001000         ;<h> Heap Configuration
   38 00001000         ;  <o> Heap Size (in Bytes) <0x0-0xFFFFFFFF:8>
   39 00001000         ;</h>
   40 00001000         
   41 00001000 00001900 
                       Heap_Size
                               EQU              0x0001900
   42 00001000         
   43 00001000                 IF               Heap_Size != 0 



ARM Macro Assembler    Page 2 


                                                            ; Heap is provided
   44 00001000                 AREA             HEAP, NOINIT, READWRITE, ALIGN=
3
   45 00000000         __heap_base
   46 00000000         Heap_Mem
                               SPACE            Heap_Size
   47 00001900         __heap_limit
   48 00001900                 ENDIF
   49 00001900         
   50 00001900         
   51 00001900                 PRESERVE8
   52 00001900                 THUMB
   53 00001900         
   54 00001900         
   55 00001900         ; Vector Table Mapped to Address 0 at Reset
   56 00001900         
   57 00001900                 AREA             RESET, DATA, READONLY
   58 00000000                 EXPORT           __Vectors
   59 00000000                 EXPORT           __Vectors_End
   60 00000000                 EXPORT           __Vectors_Size
   61 00000000         
   62 00000000 00000000 
                       __Vectors
                               DCD              __initial_sp ;     Top of Stack
                                                            
   63 00000004 00000000        DCD              Reset_Handler 
                                                            ;     Reset Handler
                                                            
   64 00000008 00000000        DCD              NMI_Handler ; -14 NMI Handler
   65 0000000C 00000000        DCD              HardFault_Handler ; -13 Hard Fa
                                                            ult Handler
   66 00000010 00000000        DCD              MemManage_Handler ; -12 MPU Fau
                                                            lt Handler
   67 00000014 00000000        DCD              BusFault_Handler ; -11 Bus Faul
                                                            t Handler
   68 00000018 00000000        DCD              UsageFault_Handler ; -10 Usage 
                                                            Fault Handler
   69 0000001C 00000000        DCD              SecureFault_Handler ;  -9 Secur
                                                            e Fault Handler
   70 00000020 00000000        DCD              0           ;     Reserved
   71 00000024 00000000        DCD              0           ;     Reserved
   72 00000028 00000000        DCD              0           ;     Reserved
   73 0000002C 00000000        DCD              SVC_Handler ;  -5 SVCall Handle
                                                            r
   74 00000030 00000000        DCD              DebugMon_Handler ;  -4 Debug Mo
                                                            nitor Handler
   75 00000034 00000000        DCD              0           ;     Reserved
   76 00000038 00000000        DCD              PendSV_Handler ;  -2 PendSV Han
                                                            dler
   77 0000003C 00000000        DCD              SysTick_Handler ;  -1 SysTick H
                                                            andler
   78 00000040         
   79 00000040         ; Interrupts
   80 00000040 00000000        DCD              timer0_irq  ;   0 timer0
   81 00000044 00000000        DCD              timer1_irq  ;   1 timer1
   82 00000048 00000000        DCD              timer2_irq  ;   2 timer2
   83 0000004C 00000000        DCD              timer3_irq  ;   3 timer3
   84 00000050 00000000        DCD              dma0_irq    ;   4 dma0
   85 00000054 00000000        DCD              dma1_irq    ;   5 dma1



ARM Macro Assembler    Page 3 


   86 00000058 00000000        DCD              sdioh0_irq  ;   6 sdioh0
   87 0000005C 00000000        DCD              Interrupt7_Handler 
                                                            ;   7 Interrupt rsv
                                                            
   88 00000060 00000000        DCD              ipc_mcu_irq ;   8 ipc mcu
   89 00000064 00000000        DCD              usbotg_irq  ;   9 usbotg
   90 00000068 00000000        DCD              Interrupt10_Handler ;   10 Inte
                                                            rrupt rsv
   91 0000006C 00000000        DCD              Interrupt11_Handler ;   11 Inte
                                                            rrupt rsv
   92 00000070 00000000        DCD              Interrupt12_Handler ;   12 Inte
                                                            rrupt rsv
   93 00000074 00000000        DCD              Interrupt13_Handler ;   13 Inte
                                                            rrupt rsv
   94 00000078 00000000        DCD              Interrupt14_Handler ;   14 Inte
                                                            rrupt rsv
   95 0000007C 00000000        DCD              Interrupt15_Handler ;   15 Inte
                                                            rrupt rsv
   96 00000080 00000000        DCD              gpioa_irq   ;   16 GPIOA
   97 00000084 00000000        DCD              gpiob_irq   ;   17 GPIOB
   98 00000088 00000000        DCD              gpioc_irq   ;   18 GPIOC
   99 0000008C 00000000        DCD              gpiod_irq   ;   19 GPIOD
  100 00000090 00000000        DCD              uart0_irq   ;   20 uart0
  101 00000094 00000000        DCD              uart1_irq   ;   21 uart1
  102 00000098 00000000        DCD              uart2_irq   ;   22 uart2
  103 0000009C 00000000        DCD              uart3_irq   ;   23 uart3
  104 000000A0 00000000        DCD              uart4_irq   ;   24 uart4
  105 000000A4 00000000        DCD              uart5_irq   ;   25 uart5
  106 000000A8 00000000        DCD              i2c0_irq    ;   26 i2c0
  107 000000AC 00000000        DCD              Interrupt27_Handler ;   27 Inte
                                                            rrupt rsv
  108 000000B0 00000000        DCD              i2c1_irq    ;   28 i2c1
  109 000000B4 00000000        DCD              Interrupt29_Handler ;   29 Inte
                                                            rrupt rsv
  110 000000B8 00000000        DCD              i2c2_irq    ;   30 i2c2
  111 000000BC 00000000        DCD              Interrupt31_Handler ;   31 Inte
                                                            rrupt rsv
  112 000000C0 00000000        DCD              spim0_irq   ;   32 spim0
  113 000000C4 00000000        DCD              spim1_irq   ;   33 spim1
  114 000000C8 00000000        DCD              Interrupt34_Handler ;   34 Inte
                                                            rrupt rsv
  115 000000CC 00000000        DCD              spis0_irq   ;   35 spis0
  116 000000D0 00000000        DCD              spis1_irq   ;   36 spis1
  117 000000D4 00000000        DCD              spimx8_0_irq ;   37 spimx8_0
  118 000000D8 00000000        DCD              spimx8_1_irq ;   38 spimx8_1
  119 000000DC 00000000        DCD              i2s0_irq    ;   39 i2s0
  120 000000E0 00000000        DCD              i2s1_irq    ;   40 i2s1
  121 000000E4 00000000        DCD              Interrupt41_Handler ;   41 Inte
                                                            rrupt rsv
  122 000000E8 00000000        DCD              pdm0_irq    ;   42 pdm0
  123 000000EC 00000000        DCD              pdm1_irq    ;   43 pdm1
  124 000000F0 00000000        DCD              Interrupt44_Handler ;   44 Inte
                                                            rrupt rsv
  125 000000F4 00000000        DCD              saradc_irq  ;   45 saradc
  126 000000F8 00000000        DCD              psd_dac_irq ;   46 psd_dac
  127 000000FC 00000000        DCD              spdif_irq   ;   47 spdif
  128 00000100 00000000        DCD              Interrupt48_Handler ;   48 Inte
                                                            rrupt rsv
  129 00000104 00000000        DCD              Interrupt49_Handler ;   49 Inte



ARM Macro Assembler    Page 4 


                                                            rrupt rsv
  130 00000108 00000000        DCD              Interrupt50_Handler ;   50 Inte
                                                            rrupt rsv
  131 0000010C 00000000        DCD              parallel0_irq ;   51 parallel0
  132 00000110 00000000        DCD              wdt_irq     ;   52 wdt_irq
  133 00000114 00000000        DCD              cali_irq    ;   53 cali
  134 00000118 00000000        DCD              trng_irq    ;   54 trng
  135 0000011C 00000000        DCD              tick_irq    ;   55 tick
  136 00000120 00000000        DCD              Interrupt56_Handler ;   56 Inte
                                                            rrupt rsv
  137 00000124 00000000        DCD              Interrupt57_Handler ;   57 Inte
                                                            rrupt rsv
  138 00000128 00000000        DCD              Interrupt58_Handler ;   58 Inte
                                                            rrupt rsv
  139 0000012C 00000000        DCD              Interrupt59_Handler ;   59 Inte
                                                            rrupt rsv
  140 00000130 00000000        DCD              dsp_timer0_irq ;   60 dsp_timer
                                                            0_irq
  141 00000134 00000000        DCD              dsp_timer1_irq ;   61 dsp_timer
                                                            0_irq
  142 00000138 00000000        DCD              dsp_wdt_irq ;   62 dsp_wdt_irq
  143 0000013C 00000000        DCD              ipc_dsp_irq ;   63 ipc
  144 00000140 00000000        DCD              yuv2rgb_irq ;   64 yuv2rgb
  145 00000144 00000000        DCD              pmu_irq     ;   65 pmu
  146 00000148 00000000        DCD              pmu_lvd_irq ;   66 pmu lvd
  147 0000014C 00000000        DCD              pmu_acok_irq ;   67 pmu acok
  148 00000150 00000000        DCD              pmu_wdt_irq ;   68 pmu wdt
  149 00000154 00000000        DCD              gpioe_irq   ;   69 gpioe  
  150 00000158 00000000        DCD              can0_line0_irq ;   70 can0_line
                                                            0_irq
  151 0000015C 00000000        DCD              can0_line1_irq ;   71 can0_line
                                                            1_irq
  152 00000160 00000000        DCD              can1_line0_irq ;   72 can1_line
                                                            0_irq
  153 00000164 00000000        DCD              can1_line1_irq ;   73 can1_line
                                                            1_irq 
  154 00000168 00000000        DCD              can2_line0_irq ;   74 can2_line
                                                            0_irq
  155 0000016C 00000000        DCD              can2_line1_irq ;   75 can2_line
                                                            1_irq 
  156 00000170 00000000        DCD              can3_line0_irq ;   76 can3_line
                                                            0_irq
  157 00000174 00000000        DCD              can3_line1_irq ;   77 can3_line
                                                            1_irq
  158 00000178 00000000        DCD              Interrupt78_Handler ;   78 Inte
                                                            rrupt rsv          
                                                                    
  159 0000017C 00000000        DCD              pwm0_irq    ;   79 pwm0
  160 00000180 00000000        DCD              pwm1_irq    ;   80 pwm1  
  161 00000184 00000000        DCD              timer4_irq  ;   81 timer4
  162 00000188 00000000        DCD              timer5_irq  ;   82 timer5      
                                                                            
  163 0000018C         
  164 0000018C         ; OTA check flag
  165 0000018C AA55AA55        DCD              0xAA55AA55  ;   app check data
  166 00000190 00000001        DCD              0x00000001  ;   app version
  167 00000194 00000000        DCD              0           ;   code length
  168 00000198         
  169 00000198         



ARM Macro Assembler    Page 5 


  170 00000198         ;                SPACE    (470 * 4)                     
                             ;   Interrupts 10 .. 480 are left out
  171 00000198         __Vectors_End
  172 00000198 00000198 
                       __Vectors_Size
                               EQU              __Vectors_End - __Vectors
  173 00000198         
  174 00000198         
  175 00000198                 AREA             |.text|, CODE, READONLY
  176 00000000         
  177 00000000         ; Reset Handler
  178 00000000         
  179 00000000         Reset_Handler
                               PROC
  180 00000000                 EXPORT           Reset_Handler             [WEAK
]
  181 00000000                 IMPORT           SystemInit
  182 00000000                 IMPORT           __main
  183 00000000         
  184 00000000 4831            LDR              R0, =__stack_limit
  185 00000002 F380 880A       MSR              MSPLIM, R0  ; Non-secure versio
                                                            n of MSPLIM is RAZ/
                                                            WI
  186 00000006         
  187 00000006 4831            LDR              R0, =SystemInit
  188 00000008 4780            BLX              R0
  189 0000000A 4831            LDR              R0, =__main
  190 0000000C 4700            BX               R0
  191 0000000E                 ENDP
  192 0000000E         
  193 0000000E         
  194 0000000E         ; Macro to define default exception/interrupt handlers.
  195 0000000E         ; Default handler are weak symbols with an endless loop.
                       
  196 0000000E         ; They can be overwritten by real handlers.
  197 0000000E                 MACRO
  198 0000000E                 Set_Default_Handler
                                                $Handler_Name
  199 0000000E         $Handler_Name
                               PROC
  200 0000000E                 EXPORT           $Handler_Name             [WEAK
]
  201 0000000E                 B                .
  202 0000000E                 ENDP
  203 0000000E                 MEND
  204 0000000E         
  205 0000000E         
  206 0000000E         ; Default exception/interrupt handler
  207 0000000E         
  208 0000000E                 Set_Default_Handler
                                                NMI_Handler
  199 0000000E         NMI_Handler
                               PROC
  200 0000000E                 EXPORT           NMI_Handler             [WEAK]
  201 0000000E E7FE            B                .
  202 00000010                 ENDP
  209 00000010                 Set_Default_Handler
                                                HardFault_Handler
  199 00000010         HardFault_Handler



ARM Macro Assembler    Page 6 


                               PROC
  200 00000010                 EXPORT           HardFault_Handler             [
WEAK]
  201 00000010 E7FE            B                .
  202 00000012                 ENDP
  210 00000012                 Set_Default_Handler
                                                MemManage_Handler
  199 00000012         MemManage_Handler
                               PROC
  200 00000012                 EXPORT           MemManage_Handler             [
WEAK]
  201 00000012 E7FE            B                .
  202 00000014                 ENDP
  211 00000014                 Set_Default_Handler
                                                BusFault_Handler
  199 00000014         BusFault_Handler
                               PROC
  200 00000014                 EXPORT           BusFault_Handler             [W
EAK]
  201 00000014 E7FE            B                .
  202 00000016                 ENDP
  212 00000016                 Set_Default_Handler
                                                UsageFault_Handler
  199 00000016         UsageFault_Handler
                               PROC
  200 00000016                 EXPORT           UsageFault_Handler             
[WEAK]
  201 00000016 E7FE            B                .
  202 00000018                 ENDP
  213 00000018                 Set_Default_Handler
                                                SecureFault_Handler
  199 00000018         SecureFault_Handler
                               PROC
  200 00000018                 EXPORT           SecureFault_Handler            
 [WEAK]
  201 00000018 E7FE            B                .
  202 0000001A                 ENDP
  214 0000001A                 Set_Default_Handler
                                                SVC_Handler
  199 0000001A         SVC_Handler
                               PROC
  200 0000001A                 EXPORT           SVC_Handler             [WEAK]
  201 0000001A E7FE            B                .
  202 0000001C                 ENDP
  215 0000001C                 Set_Default_Handler
                                                DebugMon_Handler
  199 0000001C         DebugMon_Handler
                               PROC
  200 0000001C                 EXPORT           DebugMon_Handler             [W
EAK]
  201 0000001C E7FE            B                .
  202 0000001E                 ENDP
  216 0000001E                 Set_Default_Handler
                                                PendSV_Handler
  199 0000001E         PendSV_Handler
                               PROC
  200 0000001E                 EXPORT           PendSV_Handler             [WEA
K]
  201 0000001E E7FE            B                .



ARM Macro Assembler    Page 7 


  202 00000020                 ENDP
  217 00000020                 Set_Default_Handler
                                                SysTick_Handler
  199 00000020         SysTick_Handler
                               PROC
  200 00000020                 EXPORT           SysTick_Handler             [WE
AK]
  201 00000020 E7FE            B                .
  202 00000022                 ENDP
  218 00000022         
  219 00000022                 Set_Default_Handler
                                                timer0_irq
  199 00000022         timer0_irq
                               PROC
  200 00000022                 EXPORT           timer0_irq             [WEAK]
  201 00000022 E7FE            B                .
  202 00000024                 ENDP
  220 00000024                 Set_Default_Handler
                                                timer1_irq
  199 00000024         timer1_irq
                               PROC
  200 00000024                 EXPORT           timer1_irq             [WEAK]
  201 00000024 E7FE            B                .
  202 00000026                 ENDP
  221 00000026                 Set_Default_Handler
                                                timer2_irq
  199 00000026         timer2_irq
                               PROC
  200 00000026                 EXPORT           timer2_irq             [WEAK]
  201 00000026 E7FE            B                .
  202 00000028                 ENDP
  222 00000028                 Set_Default_Handler
                                                timer3_irq
  199 00000028         timer3_irq
                               PROC
  200 00000028                 EXPORT           timer3_irq             [WEAK]
  201 00000028 E7FE            B                .
  202 0000002A                 ENDP
  223 0000002A                 Set_Default_Handler
                                                dma0_irq
  199 0000002A         dma0_irq
                               PROC
  200 0000002A                 EXPORT           dma0_irq             [WEAK]
  201 0000002A E7FE            B                .
  202 0000002C                 ENDP
  224 0000002C                 Set_Default_Handler
                                                dma1_irq
  199 0000002C         dma1_irq
                               PROC
  200 0000002C                 EXPORT           dma1_irq             [WEAK]
  201 0000002C E7FE            B                .
  202 0000002E                 ENDP
  225 0000002E                 Set_Default_Handler
                                                sdioh0_irq
  199 0000002E         sdioh0_irq
                               PROC
  200 0000002E                 EXPORT           sdioh0_irq             [WEAK]
  201 0000002E E7FE            B                .
  202 00000030                 ENDP



ARM Macro Assembler    Page 8 


  226 00000030                 Set_Default_Handler
                                                Interrupt7_Handler
  199 00000030         Interrupt7_Handler
                               PROC
  200 00000030                 EXPORT           Interrupt7_Handler             
[WEAK]
  201 00000030 E7FE            B                .
  202 00000032                 ENDP
  227 00000032                 Set_Default_Handler
                                                ipc_mcu_irq
  199 00000032         ipc_mcu_irq
                               PROC
  200 00000032                 EXPORT           ipc_mcu_irq             [WEAK]
  201 00000032 E7FE            B                .
  202 00000034                 ENDP
  228 00000034                 Set_Default_Handler
                                                usbotg_irq
  199 00000034         usbotg_irq
                               PROC
  200 00000034                 EXPORT           usbotg_irq             [WEAK]
  201 00000034 E7FE            B                .
  202 00000036                 ENDP
  229 00000036                 Set_Default_Handler
                                                Interrupt10_Handler
  199 00000036         Interrupt10_Handler
                               PROC
  200 00000036                 EXPORT           Interrupt10_Handler            
 [WEAK]
  201 00000036 E7FE            B                .
  202 00000038                 ENDP
  230 00000038                 Set_Default_Handler
                                                Interrupt11_Handler
  199 00000038         Interrupt11_Handler
                               PROC
  200 00000038                 EXPORT           Interrupt11_Handler            
 [WEAK]
  201 00000038 E7FE            B                .
  202 0000003A                 ENDP
  231 0000003A                 Set_Default_Handler
                                                Interrupt12_Handler
  199 0000003A         Interrupt12_Handler
                               PROC
  200 0000003A                 EXPORT           Interrupt12_Handler            
 [WEAK]
  201 0000003A E7FE            B                .
  202 0000003C                 ENDP
  232 0000003C                 Set_Default_Handler
                                                Interrupt13_Handler
  199 0000003C         Interrupt13_Handler
                               PROC
  200 0000003C                 EXPORT           Interrupt13_Handler            
 [WEAK]
  201 0000003C E7FE            B                .
  202 0000003E                 ENDP
  233 0000003E                 Set_Default_Handler
                                                Interrupt14_Handler
  199 0000003E         Interrupt14_Handler
                               PROC
  200 0000003E                 EXPORT           Interrupt14_Handler            



ARM Macro Assembler    Page 9 


 [WEAK]
  201 0000003E E7FE            B                .
  202 00000040                 ENDP
  234 00000040                 Set_Default_Handler
                                                Interrupt15_Handler
  199 00000040         Interrupt15_Handler
                               PROC
  200 00000040                 EXPORT           Interrupt15_Handler            
 [WEAK]
  201 00000040 E7FE            B                .
  202 00000042                 ENDP
  235 00000042                 Set_Default_Handler
                                                gpioa_irq
  199 00000042         gpioa_irq
                               PROC
  200 00000042                 EXPORT           gpioa_irq             [WEAK]
  201 00000042 E7FE            B                .
  202 00000044                 ENDP
  236 00000044                 Set_Default_Handler
                                                gpiob_irq
  199 00000044         gpiob_irq
                               PROC
  200 00000044                 EXPORT           gpiob_irq             [WEAK]
  201 00000044 E7FE            B                .
  202 00000046                 ENDP
  237 00000046                 Set_Default_Handler
                                                gpioc_irq
  199 00000046         gpioc_irq
                               PROC
  200 00000046                 EXPORT           gpioc_irq             [WEAK]
  201 00000046 E7FE            B                .
  202 00000048                 ENDP
  238 00000048                 Set_Default_Handler
                                                gpiod_irq
  199 00000048         gpiod_irq
                               PROC
  200 00000048                 EXPORT           gpiod_irq             [WEAK]
  201 00000048 E7FE            B                .
  202 0000004A                 ENDP
  239 0000004A                 Set_Default_Handler
                                                uart0_irq
  199 0000004A         uart0_irq
                               PROC
  200 0000004A                 EXPORT           uart0_irq             [WEAK]
  201 0000004A E7FE            B                .
  202 0000004C                 ENDP
  240 0000004C                 Set_Default_Handler
                                                uart1_irq
  199 0000004C         uart1_irq
                               PROC
  200 0000004C                 EXPORT           uart1_irq             [WEAK]
  201 0000004C E7FE            B                .
  202 0000004E                 ENDP
  241 0000004E                 Set_Default_Handler
                                                uart2_irq
  199 0000004E         uart2_irq
                               PROC
  200 0000004E                 EXPORT           uart2_irq             [WEAK]
  201 0000004E E7FE            B                .



ARM Macro Assembler    Page 10 


  202 00000050                 ENDP
  242 00000050                 Set_Default_Handler
                                                uart3_irq
  199 00000050         uart3_irq
                               PROC
  200 00000050                 EXPORT           uart3_irq             [WEAK]
  201 00000050 E7FE            B                .
  202 00000052                 ENDP
  243 00000052                 Set_Default_Handler
                                                uart4_irq
  199 00000052         uart4_irq
                               PROC
  200 00000052                 EXPORT           uart4_irq             [WEAK]
  201 00000052 E7FE            B                .
  202 00000054                 ENDP
  244 00000054                 Set_Default_Handler
                                                uart5_irq
  199 00000054         uart5_irq
                               PROC
  200 00000054                 EXPORT           uart5_irq             [WEAK]
  201 00000054 E7FE            B                .
  202 00000056                 ENDP
  245 00000056                 Set_Default_Handler
                                                i2c0_irq
  199 00000056         i2c0_irq
                               PROC
  200 00000056                 EXPORT           i2c0_irq             [WEAK]
  201 00000056 E7FE            B                .
  202 00000058                 ENDP
  246 00000058                 Set_Default_Handler
                                                Interrupt27_Handler
  199 00000058         Interrupt27_Handler
                               PROC
  200 00000058                 EXPORT           Interrupt27_Handler            
 [WEAK]
  201 00000058 E7FE            B                .
  202 0000005A                 ENDP
  247 0000005A                 Set_Default_Handler
                                                i2c1_irq
  199 0000005A         i2c1_irq
                               PROC
  200 0000005A                 EXPORT           i2c1_irq             [WEAK]
  201 0000005A E7FE            B                .
  202 0000005C                 ENDP
  248 0000005C                 Set_Default_Handler
                                                Interrupt29_Handler
  199 0000005C         Interrupt29_Handler
                               PROC
  200 0000005C                 EXPORT           Interrupt29_Handler            
 [WEAK]
  201 0000005C E7FE            B                .
  202 0000005E                 ENDP
  249 0000005E                 Set_Default_Handler
                                                i2c2_irq
  199 0000005E         i2c2_irq
                               PROC
  200 0000005E                 EXPORT           i2c2_irq             [WEAK]
  201 0000005E E7FE            B                .
  202 00000060                 ENDP



ARM Macro Assembler    Page 11 


  250 00000060                 Set_Default_Handler
                                                Interrupt31_Handler
  199 00000060         Interrupt31_Handler
                               PROC
  200 00000060                 EXPORT           Interrupt31_Handler            
 [WEAK]
  201 00000060 E7FE            B                .
  202 00000062                 ENDP
  251 00000062                 Set_Default_Handler
                                                spim0_irq
  199 00000062         spim0_irq
                               PROC
  200 00000062                 EXPORT           spim0_irq             [WEAK]
  201 00000062 E7FE            B                .
  202 00000064                 ENDP
  252 00000064                 Set_Default_Handler
                                                spim1_irq
  199 00000064         spim1_irq
                               PROC
  200 00000064                 EXPORT           spim1_irq             [WEAK]
  201 00000064 E7FE            B                .
  202 00000066                 ENDP
  253 00000066                 Set_Default_Handler
                                                Interrupt34_Handler
  199 00000066         Interrupt34_Handler
                               PROC
  200 00000066                 EXPORT           Interrupt34_Handler            
 [WEAK]
  201 00000066 E7FE            B                .
  202 00000068                 ENDP
  254 00000068                 Set_Default_Handler
                                                spis0_irq
  199 00000068         spis0_irq
                               PROC
  200 00000068                 EXPORT           spis0_irq             [WEAK]
  201 00000068 E7FE            B                .
  202 0000006A                 ENDP
  255 0000006A                 Set_Default_Handler
                                                spis1_irq
  199 0000006A         spis1_irq
                               PROC
  200 0000006A                 EXPORT           spis1_irq             [WEAK]
  201 0000006A E7FE            B                .
  202 0000006C                 ENDP
  256 0000006C                 Set_Default_Handler
                                                spimx8_0_irq
  199 0000006C         spimx8_0_irq
                               PROC
  200 0000006C                 EXPORT           spimx8_0_irq             [WEAK]
  201 0000006C E7FE            B                .
  202 0000006E                 ENDP
  257 0000006E                 Set_Default_Handler
                                                spimx8_1_irq
  199 0000006E         spimx8_1_irq
                               PROC
  200 0000006E                 EXPORT           spimx8_1_irq             [WEAK]
  201 0000006E E7FE            B                .
  202 00000070                 ENDP
  258 00000070                 Set_Default_Handler



ARM Macro Assembler    Page 12 


                                                i2s0_irq
  199 00000070         i2s0_irq
                               PROC
  200 00000070                 EXPORT           i2s0_irq             [WEAK]
  201 00000070 E7FE            B                .
  202 00000072                 ENDP
  259 00000072                 Set_Default_Handler
                                                i2s1_irq
  199 00000072         i2s1_irq
                               PROC
  200 00000072                 EXPORT           i2s1_irq             [WEAK]
  201 00000072 E7FE            B                .
  202 00000074                 ENDP
  260 00000074                 Set_Default_Handler
                                                Interrupt41_Handler
  199 00000074         Interrupt41_Handler
                               PROC
  200 00000074                 EXPORT           Interrupt41_Handler            
 [WEAK]
  201 00000074 E7FE            B                .
  202 00000076                 ENDP
  261 00000076                 Set_Default_Handler
                                                pdm0_irq
  199 00000076         pdm0_irq
                               PROC
  200 00000076                 EXPORT           pdm0_irq             [WEAK]
  201 00000076 E7FE            B                .
  202 00000078                 ENDP
  262 00000078                 Set_Default_Handler
                                                pdm1_irq
  199 00000078         pdm1_irq
                               PROC
  200 00000078                 EXPORT           pdm1_irq             [WEAK]
  201 00000078 E7FE            B                .
  202 0000007A                 ENDP
  263 0000007A                 Set_Default_Handler
                                                Interrupt44_Handler
  199 0000007A         Interrupt44_Handler
                               PROC
  200 0000007A                 EXPORT           Interrupt44_Handler            
 [WEAK]
  201 0000007A E7FE            B                .
  202 0000007C                 ENDP
  264 0000007C                 Set_Default_Handler
                                                saradc_irq
  199 0000007C         saradc_irq
                               PROC
  200 0000007C                 EXPORT           saradc_irq             [WEAK]
  201 0000007C E7FE            B                .
  202 0000007E                 ENDP
  265 0000007E                 Set_Default_Handler
                                                psd_dac_irq
  199 0000007E         psd_dac_irq
                               PROC
  200 0000007E                 EXPORT           psd_dac_irq             [WEAK]
  201 0000007E E7FE            B                .
  202 00000080                 ENDP
  266 00000080                 Set_Default_Handler
                                                spdif_irq



ARM Macro Assembler    Page 13 


  199 00000080         spdif_irq
                               PROC
  200 00000080                 EXPORT           spdif_irq             [WEAK]
  201 00000080 E7FE            B                .
  202 00000082                 ENDP
  267 00000082                 Set_Default_Handler
                                                Interrupt48_Handler
  199 00000082         Interrupt48_Handler
                               PROC
  200 00000082                 EXPORT           Interrupt48_Handler            
 [WEAK]
  201 00000082 E7FE            B                .
  202 00000084                 ENDP
  268 00000084                 Set_Default_Handler
                                                Interrupt49_Handler
  199 00000084         Interrupt49_Handler
                               PROC
  200 00000084                 EXPORT           Interrupt49_Handler            
 [WEAK]
  201 00000084 E7FE            B                .
  202 00000086                 ENDP
  269 00000086                 Set_Default_Handler
                                                Interrupt50_Handler
  199 00000086         Interrupt50_Handler
                               PROC
  200 00000086                 EXPORT           Interrupt50_Handler            
 [WEAK]
  201 00000086 E7FE            B                .
  202 00000088                 ENDP
  270 00000088                 Set_Default_Handler
                                                parallel0_irq
  199 00000088         parallel0_irq
                               PROC
  200 00000088                 EXPORT           parallel0_irq             [WEAK
]
  201 00000088 E7FE            B                .
  202 0000008A                 ENDP
  271 0000008A                 Set_Default_Handler
                                                wdt_irq
  199 0000008A         wdt_irq PROC
  200 0000008A                 EXPORT           wdt_irq             [WEAK]
  201 0000008A E7FE            B                .
  202 0000008C                 ENDP
  272 0000008C                 Set_Default_Handler
                                                cali_irq
  199 0000008C         cali_irq
                               PROC
  200 0000008C                 EXPORT           cali_irq             [WEAK]
  201 0000008C E7FE            B                .
  202 0000008E                 ENDP
  273 0000008E                 Set_Default_Handler
                                                trng_irq
  199 0000008E         trng_irq
                               PROC
  200 0000008E                 EXPORT           trng_irq             [WEAK]
  201 0000008E E7FE            B                .
  202 00000090                 ENDP
  274 00000090                 Set_Default_Handler
                                                tick_irq



ARM Macro Assembler    Page 14 


  199 00000090         tick_irq
                               PROC
  200 00000090                 EXPORT           tick_irq             [WEAK]
  201 00000090 E7FE            B                .
  202 00000092                 ENDP
  275 00000092                 Set_Default_Handler
                                                Interrupt56_Handler
  199 00000092         Interrupt56_Handler
                               PROC
  200 00000092                 EXPORT           Interrupt56_Handler            
 [WEAK]
  201 00000092 E7FE            B                .
  202 00000094                 ENDP
  276 00000094                 Set_Default_Handler
                                                Interrupt57_Handler
  199 00000094         Interrupt57_Handler
                               PROC
  200 00000094                 EXPORT           Interrupt57_Handler            
 [WEAK]
  201 00000094 E7FE            B                .
  202 00000096                 ENDP
  277 00000096                 Set_Default_Handler
                                                Interrupt58_Handler
  199 00000096         Interrupt58_Handler
                               PROC
  200 00000096                 EXPORT           Interrupt58_Handler            
 [WEAK]
  201 00000096 E7FE            B                .
  202 00000098                 ENDP
  278 00000098                 Set_Default_Handler
                                                Interrupt59_Handler
  199 00000098         Interrupt59_Handler
                               PROC
  200 00000098                 EXPORT           Interrupt59_Handler            
 [WEAK]
  201 00000098 E7FE            B                .
  202 0000009A                 ENDP
  279 0000009A                 Set_Default_Handler
                                                dsp_timer0_irq
  199 0000009A         dsp_timer0_irq
                               PROC
  200 0000009A                 EXPORT           dsp_timer0_irq             [WEA
K]
  201 0000009A E7FE            B                .
  202 0000009C                 ENDP
  280 0000009C                 Set_Default_Handler
                                                dsp_timer1_irq
  199 0000009C         dsp_timer1_irq
                               PROC
  200 0000009C                 EXPORT           dsp_timer1_irq             [WEA
K]
  201 0000009C E7FE            B                .
  202 0000009E                 ENDP
  281 0000009E                 Set_Default_Handler
                                                dsp_wdt_irq
  199 0000009E         dsp_wdt_irq
                               PROC
  200 0000009E                 EXPORT           dsp_wdt_irq             [WEAK]
  201 0000009E E7FE            B                .



ARM Macro Assembler    Page 15 


  202 000000A0                 ENDP
  282 000000A0                 Set_Default_Handler
                                                ipc_dsp_irq
  199 000000A0         ipc_dsp_irq
                               PROC
  200 000000A0                 EXPORT           ipc_dsp_irq             [WEAK]
  201 000000A0 E7FE            B                .
  202 000000A2                 ENDP
  283 000000A2                 Set_Default_Handler
                                                yuv2rgb_irq
  199 000000A2         yuv2rgb_irq
                               PROC
  200 000000A2                 EXPORT           yuv2rgb_irq             [WEAK]
  201 000000A2 E7FE            B                .
  202 000000A4                 ENDP
  284 000000A4                 Set_Default_Handler
                                                pmu_irq
  199 000000A4         pmu_irq PROC
  200 000000A4                 EXPORT           pmu_irq             [WEAK]
  201 000000A4 E7FE            B                .
  202 000000A6                 ENDP
  285 000000A6                 Set_Default_Handler
                                                pmu_lvd_irq
  199 000000A6         pmu_lvd_irq
                               PROC
  200 000000A6                 EXPORT           pmu_lvd_irq             [WEAK]
  201 000000A6 E7FE            B                .
  202 000000A8                 ENDP
  286 000000A8                 Set_Default_Handler
                                                pmu_acok_irq
  199 000000A8         pmu_acok_irq
                               PROC
  200 000000A8                 EXPORT           pmu_acok_irq             [WEAK]
  201 000000A8 E7FE            B                .
  202 000000AA                 ENDP
  287 000000AA                 Set_Default_Handler
                                                pmu_wdt_irq
  199 000000AA         pmu_wdt_irq
                               PROC
  200 000000AA                 EXPORT           pmu_wdt_irq             [WEAK]
  201 000000AA E7FE            B                .
  202 000000AC                 ENDP
  288 000000AC                 Set_Default_Handler
                                                gpioe_irq
  199 000000AC         gpioe_irq
                               PROC
  200 000000AC                 EXPORT           gpioe_irq             [WEAK]
  201 000000AC E7FE            B                .
  202 000000AE                 ENDP
  289 000000AE                 Set_Default_Handler
                                                can0_line0_irq
  199 000000AE         can0_line0_irq
                               PROC
  200 000000AE                 EXPORT           can0_line0_irq             [WEA
K]
  201 000000AE E7FE            B                .
  202 000000B0                 ENDP
  290 000000B0                 Set_Default_Handler
                                                can0_line1_irq



ARM Macro Assembler    Page 16 


  199 000000B0         can0_line1_irq
                               PROC
  200 000000B0                 EXPORT           can0_line1_irq             [WEA
K]
  201 000000B0 E7FE            B                .
  202 000000B2                 ENDP
  291 000000B2                 Set_Default_Handler
                                                can1_line0_irq
  199 000000B2         can1_line0_irq
                               PROC
  200 000000B2                 EXPORT           can1_line0_irq             [WEA
K]
  201 000000B2 E7FE            B                .
  202 000000B4                 ENDP
  292 000000B4                 Set_Default_Handler
                                                can1_line1_irq
  199 000000B4         can1_line1_irq
                               PROC
  200 000000B4                 EXPORT           can1_line1_irq             [WEA
K]
  201 000000B4 E7FE            B                .
  202 000000B6                 ENDP
  293 000000B6                 Set_Default_Handler
                                                can2_line0_irq
  199 000000B6         can2_line0_irq
                               PROC
  200 000000B6                 EXPORT           can2_line0_irq             [WEA
K]
  201 000000B6 E7FE            B                .
  202 000000B8                 ENDP
  294 000000B8                 Set_Default_Handler
                                                can2_line1_irq
  199 000000B8         can2_line1_irq
                               PROC
  200 000000B8                 EXPORT           can2_line1_irq             [WEA
K]
  201 000000B8 E7FE            B                .
  202 000000BA                 ENDP
  295 000000BA                 Set_Default_Handler
                                                can3_line0_irq
  199 000000BA         can3_line0_irq
                               PROC
  200 000000BA                 EXPORT           can3_line0_irq             [WEA
K]
  201 000000BA E7FE            B                .
  202 000000BC                 ENDP
  296 000000BC                 Set_Default_Handler
                                                can3_line1_irq
  199 000000BC         can3_line1_irq
                               PROC
  200 000000BC                 EXPORT           can3_line1_irq             [WEA
K]
  201 000000BC E7FE            B                .
  202 000000BE                 ENDP
  297 000000BE                 Set_Default_Handler
                                                Interrupt78_Handler
  199 000000BE         Interrupt78_Handler
                               PROC
  200 000000BE                 EXPORT           Interrupt78_Handler            



ARM Macro Assembler    Page 17 


 [WEAK]
  201 000000BE E7FE            B                .
  202 000000C0                 ENDP
  298 000000C0                 Set_Default_Handler
                                                pwm0_irq
  199 000000C0         pwm0_irq
                               PROC
  200 000000C0                 EXPORT           pwm0_irq             [WEAK]
  201 000000C0 E7FE            B                .
  202 000000C2                 ENDP
  299 000000C2                 Set_Default_Handler
                                                pwm1_irq
  199 000000C2         pwm1_irq
                               PROC
  200 000000C2                 EXPORT           pwm1_irq             [WEAK]
  201 000000C2 E7FE            B                .
  202 000000C4                 ENDP
  300 000000C4                 Set_Default_Handler
                                                timer4_irq
  199 000000C4         timer4_irq
                               PROC
  200 000000C4                 EXPORT           timer4_irq             [WEAK]
  201 000000C4 E7FE            B                .
  202 000000C6                 ENDP
  301 000000C6                 Set_Default_Handler
                                                timer5_irq
  199 000000C6         timer5_irq
                               PROC
  200 000000C6                 EXPORT           timer5_irq             [WEAK]
  201 000000C6 E7FE            B                .
  202 000000C8                 ENDP
  302 000000C8                 ALIGN
  303 000000C8         
  304 000000C8         
  305 000000C8         ; User setup Stack & Heap
  306 000000C8         
  307 000000C8                 IF               :DEF:__MICROLIB
  308 000000C8         
  309 000000C8                 EXPORT           __initial_sp
  310 000000C8                 EXPORT           __heap_base
  311 000000C8                 EXPORT           __heap_limit
  312 000000C8         
  313 000000C8                 ELSE
  328                          ENDIF
  329 000000C8         
  330 000000C8                 END
              00000000 
              00000000 
              00000000 
Command Line: --debug --xref --diag_suppress=9931,A1950W --cpu=Cortex-M33 --fpu
=FPv5-SP --depend=.\objects\startup_fr30xx.d -o.\objects\startup_fr30xx.o -I.\R
TE\_Project -ID:\softinstall\MDK_Pack\ARM\CMSIS\5.8.0\Device\ARM\ARMCM33\Includ
e --predefine="__MICROLIB SETA 1" --predefine="__UVISION_VERSION SETA 543" --pr
edefine="ARMCM33_DSP_FP SETA 1" --predefine="_RTE_ SETA 1" --list=.\listings\st
artup_fr30xx.lst ..\..\..\..\components\drivers\device\fr30xx\armcc\startup_fr3
0xx.s



ARM Macro Assembler    Page 1 Alphabetic symbol ordering
Relocatable symbols

STACK 00000000

Symbol: STACK
   Definitions
      At line 31 in file ..\..\..\..\components\drivers\device\fr30xx\armcc\sta
rtup_fr30xx.s
   Uses
      None
Comment: STACK unused
Stack_Mem 00000000

Symbol: Stack_Mem
   Definitions
      At line 33 in file ..\..\..\..\components\drivers\device\fr30xx\armcc\sta
rtup_fr30xx.s
   Uses
      None
Comment: Stack_Mem unused
__initial_sp 00001000

Symbol: __initial_sp
   Definitions
      At line 34 in file ..\..\..\..\components\drivers\device\fr30xx\armcc\sta
rtup_fr30xx.s
   Uses
      At line 62 in file ..\..\..\..\components\drivers\device\fr30xx\armcc\sta
rtup_fr30xx.s
      At line 309 in file ..\..\..\..\components\drivers\device\fr30xx\armcc\st
artup_fr30xx.s

__stack_limit 00000000

Symbol: __stack_limit
   Definitions
      At line 32 in file ..\..\..\..\components\drivers\device\fr30xx\armcc\sta
rtup_fr30xx.s
   Uses
      At line 184 in file ..\..\..\..\components\drivers\device\fr30xx\armcc\st
artup_fr30xx.s
Comment: __stack_limit used once
4 symbols



ARM Macro Assembler    Page 1 Alphabetic symbol ordering
Relocatable symbols

HEAP 00000000

Symbol: HEAP
   Definitions
      At line 44 in file ..\..\..\..\components\drivers\device\fr30xx\armcc\sta
rtup_fr30xx.s
   Uses
      None
Comment: HEAP unused
Heap_Mem 00000000

Symbol: Heap_Mem
   Definitions
      At line 46 in file ..\..\..\..\components\drivers\device\fr30xx\armcc\sta
rtup_fr30xx.s
   Uses
      None
Comment: Heap_Mem unused
__heap_base 00000000

Symbol: __heap_base
   Definitions
      At line 45 in file ..\..\..\..\components\drivers\device\fr30xx\armcc\sta
rtup_fr30xx.s
   Uses
      At line 310 in file ..\..\..\..\components\drivers\device\fr30xx\armcc\st
artup_fr30xx.s
Comment: __heap_base used once
__heap_limit 00001900

Symbol: __heap_limit
   Definitions
      At line 47 in file ..\..\..\..\components\drivers\device\fr30xx\armcc\sta
rtup_fr30xx.s
   Uses
      At line 311 in file ..\..\..\..\components\drivers\device\fr30xx\armcc\st
artup_fr30xx.s
Comment: __heap_limit used once
4 symbols



ARM Macro Assembler    Page 1 Alphabetic symbol ordering
Relocatable symbols

RESET 00000000

Symbol: RESET
   Definitions
      At line 57 in file ..\..\..\..\components\drivers\device\fr30xx\armcc\sta
rtup_fr30xx.s
   Uses
      None
Comment: RESET unused
__Vectors 00000000

Symbol: __Vectors
   Definitions
      At line 62 in file ..\..\..\..\components\drivers\device\fr30xx\armcc\sta
rtup_fr30xx.s
   Uses
      At line 58 in file ..\..\..\..\components\drivers\device\fr30xx\armcc\sta
rtup_fr30xx.s
      At line 172 in file ..\..\..\..\components\drivers\device\fr30xx\armcc\st
artup_fr30xx.s

__Vectors_End 00000198

Symbol: __Vectors_End
   Definitions
      At line 171 in file ..\..\..\..\components\drivers\device\fr30xx\armcc\st
artup_fr30xx.s
   Uses
      At line 59 in file ..\..\..\..\components\drivers\device\fr30xx\armcc\sta
rtup_fr30xx.s
      At line 172 in file ..\..\..\..\components\drivers\device\fr30xx\armcc\st
artup_fr30xx.s

3 symbols



ARM Macro Assembler    Page 1 Alphabetic symbol ordering
Relocatable symbols

.text 00000000

Symbol: .text
   Definitions
      At line 175 in file ..\..\..\..\components\drivers\device\fr30xx\armcc\st
artup_fr30xx.s
   Uses
      None
Comment: .text unused
BusFault_Handler 00000014

Symbol: BusFault_Handler
   Definitions
      At line 199 in macro Set_Default_Handler
      at line 211 in file ..\..\..\..\components\drivers\device\fr30xx\armcc\st
artup_fr30xx.s
   Uses
      At line 67 in file ..\..\..\..\components\drivers\device\fr30xx\armcc\sta
rtup_fr30xx.s
      At line 200 in macro Set_Default_Handler
      at line 211 in file ..\..\..\..\components\drivers\device\fr30xx\armcc\st
artup_fr30xx.s

DebugMon_Handler 0000001C

Symbol: DebugMon_Handler
   Definitions
      At line 199 in macro Set_Default_Handler
      at line 215 in file ..\..\..\..\components\drivers\device\fr30xx\armcc\st
artup_fr30xx.s
   Uses
      At line 74 in file ..\..\..\..\components\drivers\device\fr30xx\armcc\sta
rtup_fr30xx.s
      At line 200 in macro Set_Default_Handler
      at line 215 in file ..\..\..\..\components\drivers\device\fr30xx\armcc\st
artup_fr30xx.s

HardFault_Handler 00000010

Symbol: HardFault_Handler
   Definitions
      At line 199 in macro Set_Default_Handler
      at line 209 in file ..\..\..\..\components\drivers\device\fr30xx\armcc\st
artup_fr30xx.s
   Uses
      At line 65 in file ..\..\..\..\components\drivers\device\fr30xx\armcc\sta
rtup_fr30xx.s
      At line 200 in macro Set_Default_Handler
      at line 209 in file ..\..\..\..\components\drivers\device\fr30xx\armcc\st
artup_fr30xx.s

Interrupt10_Handler 00000036

Symbol: Interrupt10_Handler
   Definitions
      At line 199 in macro Set_Default_Handler
      at line 229 in file ..\..\..\..\components\drivers\device\fr30xx\armcc\st
artup_fr30xx.s
   Uses



ARM Macro Assembler    Page 2 Alphabetic symbol ordering
Relocatable symbols

      At line 90 in file ..\..\..\..\components\drivers\device\fr30xx\armcc\sta
rtup_fr30xx.s
      At line 200 in macro Set_Default_Handler
      at line 229 in file ..\..\..\..\components\drivers\device\fr30xx\armcc\st
artup_fr30xx.s

Interrupt11_Handler 00000038

Symbol: Interrupt11_Handler
   Definitions
      At line 199 in macro Set_Default_Handler
      at line 230 in file ..\..\..\..\components\drivers\device\fr30xx\armcc\st
artup_fr30xx.s
   Uses
      At line 91 in file ..\..\..\..\components\drivers\device\fr30xx\armcc\sta
rtup_fr30xx.s
      At line 200 in macro Set_Default_Handler
      at line 230 in file ..\..\..\..\components\drivers\device\fr30xx\armcc\st
artup_fr30xx.s

Interrupt12_Handler 0000003A

Symbol: Interrupt12_Handler
   Definitions
      At line 199 in macro Set_Default_Handler
      at line 231 in file ..\..\..\..\components\drivers\device\fr30xx\armcc\st
artup_fr30xx.s
   Uses
      At line 92 in file ..\..\..\..\components\drivers\device\fr30xx\armcc\sta
rtup_fr30xx.s
      At line 200 in macro Set_Default_Handler
      at line 231 in file ..\..\..\..\components\drivers\device\fr30xx\armcc\st
artup_fr30xx.s

Interrupt13_Handler 0000003C

Symbol: Interrupt13_Handler
   Definitions
      At line 199 in macro Set_Default_Handler
      at line 232 in file ..\..\..\..\components\drivers\device\fr30xx\armcc\st
artup_fr30xx.s
   Uses
      At line 93 in file ..\..\..\..\components\drivers\device\fr30xx\armcc\sta
rtup_fr30xx.s
      At line 200 in macro Set_Default_Handler
      at line 232 in file ..\..\..\..\components\drivers\device\fr30xx\armcc\st
artup_fr30xx.s

Interrupt14_Handler 0000003E

Symbol: Interrupt14_Handler
   Definitions
      At line 199 in macro Set_Default_Handler
      at line 233 in file ..\..\..\..\components\drivers\device\fr30xx\armcc\st
artup_fr30xx.s
   Uses
      At line 94 in file ..\..\..\..\components\drivers\device\fr30xx\armcc\sta
rtup_fr30xx.s
      At line 200 in macro Set_Default_Handler



ARM Macro Assembler    Page 3 Alphabetic symbol ordering
Relocatable symbols

      at line 233 in file ..\..\..\..\components\drivers\device\fr30xx\armcc\st
artup_fr30xx.s

Interrupt15_Handler 00000040

Symbol: Interrupt15_Handler
   Definitions
      At line 199 in macro Set_Default_Handler
      at line 234 in file ..\..\..\..\components\drivers\device\fr30xx\armcc\st
artup_fr30xx.s
   Uses
      At line 95 in file ..\..\..\..\components\drivers\device\fr30xx\armcc\sta
rtup_fr30xx.s
      At line 200 in macro Set_Default_Handler
      at line 234 in file ..\..\..\..\components\drivers\device\fr30xx\armcc\st
artup_fr30xx.s

Interrupt27_Handler 00000058

Symbol: Interrupt27_Handler
   Definitions
      At line 199 in macro Set_Default_Handler
      at line 246 in file ..\..\..\..\components\drivers\device\fr30xx\armcc\st
artup_fr30xx.s
   Uses
      At line 107 in file ..\..\..\..\components\drivers\device\fr30xx\armcc\st
artup_fr30xx.s
      At line 200 in macro Set_Default_Handler
      at line 246 in file ..\..\..\..\components\drivers\device\fr30xx\armcc\st
artup_fr30xx.s

Interrupt29_Handler 0000005C

Symbol: Interrupt29_Handler
   Definitions
      At line 199 in macro Set_Default_Handler
      at line 248 in file ..\..\..\..\components\drivers\device\fr30xx\armcc\st
artup_fr30xx.s
   Uses
      At line 109 in file ..\..\..\..\components\drivers\device\fr30xx\armcc\st
artup_fr30xx.s
      At line 200 in macro Set_Default_Handler
      at line 248 in file ..\..\..\..\components\drivers\device\fr30xx\armcc\st
artup_fr30xx.s

Interrupt31_Handler 00000060

Symbol: Interrupt31_Handler
   Definitions
      At line 199 in macro Set_Default_Handler
      at line 250 in file ..\..\..\..\components\drivers\device\fr30xx\armcc\st
artup_fr30xx.s
   Uses
      At line 111 in file ..\..\..\..\components\drivers\device\fr30xx\armcc\st
artup_fr30xx.s
      At line 200 in macro Set_Default_Handler
      at line 250 in file ..\..\..\..\components\drivers\device\fr30xx\armcc\st
artup_fr30xx.s




ARM Macro Assembler    Page 4 Alphabetic symbol ordering
Relocatable symbols

Interrupt34_Handler 00000066

Symbol: Interrupt34_Handler
   Definitions
      At line 199 in macro Set_Default_Handler
      at line 253 in file ..\..\..\..\components\drivers\device\fr30xx\armcc\st
artup_fr30xx.s
   Uses
      At line 114 in file ..\..\..\..\components\drivers\device\fr30xx\armcc\st
artup_fr30xx.s
      At line 200 in macro Set_Default_Handler
      at line 253 in file ..\..\..\..\components\drivers\device\fr30xx\armcc\st
artup_fr30xx.s

Interrupt41_Handler 00000074

Symbol: Interrupt41_Handler
   Definitions
      At line 199 in macro Set_Default_Handler
      at line 260 in file ..\..\..\..\components\drivers\device\fr30xx\armcc\st
artup_fr30xx.s
   Uses
      At line 121 in file ..\..\..\..\components\drivers\device\fr30xx\armcc\st
artup_fr30xx.s
      At line 200 in macro Set_Default_Handler
      at line 260 in file ..\..\..\..\components\drivers\device\fr30xx\armcc\st
artup_fr30xx.s

Interrupt44_Handler 0000007A

Symbol: Interrupt44_Handler
   Definitions
      At line 199 in macro Set_Default_Handler
      at line 263 in file ..\..\..\..\components\drivers\device\fr30xx\armcc\st
artup_fr30xx.s
   Uses
      At line 124 in file ..\..\..\..\components\drivers\device\fr30xx\armcc\st
artup_fr30xx.s
      At line 200 in macro Set_Default_Handler
      at line 263 in file ..\..\..\..\components\drivers\device\fr30xx\armcc\st
artup_fr30xx.s

Interrupt48_Handler 00000082

Symbol: Interrupt48_Handler
   Definitions
      At line 199 in macro Set_Default_Handler
      at line 267 in file ..\..\..\..\components\drivers\device\fr30xx\armcc\st
artup_fr30xx.s
   Uses
      At line 128 in file ..\..\..\..\components\drivers\device\fr30xx\armcc\st
artup_fr30xx.s
      At line 200 in macro Set_Default_Handler
      at line 267 in file ..\..\..\..\components\drivers\device\fr30xx\armcc\st
artup_fr30xx.s

Interrupt49_Handler 00000084

Symbol: Interrupt49_Handler



ARM Macro Assembler    Page 5 Alphabetic symbol ordering
Relocatable symbols

   Definitions
      At line 199 in macro Set_Default_Handler
      at line 268 in file ..\..\..\..\components\drivers\device\fr30xx\armcc\st
artup_fr30xx.s
   Uses
      At line 129 in file ..\..\..\..\components\drivers\device\fr30xx\armcc\st
artup_fr30xx.s
      At line 200 in macro Set_Default_Handler
      at line 268 in file ..\..\..\..\components\drivers\device\fr30xx\armcc\st
artup_fr30xx.s

Interrupt50_Handler 00000086

Symbol: Interrupt50_Handler
   Definitions
      At line 199 in macro Set_Default_Handler
      at line 269 in file ..\..\..\..\components\drivers\device\fr30xx\armcc\st
artup_fr30xx.s
   Uses
      At line 130 in file ..\..\..\..\components\drivers\device\fr30xx\armcc\st
artup_fr30xx.s
      At line 200 in macro Set_Default_Handler
      at line 269 in file ..\..\..\..\components\drivers\device\fr30xx\armcc\st
artup_fr30xx.s

Interrupt56_Handler 00000092

Symbol: Interrupt56_Handler
   Definitions
      At line 199 in macro Set_Default_Handler
      at line 275 in file ..\..\..\..\components\drivers\device\fr30xx\armcc\st
artup_fr30xx.s
   Uses
      At line 136 in file ..\..\..\..\components\drivers\device\fr30xx\armcc\st
artup_fr30xx.s
      At line 200 in macro Set_Default_Handler
      at line 275 in file ..\..\..\..\components\drivers\device\fr30xx\armcc\st
artup_fr30xx.s

Interrupt57_Handler 00000094

Symbol: Interrupt57_Handler
   Definitions
      At line 199 in macro Set_Default_Handler
      at line 276 in file ..\..\..\..\components\drivers\device\fr30xx\armcc\st
artup_fr30xx.s
   Uses
      At line 137 in file ..\..\..\..\components\drivers\device\fr30xx\armcc\st
artup_fr30xx.s
      At line 200 in macro Set_Default_Handler
      at line 276 in file ..\..\..\..\components\drivers\device\fr30xx\armcc\st
artup_fr30xx.s

Interrupt58_Handler 00000096

Symbol: Interrupt58_Handler
   Definitions
      At line 199 in macro Set_Default_Handler
      at line 277 in file ..\..\..\..\components\drivers\device\fr30xx\armcc\st



ARM Macro Assembler    Page 6 Alphabetic symbol ordering
Relocatable symbols

artup_fr30xx.s
   Uses
      At line 138 in file ..\..\..\..\components\drivers\device\fr30xx\armcc\st
artup_fr30xx.s
      At line 200 in macro Set_Default_Handler
      at line 277 in file ..\..\..\..\components\drivers\device\fr30xx\armcc\st
artup_fr30xx.s

Interrupt59_Handler 00000098

Symbol: Interrupt59_Handler
   Definitions
      At line 199 in macro Set_Default_Handler
      at line 278 in file ..\..\..\..\components\drivers\device\fr30xx\armcc\st
artup_fr30xx.s
   Uses
      At line 139 in file ..\..\..\..\components\drivers\device\fr30xx\armcc\st
artup_fr30xx.s
      At line 200 in macro Set_Default_Handler
      at line 278 in file ..\..\..\..\components\drivers\device\fr30xx\armcc\st
artup_fr30xx.s

Interrupt78_Handler 000000BE

Symbol: Interrupt78_Handler
   Definitions
      At line 199 in macro Set_Default_Handler
      at line 297 in file ..\..\..\..\components\drivers\device\fr30xx\armcc\st
artup_fr30xx.s
   Uses
      At line 158 in file ..\..\..\..\components\drivers\device\fr30xx\armcc\st
artup_fr30xx.s
      At line 200 in macro Set_Default_Handler
      at line 297 in file ..\..\..\..\components\drivers\device\fr30xx\armcc\st
artup_fr30xx.s

Interrupt7_Handler 00000030

Symbol: Interrupt7_Handler
   Definitions
      At line 199 in macro Set_Default_Handler
      at line 226 in file ..\..\..\..\components\drivers\device\fr30xx\armcc\st
artup_fr30xx.s
   Uses
      At line 87 in file ..\..\..\..\components\drivers\device\fr30xx\armcc\sta
rtup_fr30xx.s
      At line 200 in macro Set_Default_Handler
      at line 226 in file ..\..\..\..\components\drivers\device\fr30xx\armcc\st
artup_fr30xx.s

MemManage_Handler 00000012

Symbol: MemManage_Handler
   Definitions
      At line 199 in macro Set_Default_Handler
      at line 210 in file ..\..\..\..\components\drivers\device\fr30xx\armcc\st
artup_fr30xx.s
   Uses
      At line 66 in file ..\..\..\..\components\drivers\device\fr30xx\armcc\sta



ARM Macro Assembler    Page 7 Alphabetic symbol ordering
Relocatable symbols

rtup_fr30xx.s
      At line 200 in macro Set_Default_Handler
      at line 210 in file ..\..\..\..\components\drivers\device\fr30xx\armcc\st
artup_fr30xx.s

NMI_Handler 0000000E

Symbol: NMI_Handler
   Definitions
      At line 199 in macro Set_Default_Handler
      at line 208 in file ..\..\..\..\components\drivers\device\fr30xx\armcc\st
artup_fr30xx.s
   Uses
      At line 64 in file ..\..\..\..\components\drivers\device\fr30xx\armcc\sta
rtup_fr30xx.s
      At line 200 in macro Set_Default_Handler
      at line 208 in file ..\..\..\..\components\drivers\device\fr30xx\armcc\st
artup_fr30xx.s

PendSV_Handler 0000001E

Symbol: PendSV_Handler
   Definitions
      At line 199 in macro Set_Default_Handler
      at line 216 in file ..\..\..\..\components\drivers\device\fr30xx\armcc\st
artup_fr30xx.s
   Uses
      At line 76 in file ..\..\..\..\components\drivers\device\fr30xx\armcc\sta
rtup_fr30xx.s
      At line 200 in macro Set_Default_Handler
      at line 216 in file ..\..\..\..\components\drivers\device\fr30xx\armcc\st
artup_fr30xx.s

Reset_Handler 00000000

Symbol: Reset_Handler
   Definitions
      At line 179 in file ..\..\..\..\components\drivers\device\fr30xx\armcc\st
artup_fr30xx.s
   Uses
      At line 63 in file ..\..\..\..\components\drivers\device\fr30xx\armcc\sta
rtup_fr30xx.s
      At line 180 in file ..\..\..\..\components\drivers\device\fr30xx\armcc\st
artup_fr30xx.s

SVC_Handler 0000001A

Symbol: SVC_Handler
   Definitions
      At line 199 in macro Set_Default_Handler
      at line 214 in file ..\..\..\..\components\drivers\device\fr30xx\armcc\st
artup_fr30xx.s
   Uses
      At line 73 in file ..\..\..\..\components\drivers\device\fr30xx\armcc\sta
rtup_fr30xx.s
      At line 200 in macro Set_Default_Handler
      at line 214 in file ..\..\..\..\components\drivers\device\fr30xx\armcc\st
artup_fr30xx.s




ARM Macro Assembler    Page 8 Alphabetic symbol ordering
Relocatable symbols

SecureFault_Handler 00000018

Symbol: SecureFault_Handler
   Definitions
      At line 199 in macro Set_Default_Handler
      at line 213 in file ..\..\..\..\components\drivers\device\fr30xx\armcc\st
artup_fr30xx.s
   Uses
      At line 69 in file ..\..\..\..\components\drivers\device\fr30xx\armcc\sta
rtup_fr30xx.s
      At line 200 in macro Set_Default_Handler
      at line 213 in file ..\..\..\..\components\drivers\device\fr30xx\armcc\st
artup_fr30xx.s

SysTick_Handler 00000020

Symbol: SysTick_Handler
   Definitions
      At line 199 in macro Set_Default_Handler
      at line 217 in file ..\..\..\..\components\drivers\device\fr30xx\armcc\st
artup_fr30xx.s
   Uses
      At line 77 in file ..\..\..\..\components\drivers\device\fr30xx\armcc\sta
rtup_fr30xx.s
      At line 200 in macro Set_Default_Handler
      at line 217 in file ..\..\..\..\components\drivers\device\fr30xx\armcc\st
artup_fr30xx.s

UsageFault_Handler 00000016

Symbol: UsageFault_Handler
   Definitions
      At line 199 in macro Set_Default_Handler
      at line 212 in file ..\..\..\..\components\drivers\device\fr30xx\armcc\st
artup_fr30xx.s
   Uses
      At line 68 in file ..\..\..\..\components\drivers\device\fr30xx\armcc\sta
rtup_fr30xx.s
      At line 200 in macro Set_Default_Handler
      at line 212 in file ..\..\..\..\components\drivers\device\fr30xx\armcc\st
artup_fr30xx.s

cali_irq 0000008C

Symbol: cali_irq
   Definitions
      At line 199 in macro Set_Default_Handler
      at line 272 in file ..\..\..\..\components\drivers\device\fr30xx\armcc\st
artup_fr30xx.s
   Uses
      At line 133 in file ..\..\..\..\components\drivers\device\fr30xx\armcc\st
artup_fr30xx.s
      At line 200 in macro Set_Default_Handler
      at line 272 in file ..\..\..\..\components\drivers\device\fr30xx\armcc\st
artup_fr30xx.s

can0_line0_irq 000000AE

Symbol: can0_line0_irq



ARM Macro Assembler    Page 9 Alphabetic symbol ordering
Relocatable symbols

   Definitions
      At line 199 in macro Set_Default_Handler
      at line 289 in file ..\..\..\..\components\drivers\device\fr30xx\armcc\st
artup_fr30xx.s
   Uses
      At line 150 in file ..\..\..\..\components\drivers\device\fr30xx\armcc\st
artup_fr30xx.s
      At line 200 in macro Set_Default_Handler
      at line 289 in file ..\..\..\..\components\drivers\device\fr30xx\armcc\st
artup_fr30xx.s

can0_line1_irq 000000B0

Symbol: can0_line1_irq
   Definitions
      At line 199 in macro Set_Default_Handler
      at line 290 in file ..\..\..\..\components\drivers\device\fr30xx\armcc\st
artup_fr30xx.s
   Uses
      At line 151 in file ..\..\..\..\components\drivers\device\fr30xx\armcc\st
artup_fr30xx.s
      At line 200 in macro Set_Default_Handler
      at line 290 in file ..\..\..\..\components\drivers\device\fr30xx\armcc\st
artup_fr30xx.s

can1_line0_irq 000000B2

Symbol: can1_line0_irq
   Definitions
      At line 199 in macro Set_Default_Handler
      at line 291 in file ..\..\..\..\components\drivers\device\fr30xx\armcc\st
artup_fr30xx.s
   Uses
      At line 152 in file ..\..\..\..\components\drivers\device\fr30xx\armcc\st
artup_fr30xx.s
      At line 200 in macro Set_Default_Handler
      at line 291 in file ..\..\..\..\components\drivers\device\fr30xx\armcc\st
artup_fr30xx.s

can1_line1_irq 000000B4

Symbol: can1_line1_irq
   Definitions
      At line 199 in macro Set_Default_Handler
      at line 292 in file ..\..\..\..\components\drivers\device\fr30xx\armcc\st
artup_fr30xx.s
   Uses
      At line 153 in file ..\..\..\..\components\drivers\device\fr30xx\armcc\st
artup_fr30xx.s
      At line 200 in macro Set_Default_Handler
      at line 292 in file ..\..\..\..\components\drivers\device\fr30xx\armcc\st
artup_fr30xx.s

can2_line0_irq 000000B6

Symbol: can2_line0_irq
   Definitions
      At line 199 in macro Set_Default_Handler
      at line 293 in file ..\..\..\..\components\drivers\device\fr30xx\armcc\st



ARM Macro Assembler    Page 10 Alphabetic symbol ordering
Relocatable symbols

artup_fr30xx.s
   Uses
      At line 154 in file ..\..\..\..\components\drivers\device\fr30xx\armcc\st
artup_fr30xx.s
      At line 200 in macro Set_Default_Handler
      at line 293 in file ..\..\..\..\components\drivers\device\fr30xx\armcc\st
artup_fr30xx.s

can2_line1_irq 000000B8

Symbol: can2_line1_irq
   Definitions
      At line 199 in macro Set_Default_Handler
      at line 294 in file ..\..\..\..\components\drivers\device\fr30xx\armcc\st
artup_fr30xx.s
   Uses
      At line 155 in file ..\..\..\..\components\drivers\device\fr30xx\armcc\st
artup_fr30xx.s
      At line 200 in macro Set_Default_Handler
      at line 294 in file ..\..\..\..\components\drivers\device\fr30xx\armcc\st
artup_fr30xx.s

can3_line0_irq 000000BA

Symbol: can3_line0_irq
   Definitions
      At line 199 in macro Set_Default_Handler
      at line 295 in file ..\..\..\..\components\drivers\device\fr30xx\armcc\st
artup_fr30xx.s
   Uses
      At line 156 in file ..\..\..\..\components\drivers\device\fr30xx\armcc\st
artup_fr30xx.s
      At line 200 in macro Set_Default_Handler
      at line 295 in file ..\..\..\..\components\drivers\device\fr30xx\armcc\st
artup_fr30xx.s

can3_line1_irq 000000BC

Symbol: can3_line1_irq
   Definitions
      At line 199 in macro Set_Default_Handler
      at line 296 in file ..\..\..\..\components\drivers\device\fr30xx\armcc\st
artup_fr30xx.s
   Uses
      At line 157 in file ..\..\..\..\components\drivers\device\fr30xx\armcc\st
artup_fr30xx.s
      At line 200 in macro Set_Default_Handler
      at line 296 in file ..\..\..\..\components\drivers\device\fr30xx\armcc\st
artup_fr30xx.s

dma0_irq 0000002A

Symbol: dma0_irq
   Definitions
      At line 199 in macro Set_Default_Handler
      at line 223 in file ..\..\..\..\components\drivers\device\fr30xx\armcc\st
artup_fr30xx.s
   Uses
      At line 84 in file ..\..\..\..\components\drivers\device\fr30xx\armcc\sta



ARM Macro Assembler    Page 11 Alphabetic symbol ordering
Relocatable symbols

rtup_fr30xx.s
      At line 200 in macro Set_Default_Handler
      at line 223 in file ..\..\..\..\components\drivers\device\fr30xx\armcc\st
artup_fr30xx.s

dma1_irq 0000002C

Symbol: dma1_irq
   Definitions
      At line 199 in macro Set_Default_Handler
      at line 224 in file ..\..\..\..\components\drivers\device\fr30xx\armcc\st
artup_fr30xx.s
   Uses
      At line 85 in file ..\..\..\..\components\drivers\device\fr30xx\armcc\sta
rtup_fr30xx.s
      At line 200 in macro Set_Default_Handler
      at line 224 in file ..\..\..\..\components\drivers\device\fr30xx\armcc\st
artup_fr30xx.s

dsp_timer0_irq 0000009A

Symbol: dsp_timer0_irq
   Definitions
      At line 199 in macro Set_Default_Handler
      at line 279 in file ..\..\..\..\components\drivers\device\fr30xx\armcc\st
artup_fr30xx.s
   Uses
      At line 140 in file ..\..\..\..\components\drivers\device\fr30xx\armcc\st
artup_fr30xx.s
      At line 200 in macro Set_Default_Handler
      at line 279 in file ..\..\..\..\components\drivers\device\fr30xx\armcc\st
artup_fr30xx.s

dsp_timer1_irq 0000009C

Symbol: dsp_timer1_irq
   Definitions
      At line 199 in macro Set_Default_Handler
      at line 280 in file ..\..\..\..\components\drivers\device\fr30xx\armcc\st
artup_fr30xx.s
   Uses
      At line 141 in file ..\..\..\..\components\drivers\device\fr30xx\armcc\st
artup_fr30xx.s
      At line 200 in macro Set_Default_Handler
      at line 280 in file ..\..\..\..\components\drivers\device\fr30xx\armcc\st
artup_fr30xx.s

dsp_wdt_irq 0000009E

Symbol: dsp_wdt_irq
   Definitions
      At line 199 in macro Set_Default_Handler
      at line 281 in file ..\..\..\..\components\drivers\device\fr30xx\armcc\st
artup_fr30xx.s
   Uses
      At line 142 in file ..\..\..\..\components\drivers\device\fr30xx\armcc\st
artup_fr30xx.s
      At line 200 in macro Set_Default_Handler
      at line 281 in file ..\..\..\..\components\drivers\device\fr30xx\armcc\st



ARM Macro Assembler    Page 12 Alphabetic symbol ordering
Relocatable symbols

artup_fr30xx.s

gpioa_irq 00000042

Symbol: gpioa_irq
   Definitions
      At line 199 in macro Set_Default_Handler
      at line 235 in file ..\..\..\..\components\drivers\device\fr30xx\armcc\st
artup_fr30xx.s
   Uses
      At line 96 in file ..\..\..\..\components\drivers\device\fr30xx\armcc\sta
rtup_fr30xx.s
      At line 200 in macro Set_Default_Handler
      at line 235 in file ..\..\..\..\components\drivers\device\fr30xx\armcc\st
artup_fr30xx.s

gpiob_irq 00000044

Symbol: gpiob_irq
   Definitions
      At line 199 in macro Set_Default_Handler
      at line 236 in file ..\..\..\..\components\drivers\device\fr30xx\armcc\st
artup_fr30xx.s
   Uses
      At line 97 in file ..\..\..\..\components\drivers\device\fr30xx\armcc\sta
rtup_fr30xx.s
      At line 200 in macro Set_Default_Handler
      at line 236 in file ..\..\..\..\components\drivers\device\fr30xx\armcc\st
artup_fr30xx.s

gpioc_irq 00000046

Symbol: gpioc_irq
   Definitions
      At line 199 in macro Set_Default_Handler
      at line 237 in file ..\..\..\..\components\drivers\device\fr30xx\armcc\st
artup_fr30xx.s
   Uses
      At line 98 in file ..\..\..\..\components\drivers\device\fr30xx\armcc\sta
rtup_fr30xx.s
      At line 200 in macro Set_Default_Handler
      at line 237 in file ..\..\..\..\components\drivers\device\fr30xx\armcc\st
artup_fr30xx.s

gpiod_irq 00000048

Symbol: gpiod_irq
   Definitions
      At line 199 in macro Set_Default_Handler
      at line 238 in file ..\..\..\..\components\drivers\device\fr30xx\armcc\st
artup_fr30xx.s
   Uses
      At line 99 in file ..\..\..\..\components\drivers\device\fr30xx\armcc\sta
rtup_fr30xx.s
      At line 200 in macro Set_Default_Handler
      at line 238 in file ..\..\..\..\components\drivers\device\fr30xx\armcc\st
artup_fr30xx.s

gpioe_irq 000000AC



ARM Macro Assembler    Page 13 Alphabetic symbol ordering
Relocatable symbols


Symbol: gpioe_irq
   Definitions
      At line 199 in macro Set_Default_Handler
      at line 288 in file ..\..\..\..\components\drivers\device\fr30xx\armcc\st
artup_fr30xx.s
   Uses
      At line 149 in file ..\..\..\..\components\drivers\device\fr30xx\armcc\st
artup_fr30xx.s
      At line 200 in macro Set_Default_Handler
      at line 288 in file ..\..\..\..\components\drivers\device\fr30xx\armcc\st
artup_fr30xx.s

i2c0_irq 00000056

Symbol: i2c0_irq
   Definitions
      At line 199 in macro Set_Default_Handler
      at line 245 in file ..\..\..\..\components\drivers\device\fr30xx\armcc\st
artup_fr30xx.s
   Uses
      At line 106 in file ..\..\..\..\components\drivers\device\fr30xx\armcc\st
artup_fr30xx.s
      At line 200 in macro Set_Default_Handler
      at line 245 in file ..\..\..\..\components\drivers\device\fr30xx\armcc\st
artup_fr30xx.s

i2c1_irq 0000005A

Symbol: i2c1_irq
   Definitions
      At line 199 in macro Set_Default_Handler
      at line 247 in file ..\..\..\..\components\drivers\device\fr30xx\armcc\st
artup_fr30xx.s
   Uses
      At line 108 in file ..\..\..\..\components\drivers\device\fr30xx\armcc\st
artup_fr30xx.s
      At line 200 in macro Set_Default_Handler
      at line 247 in file ..\..\..\..\components\drivers\device\fr30xx\armcc\st
artup_fr30xx.s

i2c2_irq 0000005E

Symbol: i2c2_irq
   Definitions
      At line 199 in macro Set_Default_Handler
      at line 249 in file ..\..\..\..\components\drivers\device\fr30xx\armcc\st
artup_fr30xx.s
   Uses
      At line 110 in file ..\..\..\..\components\drivers\device\fr30xx\armcc\st
artup_fr30xx.s
      At line 200 in macro Set_Default_Handler
      at line 249 in file ..\..\..\..\components\drivers\device\fr30xx\armcc\st
artup_fr30xx.s

i2s0_irq 00000070

Symbol: i2s0_irq
   Definitions



ARM Macro Assembler    Page 14 Alphabetic symbol ordering
Relocatable symbols

      At line 199 in macro Set_Default_Handler
      at line 258 in file ..\..\..\..\components\drivers\device\fr30xx\armcc\st
artup_fr30xx.s
   Uses
      At line 119 in file ..\..\..\..\components\drivers\device\fr30xx\armcc\st
artup_fr30xx.s
      At line 200 in macro Set_Default_Handler
      at line 258 in file ..\..\..\..\components\drivers\device\fr30xx\armcc\st
artup_fr30xx.s

i2s1_irq 00000072

Symbol: i2s1_irq
   Definitions
      At line 199 in macro Set_Default_Handler
      at line 259 in file ..\..\..\..\components\drivers\device\fr30xx\armcc\st
artup_fr30xx.s
   Uses
      At line 120 in file ..\..\..\..\components\drivers\device\fr30xx\armcc\st
artup_fr30xx.s
      At line 200 in macro Set_Default_Handler
      at line 259 in file ..\..\..\..\components\drivers\device\fr30xx\armcc\st
artup_fr30xx.s

ipc_dsp_irq 000000A0

Symbol: ipc_dsp_irq
   Definitions
      At line 199 in macro Set_Default_Handler
      at line 282 in file ..\..\..\..\components\drivers\device\fr30xx\armcc\st
artup_fr30xx.s
   Uses
      At line 143 in file ..\..\..\..\components\drivers\device\fr30xx\armcc\st
artup_fr30xx.s
      At line 200 in macro Set_Default_Handler
      at line 282 in file ..\..\..\..\components\drivers\device\fr30xx\armcc\st
artup_fr30xx.s

ipc_mcu_irq 00000032

Symbol: ipc_mcu_irq
   Definitions
      At line 199 in macro Set_Default_Handler
      at line 227 in file ..\..\..\..\components\drivers\device\fr30xx\armcc\st
artup_fr30xx.s
   Uses
      At line 88 in file ..\..\..\..\components\drivers\device\fr30xx\armcc\sta
rtup_fr30xx.s
      At line 200 in macro Set_Default_Handler
      at line 227 in file ..\..\..\..\components\drivers\device\fr30xx\armcc\st
artup_fr30xx.s

parallel0_irq 00000088

Symbol: parallel0_irq
   Definitions
      At line 199 in macro Set_Default_Handler
      at line 270 in file ..\..\..\..\components\drivers\device\fr30xx\armcc\st
artup_fr30xx.s



ARM Macro Assembler    Page 15 Alphabetic symbol ordering
Relocatable symbols

   Uses
      At line 131 in file ..\..\..\..\components\drivers\device\fr30xx\armcc\st
artup_fr30xx.s
      At line 200 in macro Set_Default_Handler
      at line 270 in file ..\..\..\..\components\drivers\device\fr30xx\armcc\st
artup_fr30xx.s

pdm0_irq 00000076

Symbol: pdm0_irq
   Definitions
      At line 199 in macro Set_Default_Handler
      at line 261 in file ..\..\..\..\components\drivers\device\fr30xx\armcc\st
artup_fr30xx.s
   Uses
      At line 122 in file ..\..\..\..\components\drivers\device\fr30xx\armcc\st
artup_fr30xx.s
      At line 200 in macro Set_Default_Handler
      at line 261 in file ..\..\..\..\components\drivers\device\fr30xx\armcc\st
artup_fr30xx.s

pdm1_irq 00000078

Symbol: pdm1_irq
   Definitions
      At line 199 in macro Set_Default_Handler
      at line 262 in file ..\..\..\..\components\drivers\device\fr30xx\armcc\st
artup_fr30xx.s
   Uses
      At line 123 in file ..\..\..\..\components\drivers\device\fr30xx\armcc\st
artup_fr30xx.s
      At line 200 in macro Set_Default_Handler
      at line 262 in file ..\..\..\..\components\drivers\device\fr30xx\armcc\st
artup_fr30xx.s

pmu_acok_irq 000000A8

Symbol: pmu_acok_irq
   Definitions
      At line 199 in macro Set_Default_Handler
      at line 286 in file ..\..\..\..\components\drivers\device\fr30xx\armcc\st
artup_fr30xx.s
   Uses
      At line 147 in file ..\..\..\..\components\drivers\device\fr30xx\armcc\st
artup_fr30xx.s
      At line 200 in macro Set_Default_Handler
      at line 286 in file ..\..\..\..\components\drivers\device\fr30xx\armcc\st
artup_fr30xx.s

pmu_irq 000000A4

Symbol: pmu_irq
   Definitions
      At line 199 in macro Set_Default_Handler
      at line 284 in file ..\..\..\..\components\drivers\device\fr30xx\armcc\st
artup_fr30xx.s
   Uses
      At line 145 in file ..\..\..\..\components\drivers\device\fr30xx\armcc\st
artup_fr30xx.s



ARM Macro Assembler    Page 16 Alphabetic symbol ordering
Relocatable symbols

      At line 200 in macro Set_Default_Handler
      at line 284 in file ..\..\..\..\components\drivers\device\fr30xx\armcc\st
artup_fr30xx.s

pmu_lvd_irq 000000A6

Symbol: pmu_lvd_irq
   Definitions
      At line 199 in macro Set_Default_Handler
      at line 285 in file ..\..\..\..\components\drivers\device\fr30xx\armcc\st
artup_fr30xx.s
   Uses
      At line 146 in file ..\..\..\..\components\drivers\device\fr30xx\armcc\st
artup_fr30xx.s
      At line 200 in macro Set_Default_Handler
      at line 285 in file ..\..\..\..\components\drivers\device\fr30xx\armcc\st
artup_fr30xx.s

pmu_wdt_irq 000000AA

Symbol: pmu_wdt_irq
   Definitions
      At line 199 in macro Set_Default_Handler
      at line 287 in file ..\..\..\..\components\drivers\device\fr30xx\armcc\st
artup_fr30xx.s
   Uses
      At line 148 in file ..\..\..\..\components\drivers\device\fr30xx\armcc\st
artup_fr30xx.s
      At line 200 in macro Set_Default_Handler
      at line 287 in file ..\..\..\..\components\drivers\device\fr30xx\armcc\st
artup_fr30xx.s

psd_dac_irq 0000007E

Symbol: psd_dac_irq
   Definitions
      At line 199 in macro Set_Default_Handler
      at line 265 in file ..\..\..\..\components\drivers\device\fr30xx\armcc\st
artup_fr30xx.s
   Uses
      At line 126 in file ..\..\..\..\components\drivers\device\fr30xx\armcc\st
artup_fr30xx.s
      At line 200 in macro Set_Default_Handler
      at line 265 in file ..\..\..\..\components\drivers\device\fr30xx\armcc\st
artup_fr30xx.s

pwm0_irq 000000C0

Symbol: pwm0_irq
   Definitions
      At line 199 in macro Set_Default_Handler
      at line 298 in file ..\..\..\..\components\drivers\device\fr30xx\armcc\st
artup_fr30xx.s
   Uses
      At line 159 in file ..\..\..\..\components\drivers\device\fr30xx\armcc\st
artup_fr30xx.s
      At line 200 in macro Set_Default_Handler
      at line 298 in file ..\..\..\..\components\drivers\device\fr30xx\armcc\st
artup_fr30xx.s



ARM Macro Assembler    Page 17 Alphabetic symbol ordering
Relocatable symbols


pwm1_irq 000000C2

Symbol: pwm1_irq
   Definitions
      At line 199 in macro Set_Default_Handler
      at line 299 in file ..\..\..\..\components\drivers\device\fr30xx\armcc\st
artup_fr30xx.s
   Uses
      At line 160 in file ..\..\..\..\components\drivers\device\fr30xx\armcc\st
artup_fr30xx.s
      At line 200 in macro Set_Default_Handler
      at line 299 in file ..\..\..\..\components\drivers\device\fr30xx\armcc\st
artup_fr30xx.s

saradc_irq 0000007C

Symbol: saradc_irq
   Definitions
      At line 199 in macro Set_Default_Handler
      at line 264 in file ..\..\..\..\components\drivers\device\fr30xx\armcc\st
artup_fr30xx.s
   Uses
      At line 125 in file ..\..\..\..\components\drivers\device\fr30xx\armcc\st
artup_fr30xx.s
      At line 200 in macro Set_Default_Handler
      at line 264 in file ..\..\..\..\components\drivers\device\fr30xx\armcc\st
artup_fr30xx.s

sdioh0_irq 0000002E

Symbol: sdioh0_irq
   Definitions
      At line 199 in macro Set_Default_Handler
      at line 225 in file ..\..\..\..\components\drivers\device\fr30xx\armcc\st
artup_fr30xx.s
   Uses
      At line 86 in file ..\..\..\..\components\drivers\device\fr30xx\armcc\sta
rtup_fr30xx.s
      At line 200 in macro Set_Default_Handler
      at line 225 in file ..\..\..\..\components\drivers\device\fr30xx\armcc\st
artup_fr30xx.s

spdif_irq 00000080

Symbol: spdif_irq
   Definitions
      At line 199 in macro Set_Default_Handler
      at line 266 in file ..\..\..\..\components\drivers\device\fr30xx\armcc\st
artup_fr30xx.s
   Uses
      At line 127 in file ..\..\..\..\components\drivers\device\fr30xx\armcc\st
artup_fr30xx.s
      At line 200 in macro Set_Default_Handler
      at line 266 in file ..\..\..\..\components\drivers\device\fr30xx\armcc\st
artup_fr30xx.s

spim0_irq 00000062




ARM Macro Assembler    Page 18 Alphabetic symbol ordering
Relocatable symbols

Symbol: spim0_irq
   Definitions
      At line 199 in macro Set_Default_Handler
      at line 251 in file ..\..\..\..\components\drivers\device\fr30xx\armcc\st
artup_fr30xx.s
   Uses
      At line 112 in file ..\..\..\..\components\drivers\device\fr30xx\armcc\st
artup_fr30xx.s
      At line 200 in macro Set_Default_Handler
      at line 251 in file ..\..\..\..\components\drivers\device\fr30xx\armcc\st
artup_fr30xx.s

spim1_irq 00000064

Symbol: spim1_irq
   Definitions
      At line 199 in macro Set_Default_Handler
      at line 252 in file ..\..\..\..\components\drivers\device\fr30xx\armcc\st
artup_fr30xx.s
   Uses
      At line 113 in file ..\..\..\..\components\drivers\device\fr30xx\armcc\st
artup_fr30xx.s
      At line 200 in macro Set_Default_Handler
      at line 252 in file ..\..\..\..\components\drivers\device\fr30xx\armcc\st
artup_fr30xx.s

spimx8_0_irq 0000006C

Symbol: spimx8_0_irq
   Definitions
      At line 199 in macro Set_Default_Handler
      at line 256 in file ..\..\..\..\components\drivers\device\fr30xx\armcc\st
artup_fr30xx.s
   Uses
      At line 117 in file ..\..\..\..\components\drivers\device\fr30xx\armcc\st
artup_fr30xx.s
      At line 200 in macro Set_Default_Handler
      at line 256 in file ..\..\..\..\components\drivers\device\fr30xx\armcc\st
artup_fr30xx.s

spimx8_1_irq 0000006E

Symbol: spimx8_1_irq
   Definitions
      At line 199 in macro Set_Default_Handler
      at line 257 in file ..\..\..\..\components\drivers\device\fr30xx\armcc\st
artup_fr30xx.s
   Uses
      At line 118 in file ..\..\..\..\components\drivers\device\fr30xx\armcc\st
artup_fr30xx.s
      At line 200 in macro Set_Default_Handler
      at line 257 in file ..\..\..\..\components\drivers\device\fr30xx\armcc\st
artup_fr30xx.s

spis0_irq 00000068

Symbol: spis0_irq
   Definitions
      At line 199 in macro Set_Default_Handler



ARM Macro Assembler    Page 19 Alphabetic symbol ordering
Relocatable symbols

      at line 254 in file ..\..\..\..\components\drivers\device\fr30xx\armcc\st
artup_fr30xx.s
   Uses
      At line 115 in file ..\..\..\..\components\drivers\device\fr30xx\armcc\st
artup_fr30xx.s
      At line 200 in macro Set_Default_Handler
      at line 254 in file ..\..\..\..\components\drivers\device\fr30xx\armcc\st
artup_fr30xx.s

spis1_irq 0000006A

Symbol: spis1_irq
   Definitions
      At line 199 in macro Set_Default_Handler
      at line 255 in file ..\..\..\..\components\drivers\device\fr30xx\armcc\st
artup_fr30xx.s
   Uses
      At line 116 in file ..\..\..\..\components\drivers\device\fr30xx\armcc\st
artup_fr30xx.s
      At line 200 in macro Set_Default_Handler
      at line 255 in file ..\..\..\..\components\drivers\device\fr30xx\armcc\st
artup_fr30xx.s

tick_irq 00000090

Symbol: tick_irq
   Definitions
      At line 199 in macro Set_Default_Handler
      at line 274 in file ..\..\..\..\components\drivers\device\fr30xx\armcc\st
artup_fr30xx.s
   Uses
      At line 135 in file ..\..\..\..\components\drivers\device\fr30xx\armcc\st
artup_fr30xx.s
      At line 200 in macro Set_Default_Handler
      at line 274 in file ..\..\..\..\components\drivers\device\fr30xx\armcc\st
artup_fr30xx.s

timer0_irq 00000022

Symbol: timer0_irq
   Definitions
      At line 199 in macro Set_Default_Handler
      at line 219 in file ..\..\..\..\components\drivers\device\fr30xx\armcc\st
artup_fr30xx.s
   Uses
      At line 80 in file ..\..\..\..\components\drivers\device\fr30xx\armcc\sta
rtup_fr30xx.s
      At line 200 in macro Set_Default_Handler
      at line 219 in file ..\..\..\..\components\drivers\device\fr30xx\armcc\st
artup_fr30xx.s

timer1_irq 00000024

Symbol: timer1_irq
   Definitions
      At line 199 in macro Set_Default_Handler
      at line 220 in file ..\..\..\..\components\drivers\device\fr30xx\armcc\st
artup_fr30xx.s
   Uses



ARM Macro Assembler    Page 20 Alphabetic symbol ordering
Relocatable symbols

      At line 81 in file ..\..\..\..\components\drivers\device\fr30xx\armcc\sta
rtup_fr30xx.s
      At line 200 in macro Set_Default_Handler
      at line 220 in file ..\..\..\..\components\drivers\device\fr30xx\armcc\st
artup_fr30xx.s

timer2_irq 00000026

Symbol: timer2_irq
   Definitions
      At line 199 in macro Set_Default_Handler
      at line 221 in file ..\..\..\..\components\drivers\device\fr30xx\armcc\st
artup_fr30xx.s
   Uses
      At line 82 in file ..\..\..\..\components\drivers\device\fr30xx\armcc\sta
rtup_fr30xx.s
      At line 200 in macro Set_Default_Handler
      at line 221 in file ..\..\..\..\components\drivers\device\fr30xx\armcc\st
artup_fr30xx.s

timer3_irq 00000028

Symbol: timer3_irq
   Definitions
      At line 199 in macro Set_Default_Handler
      at line 222 in file ..\..\..\..\components\drivers\device\fr30xx\armcc\st
artup_fr30xx.s
   Uses
      At line 83 in file ..\..\..\..\components\drivers\device\fr30xx\armcc\sta
rtup_fr30xx.s
      At line 200 in macro Set_Default_Handler
      at line 222 in file ..\..\..\..\components\drivers\device\fr30xx\armcc\st
artup_fr30xx.s

timer4_irq 000000C4

Symbol: timer4_irq
   Definitions
      At line 199 in macro Set_Default_Handler
      at line 300 in file ..\..\..\..\components\drivers\device\fr30xx\armcc\st
artup_fr30xx.s
   Uses
      At line 161 in file ..\..\..\..\components\drivers\device\fr30xx\armcc\st
artup_fr30xx.s
      At line 200 in macro Set_Default_Handler
      at line 300 in file ..\..\..\..\components\drivers\device\fr30xx\armcc\st
artup_fr30xx.s

timer5_irq 000000C6

Symbol: timer5_irq
   Definitions
      At line 199 in macro Set_Default_Handler
      at line 301 in file ..\..\..\..\components\drivers\device\fr30xx\armcc\st
artup_fr30xx.s
   Uses
      At line 162 in file ..\..\..\..\components\drivers\device\fr30xx\armcc\st
artup_fr30xx.s
      At line 200 in macro Set_Default_Handler



ARM Macro Assembler    Page 21 Alphabetic symbol ordering
Relocatable symbols

      at line 301 in file ..\..\..\..\components\drivers\device\fr30xx\armcc\st
artup_fr30xx.s

trng_irq 0000008E

Symbol: trng_irq
   Definitions
      At line 199 in macro Set_Default_Handler
      at line 273 in file ..\..\..\..\components\drivers\device\fr30xx\armcc\st
artup_fr30xx.s
   Uses
      At line 134 in file ..\..\..\..\components\drivers\device\fr30xx\armcc\st
artup_fr30xx.s
      At line 200 in macro Set_Default_Handler
      at line 273 in file ..\..\..\..\components\drivers\device\fr30xx\armcc\st
artup_fr30xx.s

uart0_irq 0000004A

Symbol: uart0_irq
   Definitions
      At line 199 in macro Set_Default_Handler
      at line 239 in file ..\..\..\..\components\drivers\device\fr30xx\armcc\st
artup_fr30xx.s
   Uses
      At line 100 in file ..\..\..\..\components\drivers\device\fr30xx\armcc\st
artup_fr30xx.s
      At line 200 in macro Set_Default_Handler
      at line 239 in file ..\..\..\..\components\drivers\device\fr30xx\armcc\st
artup_fr30xx.s

uart1_irq 0000004C

Symbol: uart1_irq
   Definitions
      At line 199 in macro Set_Default_Handler
      at line 240 in file ..\..\..\..\components\drivers\device\fr30xx\armcc\st
artup_fr30xx.s
   Uses
      At line 101 in file ..\..\..\..\components\drivers\device\fr30xx\armcc\st
artup_fr30xx.s
      At line 200 in macro Set_Default_Handler
      at line 240 in file ..\..\..\..\components\drivers\device\fr30xx\armcc\st
artup_fr30xx.s

uart2_irq 0000004E

Symbol: uart2_irq
   Definitions
      At line 199 in macro Set_Default_Handler
      at line 241 in file ..\..\..\..\components\drivers\device\fr30xx\armcc\st
artup_fr30xx.s
   Uses
      At line 102 in file ..\..\..\..\components\drivers\device\fr30xx\armcc\st
artup_fr30xx.s
      At line 200 in macro Set_Default_Handler
      at line 241 in file ..\..\..\..\components\drivers\device\fr30xx\armcc\st
artup_fr30xx.s




ARM Macro Assembler    Page 22 Alphabetic symbol ordering
Relocatable symbols

uart3_irq 00000050

Symbol: uart3_irq
   Definitions
      At line 199 in macro Set_Default_Handler
      at line 242 in file ..\..\..\..\components\drivers\device\fr30xx\armcc\st
artup_fr30xx.s
   Uses
      At line 103 in file ..\..\..\..\components\drivers\device\fr30xx\armcc\st
artup_fr30xx.s
      At line 200 in macro Set_Default_Handler
      at line 242 in file ..\..\..\..\components\drivers\device\fr30xx\armcc\st
artup_fr30xx.s

uart4_irq 00000052

Symbol: uart4_irq
   Definitions
      At line 199 in macro Set_Default_Handler
      at line 243 in file ..\..\..\..\components\drivers\device\fr30xx\armcc\st
artup_fr30xx.s
   Uses
      At line 104 in file ..\..\..\..\components\drivers\device\fr30xx\armcc\st
artup_fr30xx.s
      At line 200 in macro Set_Default_Handler
      at line 243 in file ..\..\..\..\components\drivers\device\fr30xx\armcc\st
artup_fr30xx.s

uart5_irq 00000054

Symbol: uart5_irq
   Definitions
      At line 199 in macro Set_Default_Handler
      at line 244 in file ..\..\..\..\components\drivers\device\fr30xx\armcc\st
artup_fr30xx.s
   Uses
      At line 105 in file ..\..\..\..\components\drivers\device\fr30xx\armcc\st
artup_fr30xx.s
      At line 200 in macro Set_Default_Handler
      at line 244 in file ..\..\..\..\components\drivers\device\fr30xx\armcc\st
artup_fr30xx.s

usbotg_irq 00000034

Symbol: usbotg_irq
   Definitions
      At line 199 in macro Set_Default_Handler
      at line 228 in file ..\..\..\..\components\drivers\device\fr30xx\armcc\st
artup_fr30xx.s
   Uses
      At line 89 in file ..\..\..\..\components\drivers\device\fr30xx\armcc\sta
rtup_fr30xx.s
      At line 200 in macro Set_Default_Handler
      at line 228 in file ..\..\..\..\components\drivers\device\fr30xx\armcc\st
artup_fr30xx.s

wdt_irq 0000008A

Symbol: wdt_irq



ARM Macro Assembler    Page 23 Alphabetic symbol ordering
Relocatable symbols

   Definitions
      At line 199 in macro Set_Default_Handler
      at line 271 in file ..\..\..\..\components\drivers\device\fr30xx\armcc\st
artup_fr30xx.s
   Uses
      At line 132 in file ..\..\..\..\components\drivers\device\fr30xx\armcc\st
artup_fr30xx.s
      At line 200 in macro Set_Default_Handler
      at line 271 in file ..\..\..\..\components\drivers\device\fr30xx\armcc\st
artup_fr30xx.s

yuv2rgb_irq 000000A2

Symbol: yuv2rgb_irq
   Definitions
      At line 199 in macro Set_Default_Handler
      at line 283 in file ..\..\..\..\components\drivers\device\fr30xx\armcc\st
artup_fr30xx.s
   Uses
      At line 144 in file ..\..\..\..\components\drivers\device\fr30xx\armcc\st
artup_fr30xx.s
      At line 200 in macro Set_Default_Handler
      at line 283 in file ..\..\..\..\components\drivers\device\fr30xx\armcc\st
artup_fr30xx.s

95 symbols



ARM Macro Assembler    Page 1 Alphabetic symbol ordering
Absolute symbols

Heap_Size 00001900

Symbol: Heap_Size
   Definitions
      At line 41 in file ..\..\..\..\components\drivers\device\fr30xx\armcc\sta
rtup_fr30xx.s
   Uses
      At line 43 in file ..\..\..\..\components\drivers\device\fr30xx\armcc\sta
rtup_fr30xx.s
      At line 46 in file ..\..\..\..\components\drivers\device\fr30xx\armcc\sta
rtup_fr30xx.s

Stack_Size 00001000

Symbol: Stack_Size
   Definitions
      At line 29 in file ..\..\..\..\components\drivers\device\fr30xx\armcc\sta
rtup_fr30xx.s
   Uses
      At line 33 in file ..\..\..\..\components\drivers\device\fr30xx\armcc\sta
rtup_fr30xx.s
Comment: Stack_Size used once
__Vectors_Size 00000198

Symbol: __Vectors_Size
   Definitions
      At line 172 in file ..\..\..\..\components\drivers\device\fr30xx\armcc\st
artup_fr30xx.s
   Uses
      At line 60 in file ..\..\..\..\components\drivers\device\fr30xx\armcc\sta
rtup_fr30xx.s
Comment: __Vectors_Size used once
3 symbols



ARM Macro Assembler    Page 1 Alphabetic symbol ordering
External symbols

SystemInit 00000000

Symbol: SystemInit
   Definitions
      At line 181 in file ..\..\..\..\components\drivers\device\fr30xx\armcc\st
artup_fr30xx.s
   Uses
      At line 187 in file ..\..\..\..\components\drivers\device\fr30xx\armcc\st
artup_fr30xx.s
Comment: SystemInit used once
__main 00000000

Symbol: __main
   Definitions
      At line 182 in file ..\..\..\..\components\drivers\device\fr30xx\armcc\st
artup_fr30xx.s
   Uses
      At line 189 in file ..\..\..\..\components\drivers\device\fr30xx\armcc\st
artup_fr30xx.s
Comment: __main used once
2 symbols
448 symbols in table
